image_id,scene_cluster
img_000005,5355
img_000006,5924
img_000007,2
img_000009,3
img_000010,4
img_000011,6086
img_000012,6246
img_000013,7
img_000014,8
img_000015,6112
img_000017,10
img_000019,4959
img_000021,12
img_000023,13
img_000024,3759
img_000025,15
img_000026,4758
img_000027,6153
img_000028,5848
img_000029,6448
img_000031,20
img_000032,21
img_000033,4874
img_000034,6112
img_000035,24
img_000036,4097
img_000037,26
img_000038,5713
img_000039,5818
img_000040,29
img_000041,5856
img_000043,6112
img_000045,6153
img_000046,33
img_000047,34
img_000048,5561
img_000049,36
img_000050,37
img_000051,4115
img_000052,5887
img_000053,6210
img_000054,6028
img_000055,42
img_000056,4097
img_000057,44
img_000059,45
img_000062,6268
img_000063,47
img_000064,48
img_000065,5452
img_000067,4003
img_000068,51
img_000069,52
img_000070,6377
img_000071,54
img_000072,55
img_000073,56
img_000074,57
img_000076,2478
img_000078,59
img_000079,5869
img_000080,61
img_000081,62
img_000083,5945
img_000084,64
img_000085,6405
img_000086,66
img_000087,67
img_000088,68
img_000090,69
img_000091,4621
img_000092,2732
img_000097,72
img_000099,73
img_000101,74
img_000102,6210
img_000103,76
img_000104,6405
img_000105,78
img_000108,6448
img_000109,6448
img_000110,81
img_000111,82
img_000113,83
img_000116,5386
img_000117,5355
img_000118,6210
img_000119,87
img_000120,88
img_000121,4115
img_000122,90
img_000123,6333
img_000124,92
img_000125,4806
img_000126,94
img_000127,5355
img_000128,96
img_000129,6133
img_000130,2778
img_000132,99
img_000133,213
img_000134,101
img_000135,6153
img_000138,6448
img_000139,4757
img_000140,105
img_000142,106
img_000143,107
img_000145,3626
img_000146,5441
img_000147,6112
img_000148,4764
img_000149,112
img_000150,2529
img_000151,4461
img_000152,115
img_000153,116
img_000154,117
img_000156,118
img_000157,119
img_000158,120
img_000160,4803
img_000161,5607
img_000162,123
img_000164,124
img_000165,125
img_000166,5818
img_000167,127
img_000168,4052
img_000169,5713
img_000171,130
img_000172,4175
img_000173,132
img_000175,133
img_000176,5713
img_000177,4764
img_000178,136
img_000179,5063
img_000180,138
img_000181,3263
img_000183,6313
img_000184,5992
img_000185,142
img_000186,143
img_000187,144
img_000188,145
img_000189,146
img_000190,4125
img_000192,148
img_000194,5234
img_000195,150
img_000197,5751
img_000199,152
img_000200,2534
img_000201,154
img_000202,155
img_000204,5254
img_000205,157
img_000206,158
img_000207,6112
img_000212,5596
img_000213,2140
img_000214,162
img_000215,5907
img_000216,4888
img_000217,4621
img_000218,166
img_000220,167
img_000221,2608
img_000222,169
img_000223,170
img_000225,5355
img_000226,172
img_000227,173
img_000228,3484
img_000229,175
img_000231,176
img_000232,177
img_000233,178
img_000234,179
img_000235,180
img_000237,181
img_000239,182
img_000241,183
img_000242,184
img_000243,6296
img_000244,186
img_000245,187
img_000247,5607
img_000248,189
img_000249,190
img_000250,6112
img_000251,5772
img_000255,6024
img_000257,4689
img_000258,5351
img_000260,5945
img_000261,197
img_000263,198
img_000264,199
img_000266,200
img_000268,6134
img_000269,6183
img_000270,203
img_000271,6028
img_000274,3504
img_000276,5126
img_000277,207
img_000278,208
img_000279,209
img_000280,3132
img_000281,211
img_000283,5184
img_000284,213
img_000285,214
img_000287,3572
img_000288,216
img_000289,4410
img_000290,218
img_000291,4507
img_000295,220
img_000296,5713
img_000297,222
img_000298,223
img_000299,224
img_000300,225
img_000301,6412
img_000302,227
img_000303,228
img_000304,229
img_000305,6079
img_000306,231
img_000307,6405
img_000309,4011
img_000310,5713
img_000312,235
img_000313,607
img_000314,5150
img_000319,238
img_000322,2795
img_000323,240
img_000324,6403
img_000327,6134
img_000328,3132
img_000329,5854
img_000330,245
img_000331,246
img_000332,247
img_000333,248
img_000334,249
img_000335,250
img_000337,6428
img_000339,4764
img_000340,6164
img_000342,6183
img_000343,255
img_000344,256
img_000345,257
img_000346,258
img_000347,259
img_000349,260
img_000350,6405
img_000353,262
img_000354,2921
img_000355,264
img_000359,265
img_000360,266
img_000361,6210
img_000362,268
img_000363,269
img_000364,6448
img_000365,271
img_000367,272
img_000368,6079
img_000369,4461
img_000370,6210
img_000371,6210
img_000373,6210
img_000374,6405
img_000376,6112
img_000377,6447
img_000378,6112
img_000379,282
img_000380,2020
img_000381,284
img_000382,285
img_000383,286
img_000384,4320
img_000386,288
img_000387,289
img_000390,4428
img_000391,291
img_000392,6153
img_000393,6183
img_000394,6405
img_000396,6448
img_000397,3623
img_000398,297
img_000399,298
img_000400,299
img_000402,1735
img_000404,6296
img_000405,5887
img_000406,4071
img_000407,3626
img_000408,6079
img_000409,306
img_000411,5848
img_000412,308
img_000413,309
img_000414,310
img_000416,1709
img_000417,312
img_000418,6134
img_000419,4115
img_000420,3489
img_000421,316
img_000422,317
img_000423,318
img_000424,6448
img_000425,1535
img_000426,321
img_000427,6210
img_000428,323
img_000429,6386
img_000430,5234
img_000431,3262
img_000432,327
img_000433,328
img_000434,329
img_000435,6210
img_000436,331
img_000439,332
img_000441,6210
img_000442,6153
img_000445,2840
img_000446,6210
img_000448,337
img_000449,6079
img_000450,6195
img_000451,340
img_000452,341
img_000453,6112
img_000454,343
img_000455,3801
img_000456,5607
img_000457,346
img_000458,4115
img_000459,5379
img_000460,349
img_000461,2978
img_000462,6383
img_000463,352
img_000465,6153
img_000466,3837
img_000467,5751
img_000468,5306
img_000469,5713
img_000470,2171
img_000472,359
img_000473,360
img_000474,361
img_000475,6405
img_000477,6079
img_000478,6412
img_000481,365
img_000482,366
img_000484,367
img_000485,368
img_000486,369
img_000487,6024
img_000488,371
img_000489,1534
img_000490,6405
img_000491,374
img_000493,375
img_000494,5306
img_000495,377
img_000497,378
img_000498,379
img_000499,380
img_000500,381
img_000501,382
img_000504,6112
img_000505,6153
img_000506,385
img_000507,723
img_000510,387
img_000511,6079
img_000512,389
img_000513,4584
img_000514,5396
img_000515,392
img_000516,393
img_000517,394
img_000518,395
img_000519,396
img_000523,4978
img_000524,398
img_000525,809
img_000526,400
img_000528,5414
img_000529,402
img_000530,6050
img_000532,5045
img_000533,6210
img_000534,406
img_000536,5269
img_000537,4563
img_000538,409
img_000539,410
img_000541,5818
img_000543,412
img_000545,2558
img_000546,6313
img_000547,415
img_000548,5607
img_000550,6379
img_000551,1810
img_000553,419
img_000555,2962
img_000556,421
img_000557,422
img_000558,5854
img_000559,6014
img_000560,425
img_000562,5752
img_000563,5621
img_000564,428
img_000565,429
img_000566,430
img_000567,431
img_000568,432
img_000569,433
img_000570,434
img_000571,3910
img_000572,436
img_000573,1692
img_000574,6210
img_000575,439
img_000576,440
img_000577,441
img_000578,6323
img_000579,443
img_000581,444
img_000582,445
img_000584,4647
img_000585,447
img_000587,448
img_000588,6270
img_000590,450
img_000591,451
img_000592,452
img_000593,453
img_000594,692
img_000595,6227
img_000596,456
img_000597,6296
img_000598,6210
img_000599,459
img_000600,6293
img_000601,461
img_000602,6153
img_000603,463
img_000604,5824
img_000605,465
img_000606,5607
img_000607,2444
img_000608,4828
img_000609,6405
img_000611,5223
img_000614,471
img_000619,6405
img_000620,5241
img_000623,3812
img_000624,475
img_000627,6112
img_000628,4830
img_000629,478
img_000631,479
img_000632,480
img_000634,481
img_000635,482
img_000636,483
img_000638,484
img_000639,6112
img_000640,5686
img_000641,5752
img_000642,488
img_000643,6412
img_000644,490
img_000645,491
img_000647,492
img_000648,6086
img_000649,494
img_000650,6379
img_000651,6088
img_000652,497
img_000653,4055
img_000654,499
img_000656,6143
img_000657,6268
img_000659,5147
img_000660,5452
img_000661,504
img_000662,505
img_000663,506
img_000664,5400
img_000665,508
img_000666,509
img_000667,510
img_000668,2475
img_000669,5355
img_000670,513
img_000672,514
img_000673,6153
img_000674,865
img_000677,517
img_000679,518
img_000681,519
img_000682,520
img_000683,521
img_000684,6149
img_000685,5379
img_000686,6455
img_000687,525
img_000688,5363
img_000690,5509
img_000691,528
img_000693,529
img_000694,5607
img_000695,531
img_000696,532
img_000697,6405
img_000698,534
img_000700,535
img_000701,4383
img_000702,537
img_000703,6183
img_000704,539
img_000705,540
img_000706,5770
img_000707,3885
img_000708,5045
img_000709,5607
img_000710,545
img_000711,6153
img_000712,2510
img_000713,548
img_000714,3179
img_000716,6028
img_000717,607
img_000720,5686
img_000721,6405
img_000722,554
img_000725,6112
img_000726,6405
img_000727,3910
img_000728,558
img_000731,559
img_000732,5917
img_000734,561
img_000735,4918
img_000737,563
img_000740,5887
img_000741,5887
img_000742,566
img_000743,1041
img_000745,6210
img_000746,569
img_000747,5588
img_000749,571
img_000750,6227
img_000751,6023
img_000752,5204
img_000753,575
img_000754,576
img_000755,6210
img_000756,4130
img_000757,6112
img_000758,580
img_000759,581
img_000760,2540
img_000761,6405
img_000763,5607
img_000765,585
img_000767,586
img_000768,587
img_000770,588
img_000771,780
img_000772,590
img_000773,3813
img_000774,592
img_000775,3117
img_000776,5818
img_000777,5876
img_000778,6446
img_000780,597
img_000781,5355
img_000783,599
img_000785,4187
img_000786,6405
img_000788,5607
img_000790,603
img_000791,604
img_000792,4920
img_000793,6134
img_000794,607
img_000795,6310
img_000796,609
img_000797,610
img_000798,6244
img_000799,612
img_000800,5792
img_000802,614
img_000803,615
img_000805,2133
img_000807,2026
img_000808,6405
img_000811,619
img_000812,4530
img_000815,621
img_000816,622
img_000818,623
img_000819,5030
img_000820,625
img_000821,3484
img_000822,4383
img_000823,5818
img_000824,629
img_000825,6405
img_000826,631
img_000827,632
img_000829,633
img_000830,6455
img_000832,635
img_000833,636
img_000834,637
img_000835,4828
img_000838,4747
img_000839,5713
img_000840,4115
img_000842,642
img_000843,643
img_000844,2694
img_000845,645
img_000846,646
img_000847,6405
img_000848,648
img_000850,6210
img_000851,650
img_000852,4461
img_000853,652
img_000854,6326
img_000856,654
img_000857,655
img_000859,656
img_000862,6364
img_000863,4334
img_000864,6210
img_000865,6448
img_000866,2950
img_000868,5652
img_000869,663
img_000871,6079
img_000872,665
img_000873,3521
img_000875,6037
img_000877,3782
img_000879,732
img_000880,6153
img_000882,671
img_000883,5182
img_000885,673
img_000886,5912
img_000887,675
img_000888,5782
img_000889,677
img_000891,4052
img_000892,6183
img_000893,6377
img_000894,681
img_000895,5422
img_000897,683
img_000898,2475
img_000899,6369
img_000901,686
img_000904,687
img_000905,688
img_000907,5607
img_000908,690
img_000910,4558
img_000911,692
img_000912,693
img_000913,694
img_000914,695
img_000915,696
img_000916,5818
img_000918,2116
img_000919,699
img_000920,700
img_000921,701
img_000922,4219
img_000923,703
img_000928,704
img_000929,6379
img_000931,6210
img_000932,707
img_000933,5270
img_000934,709
img_000935,710
img_000936,6088
img_000937,712
img_000938,6210
img_000939,5772
img_000940,6079
img_000941,716
img_000942,5610
img_000943,5204
img_000944,3504
img_000945,5522
img_000946,721
img_000948,5272
img_000949,723
img_000953,6023
img_000954,6357
img_000955,6134
img_000956,727
img_000957,728
img_000958,5792
img_000959,730
img_000960,4055
img_000961,732
img_000962,4042
img_000963,734
img_000964,6179
img_000965,736
img_000967,737
img_000968,3815
img_000969,4803
img_000970,740
img_000971,741
img_000973,742
img_000974,743
img_000975,6079
img_000976,5030
img_000977,6112
img_000978,747
img_000979,748
img_000980,749
img_000981,750
img_000982,751
img_000983,2292
img_000984,753
img_000985,754
img_000986,755
img_000988,5523
img_000990,4115
img_000991,758
img_000992,759
img_000993,760
img_000997,761
img_000999,6112
img_001001,5355
img_001002,5241
img_001003,6405
img_001004,766
img_001005,767
img_001006,768
img_001008,6153
img_001009,6369
img_001010,771
img_001012,772
img_001013,773
img_001015,5621
img_001016,775
img_001017,5887
img_001019,777
img_001020,778
img_001023,6183
img_001025,780
img_001026,781
img_001028,782
img_001030,783
img_001031,784
img_001033,785
img_001034,786
img_001035,787
img_001036,6112
img_001037,789
img_001038,790
img_001039,6064
img_001040,6198
img_001041,6210
img_001042,5621
img_001043,795
img_001044,3078
img_001045,797
img_001047,1465
img_001049,799
img_001050,800
img_001052,5871
img_001056,802
img_001057,803
img_001058,804
img_001060,6405
img_001061,5400
img_001065,6419
img_001066,808
img_001067,809
img_001069,810
img_001070,811
img_001072,4015
img_001073,5270
img_001074,6183
img_001076,4461
img_001079,3459
img_001080,817
img_001081,6153
img_001082,5241
img_001083,3431
img_001085,821
img_001086,822
img_001087,823
img_001088,824
img_001089,5607
img_001092,826
img_001096,6210
img_001098,6183
img_001099,829
img_001101,5363
img_001103,831
img_001104,5444
img_001105,833
img_001106,6153
img_001107,835
img_001108,836
img_001109,6112
img_001110,838
img_001112,4410
img_001113,840
img_001114,841
img_001115,842
img_001116,5751
img_001117,844
img_001118,845
img_001120,6246
img_001121,5355
img_001122,5607
img_001123,1630
img_001124,6112
img_001125,851
img_001126,852
img_001127,853
img_001128,6405
img_001129,4239
img_001131,6079
img_001132,6210
img_001133,6448
img_001136,2978
img_001137,5501
img_001139,6112
img_001140,6210
img_001142,863
img_001143,864
img_001145,865
img_001146,4764
img_001149,867
img_001150,868
img_001151,869
img_001152,4461
img_001153,871
img_001154,4920
img_001155,6377
img_001157,5935
img_001158,5887
img_001159,5270
img_001161,877
img_001162,6377
img_001163,879
img_001164,880
img_001165,881
img_001167,3117
img_001168,5056
img_001169,884
img_001170,2546
img_001171,886
img_001172,887
img_001173,888
img_001174,4530
img_001175,5887
img_001176,891
img_001177,892
img_001180,6134
img_001181,894
img_001182,895
img_001183,5467
img_001184,897
img_001185,898
img_001188,899
img_001189,5617
img_001191,3267
img_001192,6112
img_001193,5607
img_001195,904
img_001196,2801
img_001197,3076
img_001198,907
img_001201,3487
img_001202,5887
img_001204,910
img_001205,3072
img_001207,3944
img_001209,913
img_001210,5871
img_001212,5887
img_001213,916
img_001214,2060
img_001217,5453
img_001218,919
img_001220,920
img_001221,6079
img_001224,6383
img_001225,923
img_001226,5523
img_001228,925
img_001229,926
img_001231,927
img_001232,5270
img_001233,929
img_001234,4029
img_001236,931
img_001237,932
img_001238,5270
img_001240,934
img_001241,935
img_001242,4882
img_001243,937
img_001244,5522
img_001245,6448
img_001246,940
img_001247,6244
img_001248,942
img_001249,3797
img_001250,944
img_001251,6448
img_001252,946
img_001253,6268
img_001254,6210
img_001255,949
img_001256,2883
img_001257,5621
img_001258,952
img_001259,953
img_001260,954
img_001261,955
img_001262,3267
img_001264,6030
img_001265,5379
img_001266,5441
img_001270,6259
img_001271,961
img_001272,962
img_001273,2694
img_001274,964
img_001275,1307
img_001276,2123
img_001277,967
img_001278,1337
img_001279,6112
img_001280,5441
img_001281,971
img_001283,972
img_001284,973
img_001285,974
img_001286,975
img_001287,976
img_001288,6364
img_001289,978
img_001292,6134
img_001293,980
img_001295,6112
img_001296,982
img_001297,983
img_001298,984
img_001300,6153
img_001301,5818
img_001302,5204
img_001304,988
img_001305,6028
img_001306,990
img_001307,5044
img_001308,992
img_001309,993
img_001310,994
img_001311,995
img_001315,996
img_001316,6112
img_001317,1965
img_001318,999
img_001319,6112
img_001320,1001
img_001321,1002
img_001322,1003
img_001324,6436
img_001325,1005
img_001327,5441
img_001328,6403
img_001330,5973
img_001331,2838
img_001333,1010
img_001334,5750
img_001339,1012
img_001340,1013
img_001341,5789
img_001342,5787
img_001344,1016
img_001345,1017
img_001346,1018
img_001347,6023
img_001348,4558
img_001349,6195
img_001350,1022
img_001351,5621
img_001352,5355
img_001353,4757
img_001354,1026
img_001356,1027
img_001358,1028
img_001359,6112
img_001360,1030
img_001362,1031
img_001363,6455
img_001364,5234
img_001367,1654
img_001369,1035
img_001370,1036
img_001374,1037
img_001375,5887
img_001376,6112
img_001377,1040
img_001378,1041
img_001379,1042
img_001381,1043
img_001384,6405
img_001386,6405
img_001387,5887
img_001388,1047
img_001389,3431
img_001390,1049
img_001391,1050
img_001393,1051
img_001394,1052
img_001395,5524
img_001396,1054
img_001397,5501
img_001399,1743
img_001400,4159
img_001401,1058
img_001403,5621
img_001404,1060
img_001405,1061
img_001406,1062
img_001407,1063
img_001408,6079
img_001411,1065
img_001412,5713
img_001413,3606
img_001414,1068
img_001415,1069
img_001416,2948
img_001417,1071
img_001420,1268
img_001421,1073
img_001422,1074
img_001423,6076
img_001424,3697
img_001426,3822
img_001427,1078
img_001428,1079
img_001429,6316
img_001430,1081
img_001431,5818
img_001432,6179
img_001433,1084
img_001436,1085
img_001437,1086
img_001438,1087
img_001439,1088
img_001440,1089
img_001441,5751
img_001442,5355
img_001443,6214
img_001444,6419
img_001445,1094
img_001447,6405
img_001448,4907
img_001449,2018
img_001451,5991
img_001452,1099
img_001453,1100
img_001454,1101
img_001456,4881
img_001457,1103
img_001459,6310
img_001460,5355
img_001461,1106
img_001462,5355
img_001463,1108
img_001464,6405
img_001465,1110
img_001466,1111
img_001467,5713
img_001468,1113
img_001470,1114
img_001471,5887
img_001472,1116
img_001473,5355
img_001474,1118
img_001475,3215
img_001476,1120
img_001478,6280
img_001479,5582
img_001480,6133
img_001481,6412
img_001482,1125
img_001483,1126
img_001484,1127
img_001486,1128
img_001489,5126
img_001491,1130
img_001492,6134
img_001493,2948
img_001494,6210
img_001495,1134
img_001498,5379
img_001499,1136
img_001500,6134
img_001501,6079
img_001502,3910
img_001503,1735
img_001504,1141
img_001505,1142
img_001506,5355
img_001507,1144
img_001509,4351
img_001510,1146
img_001511,1560
img_001513,1148
img_001514,5818
img_001515,5501
img_001516,5254
img_001517,1152
img_001518,1153
img_001519,6112
img_001520,6032
img_001521,1156
img_001522,1157
img_001523,1158
img_001524,1159
img_001525,1160
img_001526,5824
img_001527,1162
img_001528,6405
img_001529,1164
img_001530,6244
img_001531,1166
img_001533,1167
img_001536,1168
img_001537,1169
img_001538,1170
img_001539,4115
img_001541,1172
img_001542,5270
img_001543,6023
img_001544,1175
img_001545,3759
img_001546,1177
img_001549,6112
img_001550,5355
img_001551,607
img_001552,1181
img_001553,1182
img_001554,3813
img_001555,1184
img_001557,5887
img_001559,1186
img_001560,1187
img_001561,4473
img_001562,6378
img_001566,5907
img_001568,1191
img_001571,1192
img_001572,1193
img_001573,6145
img_001578,5441
img_001579,3459
img_001580,1197
img_001581,1198
img_001583,1199
img_001585,1200
img_001586,5824
img_001589,1202
img_001590,1203
img_001591,6079
img_001592,1205
img_001594,1206
img_001596,6183
img_001597,5617
img_001598,1209
img_001600,5787
img_001601,3431
img_001602,5887
img_001603,1213
img_001604,1214
img_001605,3041
img_001607,1216
img_001608,4720
img_001609,1218
img_001610,1219
img_001612,1220
img_001613,1221
img_001615,6023
img_001617,1223
img_001619,3550
img_001620,1721
img_001621,6183
img_001622,6112
img_001623,1228
img_001625,4325
img_001626,1230
img_001627,1231
img_001629,1232
img_001630,6183
img_001631,2706
img_001632,1235
img_001633,1236
img_001634,6024
img_001635,1238
img_001636,1239
img_001637,1240
img_001638,1241
img_001639,1242
img_001640,1243
img_001641,1244
img_001644,5778
img_001645,1246
img_001646,1247
img_001647,1248
img_001648,1249
img_001649,1250
img_001651,5896
img_001652,1252
img_001653,6112
img_001654,6448
img_001655,6405
img_001656,5441
img_001657,6405
img_001659,4052
img_001661,1259
img_001662,1260
img_001663,1261
img_001664,1262
img_001665,5030
img_001666,2811
img_001667,6112
img_001668,1266
img_001669,1267
img_001672,1268
img_001674,2899
img_001675,5655
img_001677,1271
img_001678,1272
img_001679,5787
img_001680,6210
img_001681,4325
img_001682,6079
img_001684,1277
img_001685,1278
img_001686,4497
img_001687,6112
img_001688,3963
img_001689,1733
img_001691,6134
img_001692,1843
img_001693,1285
img_001694,6379
img_001695,6143
img_001698,6088
img_001699,1289
img_001701,1290
img_001702,3567
img_001704,4915
img_001705,607
img_001707,1294
img_001712,1295
img_001713,4290
img_001714,4115
img_001715,1298
img_001717,5789
img_001718,6329
img_001720,1301
img_001721,1302
img_001722,1303
img_001724,1304
img_001725,5441
img_001726,1306
img_001727,1307
img_001728,1308
img_001729,1309
img_001730,1310
img_001731,1311
img_001732,1312
img_001734,5713
img_001735,1314
img_001736,1315
img_001737,5441
img_001738,1317
img_001740,1318
img_001741,1319
img_001742,6405
img_001743,6210
img_001744,5236
img_001745,1323
img_001746,1324
img_001747,1325
img_001748,5652
img_001751,6183
img_001753,1328
img_001754,4406
img_001757,1330
img_001758,1331
img_001759,5752
img_001760,5355
img_001761,1334
img_001763,1335
img_001764,6134
img_001765,1337
img_001767,1338
img_001768,6203
img_001770,5935
img_001771,4808
img_001774,1342
img_001775,1343
img_001776,6144
img_001777,1345
img_001778,1346
img_001779,5474
img_001780,1348
img_001781,1349
img_001782,1350
img_001783,1351
img_001785,3467
img_001786,1353
img_001787,1354
img_001788,5441
img_001790,1356
img_001791,1357
img_001792,1358
img_001796,5713
img_001797,1360
img_001798,1361
img_001799,4115
img_001801,1363
img_001802,1364
img_001803,5887
img_001804,1366
img_001805,1367
img_001806,1368
img_001807,1369
img_001808,1370
img_001809,5887
img_001810,1372
img_001811,1373
img_001812,1374
img_001813,1375
img_001815,6183
img_001816,6112
img_001817,1378
img_001820,6210
img_001821,1380
img_001823,1381
img_001826,6183
img_001827,1383
img_001828,1384
img_001829,6296
img_001830,3370
img_001831,1387
img_001832,1388
img_001833,1389
img_001834,1390
img_001835,1391
img_001836,1392
img_001837,6010
img_001838,6210
img_001839,4115
img_001841,1396
img_001842,6153
img_001843,6210
img_001846,4888
img_001848,5355
img_001849,1401
img_001850,3401
img_001851,1403
img_001852,6134
img_001853,1405
img_001854,3771
img_001855,1407
img_001856,5501
img_001860,5607
img_001863,4803
img_001864,1411
img_001865,1412
img_001866,6134
img_001867,6183
img_001868,5887
img_001869,6210
img_001870,6246
img_001873,1418
img_001874,6023
img_001875,6377
img_001877,1421
img_001879,1422
img_001880,6069
img_001883,4803
img_001884,1425
img_001885,1426
img_001886,6112
img_001887,1428
img_001888,1429
img_001889,6405
img_001890,1431
img_001891,1432
img_001892,5949
img_001893,1434
img_001894,1435
img_001896,3697
img_001897,1437
img_001899,1438
img_001900,1439
img_001902,6436
img_001903,5607
img_001906,1442
img_001908,1443
img_001909,1444
img_001910,5908
img_001911,5818
img_001913,1447
img_001914,1448
img_001915,1449
img_001916,6340
img_001917,4523
img_001920,1452
img_001921,6023
img_001922,6293
img_001923,1455
img_001925,2512
img_001926,1457
img_001927,5854
img_001928,1459
img_001929,3158
img_001930,6153
img_001931,1462
img_001933,6210
img_001934,1464
img_001935,1465
img_001936,5607
img_001939,1467
img_001941,6183
img_001942,6455
img_001943,1470
img_001944,1471
img_001945,1472
img_001946,1473
img_001947,1474
img_001948,4395
img_001949,1476
img_001952,5561
img_001953,1478
img_001954,2500
img_001955,5056
img_001956,1481
img_001957,1482
img_001958,5933
img_001959,1484
img_001960,1485
img_001961,1486
img_001964,6024
img_001965,1488
img_001966,6183
img_001968,1490
img_001970,6198
img_001971,2475
img_001975,1493
img_001977,6134
img_001978,1495
img_001980,1496
img_001982,1497
img_001984,1498
img_001985,1499
img_001986,1500
img_001987,5686
img_001989,5204
img_001990,1503
img_001991,1504
img_001992,6377
img_001993,6448
img_001995,1507
img_001996,1508
img_001997,1509
img_002000,5621
img_002002,1511
img_002004,1512
img_002005,1513
img_002007,5789
img_002010,1515
img_002011,6023
img_002012,1517
img_002013,1518
img_002015,6079
img_002016,1520
img_002018,4118
img_002019,5056
img_002020,1523
img_002021,1524
img_002023,1525
img_002024,6447
img_002025,1527
img_002028,1528
img_002030,3280
img_002031,1530
img_002032,3215
img_002033,6210
img_002034,2475
img_002035,1534
img_002036,1535
img_002037,6227
img_002039,1537
img_002040,5621
img_002041,3660
img_002042,1540
img_002043,6183
img_002044,1542
img_002045,1543
img_002047,4097
img_002048,5621
img_002049,1546
img_002050,1547
img_002051,4115
img_002053,1549
img_002054,5453
img_002055,6079
img_002056,5621
img_002057,1553
img_002058,5889
img_002059,5887
img_002060,6436
img_002061,1557
img_002062,1558
img_002063,1559
img_002064,1560
img_002067,1561
img_002068,6134
img_002069,1563
img_002070,1564
img_002071,4657
img_002072,6112
img_002073,6183
img_002074,5751
img_002076,1569
img_002077,6010
img_002078,5818
img_002079,1572
img_002080,6134
img_002082,1574
img_002084,1575
img_002085,1576
img_002086,1577
img_002088,5854
img_002089,1579
img_002092,4803
img_002093,1581
img_002094,2975
img_002096,5443
img_002097,1584
img_002099,1585
img_002100,5234
img_002101,2287
img_002102,6330
img_002103,1589
img_002104,5102
img_002105,5621
img_002106,6377
img_002109,4042
img_002110,3550
img_002111,1595
img_002113,6405
img_002114,2033
img_002117,1598
img_002118,1599
img_002119,5015
img_002120,5314
img_002121,1602
img_002122,5886
img_002123,5570
img_002124,5234
img_002125,1606
img_002126,1607
img_002127,2844
img_002129,5265
img_002130,1610
img_002132,1611
img_002133,5607
img_002134,1613
img_002135,1614
img_002136,5355
img_002138,1616
img_002139,1617
img_002140,1618
img_002142,5363
img_002144,6436
img_002145,4115
img_002146,5355
img_002147,1623
img_002148,5818
img_002149,5854
img_002150,1626
img_002152,6133
img_002157,6195
img_002158,3782
img_002159,1630
img_002161,6023
img_002162,1632
img_002163,4838
img_002164,2479
img_002165,1635
img_002166,1636
img_002167,1637
img_002168,4558
img_002169,1639
img_002170,4764
img_002171,1641
img_002172,1642
img_002173,3608
img_002174,1644
img_002175,1645
img_002176,1646
img_002177,1647
img_002178,1648
img_002179,5379
img_002180,6024
img_002181,1651
img_002182,1652
img_002183,5752
img_002184,1654
img_002185,1655
img_002187,1656
img_002188,6210
img_002189,5445
img_002190,6153
img_002191,6210
img_002194,1661
img_002195,1662
img_002197,1663
img_002198,6134
img_002199,1665
img_002200,4803
img_002202,1667
img_002203,2335
img_002205,1669
img_002206,3697
img_002208,1671
img_002209,1672
img_002211,5806
img_002212,4530
img_002213,1675
img_002214,1676
img_002216,1677
img_002217,1678
img_002219,1679
img_002220,4685
img_002221,5270
img_002222,5655
img_002224,1683
img_002225,5187
img_002228,1685
img_002229,1686
img_002230,1687
img_002231,1688
img_002232,1689
img_002233,4175
img_002234,1691
img_002235,1692
img_002238,1693
img_002239,5522
img_002240,1695
img_002241,6220
img_002242,1697
img_002243,5441
img_002244,1699
img_002245,1700
img_002247,1701
img_002248,6446
img_002249,1703
img_002250,1704
img_002252,5268
img_002254,1706
img_002255,1707
img_002257,2480
img_002260,1709
img_002261,3547
img_002262,4361
img_002264,1712
img_002266,1713
img_002267,1714
img_002268,6405
img_002269,1716
img_002270,1717
img_002272,1718
img_002273,1719
img_002274,1720
img_002276,1721
img_002277,1722
img_002279,1723
img_002280,5973
img_002281,1725
img_002282,1726
img_002283,1727
img_002284,5601
img_002285,5607
img_002286,1730
img_002287,1731
img_002289,2636
img_002290,1733
img_002291,4581
img_002292,1735
img_002293,5701
img_002294,1737
img_002295,5453
img_002296,1739
img_002297,6183
img_002299,1741
img_002302,5522
img_002303,1743
img_002304,1744
img_002305,4135
img_002306,6183
img_002307,3550
img_002308,1748
img_002310,1749
img_002311,1750
img_002312,4052
img_002313,6210
img_002314,1753
img_002315,1754
img_002317,1755
img_002318,6112
img_002319,1757
img_002322,1758
img_002323,6089
img_002324,5887
img_002325,4228
img_002329,3215
img_002331,6405
img_002332,6079
img_002333,5711
img_002335,1766
img_002336,1767
img_002337,6210
img_002338,1769
img_002339,5621
img_002341,1771
img_002342,1772
img_002344,4687
img_002345,4803
img_002346,1775
img_002347,1776
img_002348,6033
img_002349,6183
img_002351,5232
img_002352,1780
img_002353,1781
img_002354,1782
img_002356,1783
img_002357,6112
img_002358,1785
img_002359,6419
img_002361,1787
img_002362,5355
img_002364,5396
img_002365,6112
img_002366,1791
img_002367,5363
img_002368,1793
img_002369,1794
img_002371,1795
img_002372,1796
img_002374,1797
img_002380,3158
img_002381,4803
img_002382,1800
img_002385,6405
img_002386,1802
img_002387,1803
img_002388,1804
img_002389,6405
img_002390,1806
img_002391,1807
img_002393,1808
img_002394,5752
img_002395,1810
img_002396,1811
img_002397,4290
img_002399,1813
img_002401,6210
img_002402,1815
img_002405,1816
img_002406,2964
img_002408,1818
img_002409,1819
img_002410,1820
img_002411,1821
img_002414,5818
img_002415,1823
img_002416,6079
img_002417,5234
img_002419,1826
img_002420,1827
img_002421,1828
img_002423,3314
img_002424,1830
img_002425,1831
img_002426,1832
img_002427,5818
img_002428,1834
img_002429,1835
img_002430,3797
img_002431,6310
img_002432,6387
img_002433,1839
img_002434,5255
img_002435,5818
img_002437,1842
img_002439,1843
img_002441,1844
img_002442,1845
img_002443,4657
img_002444,1847
img_002446,6174
img_002447,4175
img_002448,1850
img_002449,3697
img_002450,5355
img_002451,1853
img_002453,6112
img_002456,5498
img_002457,1856
img_002458,1857
img_002461,4837
img_002464,6079
img_002466,6405
img_002470,1861
img_002472,5448
img_002473,1863
img_002476,1864
img_002477,4747
img_002478,6210
img_002480,1867
img_002481,1868
img_002482,1869
img_002483,1870
img_002484,1871
img_002485,1872
img_002488,1873
img_002490,1874
img_002491,5887
img_002492,1876
img_002493,5751
img_002494,1878
img_002495,6079
img_002501,6134
img_002502,3132
img_002503,5713
img_002504,1883
img_002506,1884
img_002507,6112
img_002508,6405
img_002509,6153
img_002510,6210
img_002512,4665
img_002513,6112
img_002514,4320
img_002516,5952
img_002517,1893
img_002521,6079
img_002522,5596
img_002523,1896
img_002524,6183
img_002525,1898
img_002526,6293
img_002528,1900
img_002531,1901
img_002532,1902
img_002533,1903
img_002535,4614
img_002536,5607
img_002537,1906
img_002538,1907
img_002540,6153
img_002543,1909
img_002544,6079
img_002545,1911
img_002546,1912
img_002547,1913
img_002548,1914
img_002549,1915
img_002550,1916
img_002551,1917
img_002553,1918
img_002554,1919
img_002555,6179
img_002556,1921
img_002557,1922
img_002558,1923
img_002559,6455
img_002560,1925
img_002561,1926
img_002562,1927
img_002564,1928
img_002565,1929
img_002566,5621
img_002567,1931
img_002568,6210
img_002571,1933
img_002572,1934
img_002573,1935
img_002574,1936
img_002575,6405
img_002576,4226
img_002577,6405
img_002578,5944
img_002579,4199
img_002580,1942
img_002581,1943
img_002583,6210
img_002584,6112
img_002586,3263
img_002587,2611
img_002588,1948
img_002589,6405
img_002591,1950
img_002592,1951
img_002593,1952
img_002594,1953
img_002595,5524
img_002596,6210
img_002598,1956
img_002599,1957
img_002600,6153
img_002601,1959
img_002602,3797
img_002603,1961
img_002604,5222
img_002605,6183
img_002606,6153
img_002607,1965
img_002608,1966
img_002609,1967
img_002610,5887
img_002611,6079
img_002613,1970
img_002614,6297
img_002615,1972
img_002616,2534
img_002617,5887
img_002618,6112
img_002619,1976
img_002620,1977
img_002621,5234
img_002622,6112
img_002623,1980
img_002627,6024
img_002628,5016
img_002629,1983
img_002633,1984
img_002634,1985
img_002635,6386
img_002636,6134
img_002637,1988
img_002638,6210
img_002639,1990
img_002640,5621
img_002641,1992
img_002643,1993
img_002645,5363
img_002647,6163
img_002648,1996
img_002649,3910
img_002650,1998
img_002652,1999
img_002653,2000
img_002655,2001
img_002658,5234
img_002659,2003
img_002663,6405
img_002664,2005
img_002665,2006
img_002666,2007
img_002667,5818
img_002668,2085
img_002669,2010
img_002670,3986
img_002671,5254
img_002672,2013
img_002674,2014
img_002678,6210
img_002679,2016
img_002680,4803
img_002681,2018
img_002683,2019
img_002686,2020
img_002687,2021
img_002688,2022
img_002689,2023
img_002690,2024
img_002691,2025
img_002692,2026
img_002693,6141
img_002694,5234
img_002695,6024
img_002697,5355
img_002698,5607
img_002699,2032
img_002700,2033
img_002701,2034
img_002702,3068
img_002703,2036
img_002704,5013
img_002705,2038
img_002706,2039
img_002707,5607
img_002708,6195
img_002709,4558
img_002710,2043
img_002711,6210
img_002712,2045
img_002713,6112
img_002714,6210
img_002715,2048
img_002716,2049
img_002717,2961
img_002718,2051
img_002720,2052
img_002721,2053
img_002722,2054
img_002723,2055
img_002724,2056
img_002725,2057
img_002727,6448
img_002728,2059
img_002729,2060
img_002730,2287
img_002731,2062
img_002733,2063
img_002734,5607
img_002735,4175
img_002736,3534
img_002737,5787
img_002738,5887
img_002739,2069
img_002740,4115
img_002742,2071
img_002743,5355
img_002744,2073
img_002746,2074
img_002747,6405
img_002748,2076
img_002750,6112
img_002751,2745
img_002752,2079
img_002754,2080
img_002755,6329
img_002756,2082
img_002757,2083
img_002758,2084
img_002759,2085
img_002760,2086
img_002761,5617
img_002762,5887
img_002763,2089
img_002764,6183
img_002765,2091
img_002768,5854
img_002769,2093
img_002770,2094
img_002771,3825
img_002772,2096
img_002773,6310
img_002776,6079
img_002777,2099
img_002778,4964
img_002781,5752
img_002782,3910
img_002783,2103
img_002785,6153
img_002786,2105
img_002787,6386
img_002788,2107
img_002789,2108
img_002790,2109
img_002791,6310
img_002792,2111
img_002793,2112
img_002794,2113
img_002796,5818
img_002797,6079
img_002798,2116
img_002801,4055
img_002804,2118
img_002806,2119
img_002810,5854
img_002814,4315
img_002816,2122
img_002818,2123
img_002819,2236
img_002820,2125
img_002822,2694
img_002823,6364
img_002824,2128
img_002825,2129
img_002826,2130
img_002827,6153
img_002828,4152
img_002829,2133
img_002830,2134
img_002831,5818
img_002832,2136
img_002834,2677
img_002835,6210
img_002836,5355
img_002838,2140
img_002839,2141
img_002841,5713
img_002842,2143
img_002843,2144
img_002844,2145
img_002845,2146
img_002846,2147
img_002847,4450
img_002848,6210
img_002849,2150
img_002851,5818
img_002852,5269
img_002853,2153
img_002854,2154
img_002855,2155
img_002857,2156
img_002858,2157
img_002859,6079
img_002860,4803
img_002861,6405
img_002862,5077
img_002863,5887
img_002864,2163
img_002865,2164
img_002868,2165
img_002869,6112
img_002870,5713
img_002871,4803
img_002872,2169
img_002873,2170
img_002874,2171
img_002876,3428
img_002877,2173
img_002878,5995
img_002880,6112
img_002881,4747
img_002882,6447
img_002883,2178
img_002885,2179
img_002887,2645
img_002888,6448
img_002889,5355
img_002890,2183
img_002891,2184
img_002892,6134
img_002894,2186
img_002895,5048
img_002899,6112
img_002901,2189
img_002903,2190
img_002904,4118
img_002905,2192
img_002908,2193
img_002909,4052
img_002910,6405
img_002911,2196
img_002912,2197
img_002913,2198
img_002914,2199
img_002915,2200
img_002917,6112
img_002918,6112
img_002919,2203
img_002920,2204
img_002921,2205
img_002922,6024
img_002924,5413
img_002925,2208
img_002926,6134
img_002929,2210
img_002930,2211
img_002931,2212
img_002932,5713
img_002933,2214
img_002934,2215
img_002935,2216
img_002936,2217
img_002937,4055
img_002938,6310
img_002939,4499
img_002940,3697
img_002941,5607
img_002942,2223
img_002943,6330
img_002944,6297
img_002946,2226
img_002949,6028
img_002950,2228
img_002951,5969
img_002952,2230
img_002953,4784
img_002954,2232
img_002955,2233
img_002956,4597
img_002960,2235
img_002963,2236
img_002965,6246
img_002967,5751
img_002968,2533
img_002969,2240
img_002970,2241
img_002971,2242
img_002972,2243
img_002974,2244
img_002975,2245
img_002978,2246
img_002979,6134
img_002981,6210
img_002984,2249
img_002985,2250
img_002986,2251
img_002987,2252
img_002988,5621
img_002989,2254
img_002991,2255
img_002992,2256
img_002993,2257
img_002994,6419
img_002996,2259
img_002997,3132
img_002998,3078
img_003000,5887
img_003001,5270
img_003002,2264
img_003003,5607
img_003004,5713
img_003006,2267
img_003007,6134
img_003008,5241
img_003009,2270
img_003010,2271
img_003011,2272
img_003013,6321
img_003014,2274
img_003015,2275
img_003016,2276
img_003017,2958
img_003018,2278
img_003021,4175
img_003022,2280
img_003023,2281
img_003024,5355
img_003025,6112
img_003026,2284
img_003028,2285
img_003029,2286
img_003030,2287
img_003031,2288
img_003032,6428
img_003033,2290
img_003034,2291
img_003035,2292
img_003036,5539
img_003037,2294
img_003038,2295
img_003042,2296
img_003043,6082
img_003044,2298
img_003045,2299
img_003046,4115
img_003048,2301
img_003050,2302
img_003052,5441
img_003053,2304
img_003054,2305
img_003055,2306
img_003056,2307
img_003057,2308
img_003058,6134
img_003059,5248
img_003061,5652
img_003062,2312
img_003063,2313
img_003064,5711
img_003065,4952
img_003066,2316
img_003067,4819
img_003068,4473
img_003069,6405
img_003070,2320
img_003071,4087
img_003072,2322
img_003075,3158
img_003076,4182
img_003078,4416
img_003079,6446
img_003080,2327
img_003081,2328
img_003082,6198
img_003083,6153
img_003084,6246
img_003085,6134
img_003088,2333
img_003089,2334
img_003090,2335
img_003091,2336
img_003092,6112
img_003093,6210
img_003094,6412
img_003096,2340
img_003097,2341
img_003098,2342
img_003099,5818
img_003100,2344
img_003101,2345
img_003102,6028
img_003107,2347
img_003108,4558
img_003111,2349
img_003112,3623
img_003114,2351
img_003115,4369
img_003116,2353
img_003117,2354
img_003119,2355
img_003120,2356
img_003121,2357
img_003122,2444
img_003124,2359
img_003125,2360
img_003127,2361
img_003128,2948
img_003129,2363
img_003130,2364
img_003131,2365
img_003132,4084
img_003133,2367
img_003136,6210
img_003137,5734
img_003138,2370
img_003141,2897
img_003145,2372
img_003146,5570
img_003149,2374
img_003151,2375
img_003152,3519
img_003154,2377
img_003155,4657
img_003156,2379
img_003157,2380
img_003158,5751
img_003160,3932
img_003161,6086
img_003162,2384
img_003163,2385
img_003165,5887
img_003166,2387
img_003167,2388
img_003170,5672
img_003171,2390
img_003172,2391
img_003173,3072
img_003176,2393
img_003177,5818
img_003178,4766
img_003179,5523
img_003180,2397
img_003182,2398
img_003183,2399
img_003184,6112
img_003185,3675
img_003187,3586
img_003188,2403
img_003190,6330
img_003192,6405
img_003194,6405
img_003195,2407
img_003196,2408
img_003197,2409
img_003198,2410
img_003202,2411
img_003204,6463
img_003205,3905
img_003206,2428
img_003208,2415
img_003209,4144
img_003210,2417
img_003212,6210
img_003214,6028
img_003216,2420
img_003217,2421
img_003219,2422
img_003220,2423
img_003221,5691
img_003222,5897
img_003223,2426
img_003225,2427
img_003226,2428
img_003227,2429
img_003228,5652
img_003229,5621
img_003230,6210
img_003231,6310
img_003235,6210
img_003237,2435
img_003238,5887
img_003239,2437
img_003240,2438
img_003241,2439
img_003243,3072
img_003245,2441
img_003246,2442
img_003247,5610
img_003250,2444
img_003251,6151
img_003252,2446
img_003253,6133
img_003254,3677
img_003255,6144
img_003256,2450
img_003258,2451
img_003260,2452
img_003264,2453
img_003265,2454
img_003266,2455
img_003267,2456
img_003268,2457
img_003269,3148
img_003270,2459
img_003271,5539
img_003273,2461
img_003274,2462
img_003275,3626
img_003276,2464
img_003279,2465
img_003281,2466
img_003283,2592
img_003285,5181
img_003287,6024
img_003289,2470
img_003290,6405
img_003291,2472
img_003292,2473
img_003293,6310
img_003294,2475
img_003295,4657
img_003296,2477
img_003297,2478
img_003298,2479
img_003299,2480
img_003301,2481
img_003303,2482
img_003304,2483
img_003305,2484
img_003309,5182
img_003310,4995
img_003311,2487
img_003312,2488
img_003313,2489
img_003314,2490
img_003315,2491
img_003316,6436
img_003317,4747
img_003318,2494
img_003319,6023
img_003322,5612
img_003324,5422
img_003325,6079
img_003326,2499
img_003327,2500
img_003329,5126
img_003330,2502
img_003331,2503
img_003332,2504
img_003333,2505
img_003336,2506
img_003337,5314
img_003338,6405
img_003339,2509
img_003340,2510
img_003341,5818
img_003342,2512
img_003347,2513
img_003348,5170
img_003349,2515
img_003350,2516
img_003351,2517
img_003352,5441
img_003353,4052
img_003354,2520
img_003355,2521
img_003356,2522
img_003358,2523
img_003359,2524
img_003360,2525
img_003362,2526
img_003364,2527
img_003365,2778
img_003369,2529
img_003370,6405
img_003371,5334
img_003372,6153
img_003373,2533
img_003374,2534
img_003376,6210
img_003377,6405
img_003379,4881
img_003380,2538
img_003382,2539
img_003383,2540
img_003385,2541
img_003386,6448
img_003388,2543
img_003389,5854
img_003391,5792
img_003392,2546
img_003393,2547
img_003394,6373
img_003397,6244
img_003399,5818
img_003400,6405
img_003401,2552
img_003402,2553
img_003403,6153
img_003408,2555
img_003410,5952
img_003411,2557
img_003412,2558
img_003413,2559
img_003415,2560
img_003416,2561
img_003417,6244
img_003418,2563
img_003419,2564
img_003421,4410
img_003422,6405
img_003424,5621
img_003425,6313
img_003426,2569
img_003427,6330
img_003428,2571
img_003429,2572
img_003431,6293
img_003432,2574
img_003433,5399
img_003434,2576
img_003435,6198
img_003437,2578
img_003438,2579
img_003442,2580
img_003443,2581
img_003444,3547
img_003445,6210
img_003446,2584
img_003447,2585
img_003449,2586
img_003450,2587
img_003451,2588
img_003452,6447
img_003453,2590
img_003454,2591
img_003455,2592
img_003456,2593
img_003457,2594
img_003459,5751
img_003460,2913
img_003461,2597
img_003462,3076
img_003463,2599
img_003466,5399
img_003469,2601
img_003471,2602
img_003472,6448
img_003474,6274
img_003475,2605
img_003476,6079
img_003477,2607
img_003478,2608
img_003479,5713
img_003480,2610
img_003481,2611
img_003483,6112
img_003484,3697
img_003485,5952
img_003488,6153
img_003489,2616
img_003490,2617
img_003491,2618
img_003492,2619
img_003493,6153
img_003495,2621
img_003497,6143
img_003502,3986
img_003503,6112
img_003504,3697
img_003505,5952
img_003506,2627
img_003507,2899
img_003508,6210
img_003509,2630
img_003510,2631
img_003511,5902
img_003512,5265
img_003514,6112
img_003515,6262
img_003516,2636
img_003519,2637
img_003520,2638
img_003521,2639
img_003522,2640
img_003523,2641
img_003524,2642
img_003525,2643
img_003526,2644
img_003530,2645
img_003531,6220
img_003533,2647
img_003534,2648
img_003536,2649
img_003537,3443
img_003538,2651
img_003540,6183
img_003542,2653
img_003544,6405
img_003546,2655
img_003547,2656
img_003549,6405
img_003550,3782
img_003552,2659
img_003553,5204
img_003554,4837
img_003555,2662
img_003556,2663
img_003557,6405
img_003558,2665
img_003559,2666
img_003560,2667
img_003561,2668
img_003562,2669
img_003563,6183
img_003564,5355
img_003565,2672
img_003568,3660
img_003569,2674
img_003570,5607
img_003571,2676
img_003572,2677
img_003573,2678
img_003574,2679
img_003575,6377
img_003576,5818
img_003577,2682
img_003579,6079
img_003580,6079
img_003581,2685
img_003582,5588
img_003583,2687
img_003584,2688
img_003585,6024
img_003586,6134
img_003587,5522
img_003588,2692
img_003589,5887
img_003590,2694
img_003592,5056
img_003593,2696
img_003594,2697
img_003595,2698
img_003596,3431
img_003597,4764
img_003599,2701
img_003601,2702
img_003602,2703
img_003603,2704
img_003604,2705
img_003605,2706
img_003606,5031
img_003607,4558
img_003609,6079
img_003610,2710
img_003611,5478
img_003612,3782
img_003613,2713
img_003614,6280
img_003616,2732
img_003618,6023
img_003620,4730
img_003621,2718
img_003622,5713
img_003623,6455
img_003624,2721
img_003626,2722
img_003627,2723
img_003631,2724
img_003632,2725
img_003633,3306
img_003635,2727
img_003639,6024
img_003640,2729
img_003641,2730
img_003643,2896
img_003644,2732
img_003645,2733
img_003646,2734
img_003647,2735
img_003648,4621
img_003650,6251
img_003651,2738
img_003652,2739
img_003653,2740
img_003657,5617
img_003659,6183
img_003660,2743
img_003661,5502
img_003662,2745
img_003663,2746
img_003664,2747
img_003665,6310
img_003667,6112
img_003668,5713
img_003669,6134
img_003671,2752
img_003672,2753
img_003673,3786
img_003674,2755
img_003676,6183
img_003679,6153
img_003680,6326
img_003681,2759
img_003682,6112
img_003683,6405
img_003684,6183
img_003685,2763
img_003686,5270
img_003687,6033
img_003690,6448
img_003694,5222
img_003696,2768
img_003699,6183
img_003701,2475
img_003702,6326
img_003703,2772
img_003704,5854
img_003706,2774
img_003707,5973
img_003708,2776
img_003709,2777
img_003710,2778
img_003712,5907
img_003713,2780
img_003714,2781
img_003715,4657
img_003716,6183
img_003718,2784
img_003720,5818
img_003721,6079
img_003722,5713
img_003723,6220
img_003724,6203
img_003725,2790
img_003726,5113
img_003727,6064
img_003728,5887
img_003729,2794
img_003730,2795
img_003731,4172
img_003732,2797
img_003733,2798
img_003735,2799
img_003736,3910
img_003737,2801
img_003738,2802
img_003739,6210
img_003740,2804
img_003741,6210
img_003742,3484
img_003743,6183
img_003744,2808
img_003745,2809
img_003746,6448
img_003747,2811
img_003748,2812
img_003749,2813
img_003751,4833
img_003754,3282
img_003755,2816
img_003756,5234
img_003757,5607
img_003758,5713
img_003759,6419
img_003761,2821
img_003763,5887
img_003764,5666
img_003765,5568
img_003766,2825
img_003767,2826
img_003768,6183
img_003771,4115
img_003772,2829
img_003773,6377
img_003774,6023
img_003775,2832
img_003776,3154
img_003778,6448
img_003779,3939
img_003781,2836
img_003782,5818
img_003783,2838
img_003785,2839
img_003788,2840
img_003790,2841
img_003793,2842
img_003794,2843
img_003796,2844
img_003797,5182
img_003800,2846
img_003803,2847
img_003804,6310
img_003805,2849
img_003806,2850
img_003807,3636
img_003808,2852
img_003809,6405
img_003810,2854
img_003811,2855
img_003812,2856
img_003813,2857
img_003814,4060
img_003815,4691
img_003816,5915
img_003817,2861
img_003818,2862
img_003819,2863
img_003822,2864
img_003823,2865
img_003825,2866
img_003826,3782
img_003827,5752
img_003828,2869
img_003829,6405
img_003830,5182
img_003831,4527
img_003832,2873
img_003833,2874
img_003835,6377
img_003836,2876
img_003837,6112
img_003838,2878
img_003841,607
img_003843,4544
img_003844,6183
img_003846,2882
img_003847,2883
img_003849,2884
img_003850,2885
img_003851,6210
img_003852,6183
img_003853,2888
img_003855,2889
img_003856,3782
img_003857,2891
img_003858,2892
img_003859,2893
img_003860,6405
img_003861,6377
img_003865,2896
img_003869,2897
img_003870,5355
img_003871,2899
img_003872,5061
img_003873,6037
img_003874,2902
img_003875,2903
img_003876,2904
img_003878,2905
img_003881,2906
img_003882,6405
img_003883,2908
img_003884,5607
img_003885,4621
img_003886,2911
img_003887,5854
img_003888,2913
img_003889,6287
img_003890,3078
img_003891,2916
img_003892,6153
img_003893,2918
img_003894,6079
img_003895,6079
img_003897,2921
img_003902,6183
img_003903,2923
img_003904,4665
img_003905,2925
img_003906,5540
img_003907,2927
img_003911,5126
img_003912,2929
img_003913,3076
img_003914,2931
img_003915,5204
img_003916,6023
img_003917,2934
img_003919,2935
img_003920,2936
img_003923,6296
img_003924,2938
img_003927,6112
img_003928,6405
img_003929,2941
img_003930,6310
img_003931,2943
img_003932,6210
img_003935,4320
img_003936,2946
img_003937,2947
img_003938,2948
img_003939,5889
img_003940,2950
img_003943,2951
img_003945,5713
img_003946,2953
img_003948,2954
img_003949,4052
img_003950,4591
img_003951,2957
img_003952,2958
img_003953,4213
img_003955,2960
img_003956,2961
img_003957,2962
img_003958,4691
img_003959,2964
img_003960,4560
img_003961,2966
img_003963,2967
img_003964,6405
img_003965,5241
img_003966,2970
img_003967,2971
img_003968,6251
img_003969,5652
img_003970,2974
img_003971,2975
img_003972,2976
img_003973,5355
img_003974,2978
img_003977,2979
img_003978,4784
img_003979,2981
img_003980,2982
img_003981,2983
img_003982,5266
img_003983,2985
img_003984,5414
img_003985,2987
img_003987,5522
img_003988,6112
img_003989,5607
img_003990,2991
img_003991,2992
img_003992,2993
img_003993,6262
img_003994,5887
img_003997,3002
img_003999,5969
img_004001,6086
img_004002,3829
img_004003,3000
img_004004,3001
img_004005,3002
img_004006,3003
img_004007,3004
img_004008,3005
img_004009,3318
img_004010,3007
img_004011,6112
img_004012,3009
img_004013,3010
img_004014,3699
img_004015,6153
img_004019,3110
img_004020,3014
img_004021,3015
img_004022,3016
img_004023,6183
img_004025,3018
img_004026,4219
img_004027,4837
img_004028,3021
img_004030,3022
img_004031,6280
img_004032,6455
img_004033,3025
img_004034,3026
img_004036,3027
img_004038,3028
img_004039,6112
img_004040,3030
img_004043,3031
img_004044,3032
img_004047,3033
img_004048,3034
img_004049,5388
img_004050,3036
img_004051,3037
img_004052,3038
img_004054,4701
img_004055,3040
img_004056,3041
img_004057,3042
img_004059,3043
img_004061,6153
img_004062,3045
img_004063,3046
img_004064,6226
img_004066,3048
img_004067,3049
img_004068,5607
img_004069,3051
img_004070,3104
img_004071,5270
img_004073,6079
img_004074,5182
img_004075,3056
img_004077,3057
img_004079,6210
img_004081,4674
img_004083,3060
img_004086,5182
img_004088,6249
img_004089,3063
img_004090,3355
img_004091,5577
img_004092,6238
img_004093,3067
img_004094,3068
img_004095,3069
img_004096,3070
img_004098,6210
img_004099,3072
img_004100,3073
img_004101,3074
img_004103,3075
img_004104,3076
img_004106,3077
img_004108,3078
img_004111,3079
img_004113,3080
img_004114,5818
img_004116,3082
img_004117,3567
img_004118,4830
img_004119,5355
img_004120,3086
img_004121,5778
img_004123,5818
img_004124,3089
img_004127,3090
img_004128,3091
img_004130,6447
img_004131,6210
img_004132,3094
img_004134,3095
img_004135,3096
img_004136,3097
img_004137,3098
img_004139,3110
img_004140,3100
img_004142,6112
img_004143,3797
img_004144,3103
img_004145,3104
img_004147,3105
img_004148,3106
img_004149,4432
img_004152,3108
img_004153,3109
img_004154,3110
img_004155,3111
img_004156,3112
img_004158,3113
img_004159,3504
img_004161,3115
img_004162,3753
img_004163,3117
img_004164,6153
img_004165,3119
img_004167,4135
img_004168,3121
img_004169,3122
img_004170,3123
img_004171,5237
img_004172,3125
img_004173,3126
img_004175,6079
img_004177,3128
img_004178,3129
img_004179,3130
img_004180,3131
img_004181,3132
img_004182,3133
img_004183,3134
img_004184,3135
img_004185,3136
img_004186,6195
img_004189,3138
img_004190,3139
img_004191,5751
img_004192,3141
img_004194,3142
img_004195,4614
img_004196,3144
img_004198,5254
img_004200,3146
img_004202,5621
img_004203,3148
img_004206,3149
img_004207,3150
img_004209,3151
img_004210,5379
img_004211,3153
img_004214,3154
img_004215,6083
img_004219,5887
img_004221,3157
img_004222,3158
img_004223,5689
img_004224,3160
img_004225,3161
img_004227,3162
img_004229,4461
img_004230,3164
img_004233,3165
img_004235,5789
img_004236,3557
img_004238,3168
img_004240,3169
img_004241,3170
img_004242,3171
img_004243,3172
img_004245,3173
img_004246,6274
img_004247,3175
img_004249,2475
img_004250,3177
img_004252,6448
img_004254,3179
img_004256,5621
img_004257,3181
img_004259,3182
img_004260,5818
img_004261,5713
img_004262,6079
img_004263,5686
img_004265,3187
img_004268,6377
img_004269,3189
img_004271,3190
img_004273,3191
img_004274,3192
img_004275,6086
img_004276,6310
img_004277,3282
img_004279,3196
img_004281,3197
img_004282,3198
img_004283,6133
img_004285,3200
img_004286,3201
img_004287,3202
img_004288,3203
img_004289,6023
img_004290,3205
img_004291,3206
img_004292,4959
img_004293,3563
img_004294,3209
img_004296,3210
img_004297,6112
img_004298,5379
img_004299,3213
img_004300,3214
img_004301,3215
img_004302,3216
img_004303,3217
img_004305,3963
img_004306,3219
img_004307,3220
img_004309,4052
img_004310,3222
img_004311,5441
img_004312,6244
img_004313,3225
img_004315,5443
img_004316,3227
img_004317,3228
img_004319,6396
img_004320,5168
img_004322,6293
img_004323,4055
img_004324,3233
img_004325,6278
img_004326,3235
img_004327,3236
img_004329,3237
img_004331,6405
img_004332,3239
img_004333,3240
img_004334,6112
img_004335,6183
img_004336,3243
img_004338,3244
img_004339,6023
img_004340,3246
img_004341,5695
img_004342,3248
img_004343,3249
img_004344,3250
img_004345,4115
img_004346,3252
img_004347,3267
img_004348,3254
img_004350,3255
img_004351,3256
img_004352,3257
img_004353,3258
img_004354,3259
img_004355,3260
img_004356,3261
img_004358,3262
img_004359,3263
img_004360,5945
img_004361,3265
img_004362,5102
img_004364,3267
img_004365,5887
img_004366,6419
img_004367,3270
img_004368,3271
img_004369,6153
img_004370,5854
img_004372,6112
img_004373,6405
img_004376,6446
img_004377,5234
img_004380,4126
img_004385,4556
img_004387,3280
img_004389,3281
img_004390,3282
img_004391,3283
img_004392,4764
img_004393,6198
img_004394,3286
img_004395,3287
img_004396,3288
img_004398,3697
img_004399,3290
img_004400,3291
img_004401,3467
img_004403,6079
img_004404,3294
img_004406,6059
img_004407,5929
img_004409,3297
img_004410,5621
img_004412,3299
img_004413,3300
img_004415,6198
img_004418,4135
img_004420,6447
img_004421,4175
img_004424,3305
img_004425,3306
img_004426,3307
img_004427,3308
img_004429,4325
img_004430,3310
img_004431,3311
img_004436,6210
img_004437,6010
img_004439,3314
img_004440,4665
img_004443,3316
img_004445,3317
img_004447,3318
img_004448,3319
img_004449,3320
img_004451,3321
img_004453,5887
img_004455,6258
img_004457,3324
img_004458,6112
img_004459,6079
img_004460,3327
img_004461,5501
img_004463,3329
img_004464,3330
img_004465,3331
img_004466,3332
img_004469,3333
img_004470,3334
img_004472,6112
img_004473,3336
img_004474,3337
img_004476,3338
img_004477,3339
img_004478,3340
img_004480,3341
img_004482,5887
img_004483,6153
img_004484,3344
img_004485,3345
img_004486,6183
img_004488,3347
img_004489,3348
img_004490,3349
img_004491,6016
img_004493,5752
img_004494,4803
img_004495,5652
img_004496,3354
img_004498,3355
img_004499,5445
img_004500,6386
img_004501,5818
img_004502,5854
img_004503,6144
img_004505,6134
img_004506,4483
img_004508,3363
img_004509,3364
img_004511,4535
img_004513,6419
img_004514,5787
img_004517,5818
img_004518,5952
img_004519,3370
img_004520,3371
img_004521,3372
img_004522,5772
img_004526,3374
img_004527,5686
img_004528,6455
img_004532,3377
img_004533,5854
img_004534,6210
img_004535,5610
img_004539,3381
img_004541,6112
img_004542,3383
img_004543,6112
img_004544,6086
img_004545,6447
img_004547,5607
img_004548,3388
img_004549,3389
img_004550,3390
img_004551,4320
img_004552,3392
img_004553,3562
img_004554,3394
img_004555,6015
img_004556,3396
img_004557,4841
img_004558,6112
img_004560,3399
img_004561,4135
img_004563,3401
img_004564,5523
img_004565,3403
img_004566,2948
img_004567,3405
img_004568,6153
img_004569,3407
img_004570,3408
img_004571,3409
img_004572,5889
img_004573,4709
img_004574,5881
img_004575,6183
img_004577,6210
img_004578,3415
img_004579,3416
img_004580,5621
img_004581,3418
img_004582,3419
img_004583,3759
img_004584,6183
img_004585,3422
img_004587,4232
img_004588,3424
img_004589,6210
img_004591,3426
img_004592,3427
img_004594,3428
img_004596,3429
img_004597,3430
img_004598,3431
img_004599,5607
img_004600,3433
img_004601,3434
img_004602,3435
img_004603,3436
img_004605,3437
img_004606,3438
img_004607,6112
img_004608,6386
img_004609,3441
img_004610,6419
img_004611,3443
img_004613,3444
img_004615,3831
img_004616,3446
img_004617,3447
img_004619,5607
img_004621,5818
img_004622,6023
img_004625,3451
img_004626,4759
img_004628,6112
img_004629,5297
img_004630,3455
img_004631,5887
img_004633,3457
img_004634,3458
img_004635,3459
img_004636,3460
img_004637,6405
img_004638,3462
img_004639,3463
img_004640,3464
img_004641,5824
img_004642,3466
img_004643,3467
img_004646,3468
img_004648,5454
img_004649,3470
img_004650,6153
img_004651,3472
img_004652,3473
img_004653,5607
img_004654,3475
img_004655,3476
img_004657,6183
img_004658,3478
img_004659,3479
img_004660,4055
img_004661,4052
img_004662,4410
img_004663,3483
img_004664,3484
img_004665,3485
img_004667,3486
img_004668,3487
img_004669,4097
img_004670,3489
img_004671,6153
img_004672,5621
img_004673,3492
img_004674,3493
img_004675,3494
img_004677,5887
img_004678,6447
img_004679,6183
img_004680,6198
img_004682,6227
img_004684,3500
img_004686,6023
img_004687,3502
img_004693,5452
img_004694,3504
img_004695,3505
img_004697,3572
img_004698,4959
img_004699,5355
img_004700,5621
img_004701,6086
img_004702,3511
img_004704,3512
img_004706,4621
img_004708,5621
img_004709,6405
img_004710,3516
img_004711,6133
img_004712,3518
img_004713,3519
img_004715,3520
img_004716,3521
img_004717,3522
img_004719,3523
img_004720,4381
img_004721,5363
img_004723,6145
img_004724,3527
img_004725,3528
img_004728,5107
img_004729,6296
img_004730,6016
img_004731,5254
img_004732,3533
img_004733,3534
img_004734,3535
img_004736,4115
img_004737,6353
img_004738,3538
img_004740,6033
img_004741,3540
img_004742,3541
img_004744,6141
img_004745,3543
img_004747,6112
img_004748,3545
img_004749,5687
img_004750,3547
img_004752,3548
img_004754,6310
img_004755,3550
img_004756,3551
img_004758,4115
img_004759,6112
img_004760,3554
img_004761,3893
img_004762,5619
img_004764,3557
img_004765,3558
img_004766,6112
img_004767,3560
img_004768,3561
img_004769,3562
img_004770,3563
img_004771,4432
img_004775,6227
img_004776,3566
img_004777,3567
img_004778,3568
img_004779,5045
img_004780,5478
img_004781,3571
img_004782,3572
img_004783,6112
img_004784,3574
img_004785,5056
img_004787,3576
img_004789,3577
img_004791,5695
img_004792,3579
img_004793,3580
img_004795,3581
img_004796,3582
img_004797,3583
img_004798,3584
img_004799,3585
img_004800,3586
img_004802,3868
img_004805,4603
img_004806,4862
img_004807,3590
img_004808,5887
img_004809,6112
img_004810,3593
img_004811,5937
img_004812,6133
img_004813,3596
img_004814,3597
img_004816,3598
img_004818,3697
img_004819,3600
img_004822,5695
img_004823,3602
img_004825,3603
img_004827,3604
img_004828,3605
img_004830,3606
img_004831,5818
img_004833,3608
img_004835,3609
img_004836,3610
img_004837,5686
img_004838,3612
img_004840,5655
img_004841,3614
img_004842,4608
img_004844,4657
img_004845,3617
img_004846,3618
img_004847,3619
img_004848,4461
img_004850,3621
img_004851,3660
img_004852,3623
img_004853,5824
img_004855,4764
img_004856,3626
img_004857,6446
img_004858,3628
img_004859,3629
img_004860,3630
img_004861,3631
img_004862,5621
img_004863,5344
img_004865,3634
img_004866,3635
img_004867,3636
img_004868,3637
img_004869,3638
img_004870,3660
img_004871,4115
img_004872,3641
img_004874,3642
img_004875,5355
img_004877,6079
img_004879,4759
img_004880,6446
img_004882,4822
img_004883,5441
img_004884,3649
img_004885,3650
img_004886,3651
img_004888,6310
img_004889,4881
img_004890,3654
img_004891,3655
img_004892,6079
img_004893,3657
img_004895,3658
img_004897,5621
img_004898,3660
img_004899,3661
img_004900,4794
img_004901,3663
img_004902,3664
img_004903,3665
img_004904,4747
img_004905,3667
img_004906,3668
img_004907,3669
img_004908,3670
img_004909,3671
img_004910,5441
img_004911,3673
img_004912,3674
img_004913,3675
img_004914,3676
img_004915,3677
img_004916,3678
img_004917,3679
img_004918,5260
img_004920,3681
img_004921,3682
img_004923,3683
img_004924,4042
img_004925,3685
img_004926,3686
img_004927,3687
img_004930,3688
img_004931,3689
img_004932,4794
img_004933,3691
img_004934,3692
img_004937,3693
img_004939,6112
img_004940,3695
img_004942,5607
img_004943,3697
img_004944,3698
img_004945,3699
img_004947,3700
img_004948,6023
img_004949,3702
img_004950,3703
img_004951,5607
img_004952,3705
img_004953,5647
img_004954,3707
img_004955,4320
img_004956,5776
img_004958,6134
img_004959,3711
img_004960,5675
img_004961,3713
img_004962,3714
img_004963,3857
img_004964,3716
img_004967,4657
img_004970,3718
img_004972,4657
img_004975,3932
img_004977,3721
img_004978,4320
img_004979,3723
img_004980,3724
img_004981,4797
img_004982,6296
img_004983,3727
img_004984,3728
img_004986,3729
img_004987,3730
img_004988,3782
img_004989,4803
img_004991,3733
img_004992,3734
img_004993,3735
img_004994,3736
img_004995,3737
img_004996,6133
img_004997,6076
img_004998,3740
img_005000,3741
img_005002,5379
img_005003,5686
img_005004,3744
img_005005,3745
img_005006,3746
img_005007,4558
img_005008,6183
img_005009,3749
img_005010,3750
img_005011,6112
img_005012,6153
img_005014,3753
img_005015,5818
img_005016,5713
img_005018,6134
img_005020,3757
img_005021,5818
img_005022,3759
img_005023,3760
img_005024,3761
img_005028,6251
img_005030,3763
img_005031,6210
img_005032,4759
img_005034,6446
img_005035,3767
img_005036,3768
img_005037,5751
img_005038,3770
img_005039,3771
img_005041,5454
img_005043,3773
img_005045,4115
img_005046,3775
img_005047,5509
img_005048,3777
img_005049,6297
img_005051,5270
img_005052,3780
img_005054,3781
img_005055,3782
img_005056,3783
img_005059,4959
img_005060,6150
img_005061,3786
img_005062,3787
img_005063,5621
img_005064,6448
img_005065,6141
img_005066,3791
img_005067,3792
img_005070,6293
img_005072,3794
img_005073,3795
img_005074,3796
img_005075,3797
img_005076,4071
img_005078,4361
img_005079,3800
img_005080,3801
img_005081,6386
img_005082,5818
img_005083,3910
img_005084,3805
img_005086,3806
img_005087,3807
img_005088,4888
img_005091,6198
img_005093,6028
img_005094,6112
img_005095,3812
img_005096,3813
img_005097,3814
img_005098,3815
img_005100,3816
img_005101,3817
img_005102,6134
img_005103,3819
img_005104,3820
img_005106,6183
img_005107,3822
img_005108,3823
img_005109,3824
img_005110,3825
img_005111,3826
img_005112,4466
img_005113,6153
img_005114,3829
img_005115,4175
img_005116,3831
img_005117,3832
img_005119,3833
img_005120,3834
img_005123,3835
img_005124,4608
img_005125,3837
img_005126,3838
img_005127,4832
img_005128,3840
img_005129,3841
img_005131,4610
img_005132,4410
img_005133,3844
img_005134,3845
img_005139,3846
img_005140,3847
img_005141,3848
img_005143,3849
img_005144,3850
img_005145,3851
img_005146,3852
img_005147,3853
img_005148,6024
img_005149,5871
img_005150,6405
img_005151,3857
img_005152,3858
img_005153,3859
img_005156,5818
img_005157,3861
img_005158,6204
img_005159,3863
img_005160,3864
img_005161,3865
img_005163,3866
img_005165,3867
img_005166,3868
img_005167,6112
img_005168,3870
img_005169,3871
img_005170,6079
img_005171,6153
img_005173,3874
img_005174,3875
img_005175,3876
img_005176,3877
img_005177,3878
img_005178,3879
img_005182,6133
img_005183,3881
img_005184,6310
img_005185,5607
img_005187,5363
img_005188,3885
img_005190,5792
img_005191,6112
img_005192,3888
img_005193,3889
img_005194,3890
img_005195,3891
img_005196,3892
img_005197,3893
img_005198,3894
img_005199,3895
img_005202,6405
img_005203,3782
img_005204,3898
img_005205,3899
img_005207,3900
img_005208,3901
img_005210,3902
img_005211,5621
img_005213,3904
img_005214,3905
img_005215,3906
img_005216,3907
img_005218,5751
img_005220,3909
img_005221,3910
img_005222,5621
img_005223,4717
img_005224,5522
img_005225,3914
img_005226,3915
img_005227,3916
img_005230,5929
img_005231,4325
img_005234,6112
img_005236,3920
img_005238,5881
img_005239,5897
img_005240,5887
img_005241,3924
img_005242,6405
img_005243,3926
img_005244,6086
img_005245,3928
img_005246,3929
img_005247,6112
img_005249,3931
img_005250,3932
img_005252,3933
img_005253,3934
img_005254,3935
img_005255,3936
img_005256,6112
img_005257,3938
img_005258,3939
img_005259,3940
img_005261,6112
img_005262,3942
img_005263,6079
img_005264,3944
img_005265,4115
img_005266,3946
img_005267,3947
img_005268,3948
img_005269,3949
img_005270,3950
img_005271,3951
img_005272,3952
img_005273,6244
img_005275,4175
img_005276,6023
img_005277,5443
img_005278,3957
img_005279,3958
img_005280,3959
img_005282,5713
img_005283,5655
img_005284,4549
img_005285,3963
img_005286,3964
img_005288,3965
img_005289,3966
img_005290,5666
img_005291,3968
img_005293,3969
img_005295,6153
img_005296,3971
img_005297,5204
img_005298,3973
img_005300,3974
img_005302,4656
img_005304,5056
img_005305,3977
img_005307,3978
img_005308,4656
img_005309,6293
img_005310,3981
img_005311,3982
img_005314,3983
img_005315,3984
img_005316,3985
img_005317,3986
img_005318,4766
img_005319,3988
img_005320,4371
img_005321,3990
img_005322,5100
img_005323,3992
img_005324,6357
img_005326,4921
img_005327,3995
img_005328,3996
img_005330,3997
img_005331,4882
img_005333,3999
img_005334,5908
img_005338,5148
img_005339,4002
img_005341,4003
img_005342,4004
img_005343,4461
img_005344,5607
img_005345,4007
img_005346,5907
img_005347,4009
img_005348,4010
img_005349,4011
img_005351,4012
img_005353,6024
img_005355,6153
img_005356,4015
img_005357,5752
img_005358,5887
img_005360,4766
img_005363,4019
img_005364,5818
img_005365,4021
img_005366,4022
img_005369,4298
img_005372,4024
img_005374,4025
img_005375,5995
img_005376,5522
img_005377,4028
img_005378,4029
img_005379,5752
img_005381,4031
img_005383,4032
img_005384,4336
img_005385,5655
img_005386,4035
img_005387,4036
img_005388,5713
img_005389,6285
img_005390,6079
img_005392,4040
img_005393,6133
img_005394,4042
img_005395,4043
img_005396,4044
img_005398,4045
img_005399,4046
img_005401,4047
img_005403,5751
img_005405,6377
img_005406,4050
img_005408,4051
img_005409,4052
img_005410,5789
img_005411,5741
img_005412,4055
img_005413,4056
img_005414,6405
img_005416,4058
img_005417,6405
img_005419,4060
img_005420,5887
img_005421,6446
img_005423,4063
img_005424,4064
img_005425,5452
img_005426,5501
img_005428,4067
img_005429,4068
img_005430,6086
img_005433,4070
img_005434,4071
img_005435,4072
img_005436,5355
img_005437,4074
img_005439,6112
img_005440,4076
img_005441,4077
img_005442,4078
img_005444,5934
img_005445,5937
img_005449,4081
img_005450,4082
img_005454,4083
img_005455,4084
img_005456,4085
img_005458,4086
img_005459,4087
img_005460,4088
img_005461,6210
img_005462,6112
img_005464,4091
img_005465,4092
img_005466,4093
img_005467,4094
img_005470,4095
img_005471,4096
img_005472,4097
img_005473,4098
img_005474,6032
img_005475,4100
img_005478,4135
img_005479,5686
img_005480,4103
img_005481,4104
img_005482,4105
img_005483,6405
img_005484,4107
img_005485,4108
img_005486,4109
img_005488,4110
img_005489,4111
img_005490,4112
img_005491,4113
img_005492,4114
img_005493,4115
img_005494,4803
img_005496,6160
img_005497,4118
img_005498,4119
img_005499,4120
img_005502,4121
img_005504,4122
img_005506,6330
img_005507,4124
img_005508,4125
img_005509,4126
img_005511,4127
img_005512,4128
img_005513,6419
img_005515,4130
img_005518,6112
img_005519,6112
img_005520,6183
img_005521,4134
img_005522,4135
img_005523,4136
img_005525,6448
img_005526,4567
img_005529,6112
img_005530,4140
img_005531,4141
img_005532,6436
img_005533,4143
img_005534,4144
img_005535,4145
img_005536,4146
img_005538,5154
img_005539,5621
img_005540,6112
img_005541,4150
img_005542,4151
img_005543,4152
img_005545,6153
img_005546,4154
img_005547,5607
img_005548,4156
img_005549,4157
img_005550,4158
img_005551,4159
img_005552,4160
img_005553,5621
img_005554,4838
img_005555,5234
img_005556,4164
img_005559,4165
img_005560,4166
img_005562,4888
img_005563,5379
img_005565,5355
img_005566,4170
img_005567,6112
img_005568,4172
img_005569,4173
img_005570,6448
img_005572,4175
img_005573,4176
img_005575,6079
img_005576,4178
img_005577,4179
img_005578,4180
img_005579,5234
img_005580,4182
img_005582,6079
img_005583,4184
img_005585,5355
img_005586,4186
img_005587,4187
img_005588,4188
img_005589,4189
img_005590,4190
img_005591,4717
img_005592,4192
img_005594,4193
img_005596,4194
img_005597,4195
img_005598,4196
img_005599,5713
img_005600,6028
img_005601,4199
img_005603,5887
img_005604,4201
img_005606,4202
img_005607,6086
img_005608,4204
img_005609,6355
img_005610,4206
img_005612,4207
img_005613,5234
img_005614,4209
img_005615,4210
img_005618,5607
img_005619,5692
img_005620,4213
img_005621,6028
img_005622,4215
img_005624,4216
img_005625,4217
img_005626,4218
img_005628,4219
img_005629,5355
img_005630,5441
img_005632,4222
img_005633,6210
img_005634,4224
img_005636,5992
img_005637,4226
img_005638,5982
img_005639,4228
img_005640,4115
img_005641,4230
img_005642,4231
img_005643,4232
img_005644,4233
img_005647,4558
img_005648,4235
img_005649,4236
img_005650,4830
img_005651,4238
img_005652,4239
img_005653,4240
img_005654,4241
img_005655,4242
img_005656,4243
img_005657,4244
img_005658,4685
img_005659,4246
img_005660,4247
img_005661,4248
img_005662,6134
img_005663,4250
img_005664,4251
img_005665,6467
img_005666,4253
img_005668,6112
img_005669,4255
img_005670,4256
img_005671,4257
img_005673,4258
img_005674,4259
img_005675,6214
img_005676,4261
img_005677,4614
img_005678,5818
img_005679,4838
img_005680,4265
img_005681,6210
img_005682,5326
img_005683,4268
img_005684,4269
img_005686,4270
img_005687,4271
img_005688,4272
img_005689,4273
img_005690,5752
img_005692,4275
img_005693,4276
img_005694,5100
img_005695,4278
img_005696,5355
img_005697,4730
img_005698,4281
img_005699,5845
img_005700,4283
img_005701,4284
img_005703,4285
img_005705,5771
img_005706,6134
img_005707,4288
img_005708,4289
img_005709,4290
img_005710,4291
img_005712,4292
img_005713,4293
img_005714,4294
img_005715,4881
img_005718,4296
img_005719,4297
img_005720,4298
img_005721,4299
img_005723,4300
img_005724,4301
img_005726,4302
img_005728,5048
img_005730,4304
img_005732,4305
img_005733,4306
img_005734,4307
img_005735,4308
img_005737,5887
img_005738,4310
img_005739,5887
img_005740,4312
img_005741,4881
img_005742,4314
img_005743,4315
img_005744,4316
img_005747,4665
img_005748,5818
img_005752,6183
img_005753,4320
img_005754,5441
img_005756,4322
img_005757,4323
img_005758,4324
img_005759,4325
img_005760,4326
img_005761,4327
img_005762,4328
img_005763,4329
img_005764,4882
img_005765,4331
img_005768,4332
img_005769,6153
img_005770,4334
img_005771,4335
img_005772,4336
img_005773,6405
img_005774,5787
img_005776,6112
img_005777,6183
img_005778,4341
img_005779,4342
img_005780,4343
img_005781,4052
img_005782,4345
img_005783,6293
img_005784,5752
img_005785,4959
img_005786,4349
img_005787,4350
img_005789,4351
img_005790,4352
img_005793,4353
img_005795,4354
img_005796,4355
img_005797,6079
img_005798,4357
img_005799,6210
img_005800,4359
img_005801,4413
img_005803,4361
img_005804,4362
img_005808,4363
img_005809,4364
img_005810,4365
img_005811,5751
img_005812,4367
img_005813,4368
img_005814,4369
img_005816,4370
img_005817,4371
img_005818,6446
img_005819,5355
img_005820,4803
img_005821,4375
img_005823,6447
img_005824,4377
img_005825,4378
img_005827,4379
img_005828,5887
img_005829,4381
img_005830,4382
img_005832,4383
img_005834,4384
img_005835,6183
img_005837,6153
img_005839,4387
img_005840,4388
img_005842,5355
img_005843,607
img_005845,4391
img_005846,6210
img_005847,6293
img_005849,6116
img_005850,4395
img_005851,4396
img_005852,4397
img_005853,4398
img_005854,5295
img_005855,6028
img_005856,4115
img_005858,4402
img_005859,6079
img_005860,4404
img_005861,5818
img_005862,4406
img_005863,5363
img_005864,5854
img_005865,6037
img_005866,4410
img_005868,6112
img_005869,4412
img_005870,4413
img_005872,6183
img_005873,4415
img_005874,4416
img_005875,4417
img_005876,6210
img_005877,5234
img_005881,4420
img_005882,5441
img_005884,5887
img_005885,4435
img_005887,4424
img_005891,5887
img_005892,6405
img_005893,4427
img_005894,4428
img_005895,4429
img_005896,6330
img_005897,6079
img_005898,4432
img_005899,5555
img_005900,6028
img_005902,4435
img_005903,6112
img_005905,6405
img_005906,4438
img_005907,6405
img_005908,4440
img_005909,4441
img_005910,6112
img_005912,4443
img_005913,4444
img_005914,4445
img_005915,4558
img_005917,4447
img_005918,6153
img_005921,4449
img_005922,4450
img_005923,4451
img_005924,6210
img_005925,4453
img_005927,6296
img_005928,4455
img_005929,6310
img_005931,5621
img_005933,5887
img_005935,4459
img_005936,4460
img_005937,4461
img_005938,4462
img_005940,5727
img_005941,4464
img_005942,5752
img_005943,4466
img_005944,4467
img_005946,6112
img_005947,4469
img_005948,4470
img_005949,4471
img_005950,5414
img_005952,4473
img_005954,5355
img_005956,4475
img_005957,4717
img_005958,5607
img_005959,4478
img_005961,5607
img_005962,5355
img_005963,4481
img_005964,4482
img_005965,4483
img_005966,5596
img_005967,4485
img_005968,5752
img_005969,4487
img_005970,6210
img_005971,4489
img_005972,4490
img_005973,4491
img_005974,4492
img_005975,4493
img_005977,4494
img_005979,4495
img_005980,5675
img_005981,4497
img_005982,5969
img_005983,4499
img_005984,4500
img_005985,4501
img_005986,4502
img_005987,4503
img_005988,4504
img_005990,5751
img_005991,4506
img_005992,4507
img_005993,4508
img_005994,4509
img_005995,5818
img_005997,4511
img_006002,6244
img_006004,4513
img_006005,6293
img_006008,4515
img_006009,4516
img_006010,4517
img_006011,6405
img_006012,4519
img_006016,5973
img_006020,4521
img_006021,4522
img_006022,4523
img_006023,4524
img_006024,6310
img_006025,4526
img_006026,4527
img_006027,5621
img_006028,4529
img_006029,4530
img_006031,4531
img_006032,3697
img_006034,4533
img_006035,5621
img_006036,4535
img_006037,4410
img_006038,6112
img_006039,4538
img_006040,5973
img_006041,5607
img_006042,4541
img_006043,6079
img_006044,4543
img_006045,4544
img_006046,4545
img_006047,6134
img_006048,5441
img_006049,5399
img_006050,4549
img_006051,4550
img_006052,4551
img_006053,4552
img_006054,5275
img_006055,4554
img_006056,6079
img_006057,4556
img_006061,4557
img_006062,4558
img_006064,4559
img_006066,4560
img_006068,4561
img_006070,6198
img_006071,4563
img_006072,4564
img_006073,2475
img_006074,5699
img_006075,4567
img_006076,4568
img_006078,3782
img_006079,4570
img_006080,6310
img_006081,5045
img_006082,4573
img_006083,4574
img_006084,6330
img_006085,4576
img_006087,4577
img_006090,4578
img_006091,6210
img_006093,6183
img_006094,4581
img_006095,6448
img_006096,6386
img_006097,4584
img_006098,4585
img_006099,4586
img_006100,5772
img_006101,4588
img_006102,4589
img_006103,4590
img_006104,4591
img_006106,5751
img_006107,4593
img_006109,5876
img_006110,4595
img_006112,4596
img_006113,4597
img_006114,4598
img_006115,5818
img_006116,6153
img_006117,5655
img_006118,4602
img_006119,4603
img_006120,4604
img_006122,4605
img_006123,4606
img_006125,4607
img_006126,4608
img_006127,5383
img_006128,4610
img_006130,6377
img_006131,6082
img_006132,4613
img_006133,4614
img_006134,5501
img_006135,4616
img_006136,6112
img_006141,4618
img_006143,5523
img_006144,6210
img_006145,4621
img_006146,6079
img_006147,4623
img_006148,4624
img_006149,5751
img_006151,4626
img_006152,4627
img_006153,4628
img_006154,4629
img_006155,4630
img_006157,4631
img_006159,4632
img_006160,4633
img_006161,4634
img_006163,6183
img_006165,4636
img_006166,4637
img_006168,4638
img_006169,4639
img_006170,5887
img_006171,4641
img_006172,4642
img_006174,5755
img_006175,6405
img_006176,4645
img_006179,4646
img_006180,4647
img_006181,4648
img_006182,4747
img_006184,4650
img_006185,4651
img_006186,4652
img_006187,4653
img_006188,4654
img_006189,6023
img_006191,4656
img_006193,4657
img_006194,5887
img_006195,4659
img_006196,5355
img_006197,6061
img_006198,4662
img_006199,4663
img_006200,4664
img_006201,4665
img_006203,5713
img_006205,4667
img_006206,4668
img_006207,6183
img_006209,4670
img_006210,4671
img_006211,4672
img_006212,6342
img_006213,4674
img_006214,4675
img_006215,4676
img_006216,4320
img_006217,5379
img_006222,5848
img_006223,5887
img_006224,5772
img_006225,6112
img_006226,4683
img_006228,4684
img_006229,4685
img_006230,4788
img_006231,4687
img_006234,4688
img_006235,4689
img_006236,5772
img_006237,4691
img_006238,6079
img_006240,4693
img_006243,5887
img_006244,4695
img_006246,4696
img_006247,5666
img_006249,4115
img_006251,4699
img_006252,5355
img_006253,4701
img_006255,4702
img_006257,4703
img_006260,5824
img_006261,4705
img_006262,5355
img_006264,4707
img_006265,4708
img_006266,4709
img_006267,5355
img_006268,4711
img_006269,3110
img_006270,4713
img_006271,6134
img_006272,6377
img_006273,6329
img_006274,4717
img_006277,5887
img_006278,4719
img_006279,4720
img_006280,5355
img_006282,6183
img_006283,6183
img_006284,6386
img_006285,6405
img_006286,4726
img_006289,4727
img_006291,6153
img_006292,4729
img_006294,4730
img_006295,5907
img_006296,5607
img_006297,4733
img_006300,4734
img_006301,4735
img_006302,4055
img_006303,5776
img_006305,5917
img_006306,6405
img_006307,5378
img_006308,4741
img_006309,4742
img_006312,5772
img_006313,4744
img_006314,4745
img_006315,5522
img_006316,4747
img_006317,4052
img_006318,4803
img_006319,4750
img_006320,4751
img_006322,4752
img_006323,6405
img_006324,4754
img_006325,4755
img_006326,4756
img_006327,4757
img_006329,4758
img_006330,4759
img_006331,6134
img_006332,2475
img_006333,4762
img_006334,4883
img_006335,4764
img_006337,4765
img_006338,4766
img_006339,4767
img_006340,5752
img_006341,4769
img_006343,5762
img_006344,5254
img_006345,4772
img_006346,4773
img_006347,6112
img_006348,4775
img_006352,6439
img_006354,4777
img_006356,4778
img_006357,4779
img_006358,6112
img_006359,4781
img_006360,6083
img_006361,6198
img_006362,4784
img_006363,4785
img_006364,4786
img_006367,4787
img_006368,4788
img_006369,4747
img_006370,4558
img_006371,4791
img_006373,4792
img_006374,4793
img_006375,4794
img_006376,4795
img_006377,4796
img_006378,4797
img_006379,6023
img_006380,6210
img_006382,6405
img_006383,4801
img_006384,6293
img_006385,4803
img_006386,4804
img_006387,4805
img_006389,4806
img_006390,4807
img_006392,4808
img_006393,5621
img_006394,4810
img_006395,4811
img_006396,4812
img_006397,6112
img_006398,4814
img_006399,5887
img_006400,4816
img_006401,4817
img_006402,4818
img_006403,4819
img_006404,4820
img_006405,6293
img_006406,4822
img_006407,4823
img_006408,5234
img_006409,6112
img_006410,5077
img_006413,4827
img_006414,4828
img_006416,4829
img_006420,4830
img_006421,4831
img_006422,4832
img_006423,4833
img_006424,4834
img_006426,6153
img_006428,6405
img_006430,4837
img_006431,4838
img_006432,5255
img_006433,4840
img_006434,4841
img_006435,4842
img_006437,6405
img_006438,4844
img_006441,6405
img_006442,5952
img_006443,3697
img_006445,4848
img_006447,6112
img_006448,5204
img_006449,5887
img_006450,6112
img_006452,4853
img_006453,6112
img_006454,4855
img_006455,4856
img_006457,5363
img_006458,4858
img_006460,4859
img_006461,4860
img_006463,4861
img_006465,4862
img_006466,4863
img_006467,5236
img_006469,4865
img_006470,4866
img_006471,4867
img_006472,6210
img_006473,4869
img_006474,6285
img_006475,6086
img_006477,4872
img_006478,4873
img_006482,4874
img_006483,4875
img_006484,5924
img_006485,4877
img_006486,4878
img_006487,4879
img_006489,6112
img_006490,4881
img_006491,4882
img_006493,4883
img_006494,5612
img_006496,6153
img_006498,4886
img_006500,5379
img_006501,4888
img_006503,6418
img_006504,4890
img_006505,4891
img_006507,4892
img_006509,4893
img_006510,4894
img_006511,4895
img_006514,4896
img_006515,5854
img_006516,4898
img_006517,4899
img_006518,5621
img_006519,4901
img_006521,4902
img_006522,4903
img_006523,5887
img_006524,5854
img_006525,4906
img_006526,4907
img_006528,6220
img_006530,4909
img_006533,3132
img_006534,4911
img_006535,4912
img_006537,6439
img_006538,4914
img_006539,4915
img_006540,5432
img_006541,4917
img_006544,4918
img_006546,4919
img_006547,4920
img_006549,4921
img_006550,4922
img_006553,5752
img_006555,6377
img_006556,4925
img_006558,5772
img_006559,5969
img_006560,4928
img_006562,6377
img_006563,4930
img_006565,4931
img_006566,6023
img_006567,6419
img_006571,6455
img_006572,607
img_006573,5254
img_006574,5355
img_006577,4938
img_006578,4939
img_006580,6024
img_006581,5995
img_006582,4942
img_006583,5887
img_006584,6447
img_006586,6405
img_006588,5648
img_006592,6079
img_006593,5182
img_006594,4949
img_006595,5015
img_006596,4951
img_006598,4952
img_006599,5752
img_006600,4954
img_006601,4955
img_006602,6448
img_006603,4957
img_006604,4958
img_006606,4959
img_006607,6034
img_006608,6204
img_006609,4962
img_006611,4963
img_006612,4964
img_006613,6210
img_006614,4966
img_006615,5443
img_006616,6183
img_006617,4969
img_006618,4970
img_006619,4971
img_006620,5182
img_006621,4973
img_006622,4974
img_006623,6033
img_006624,6112
img_006625,6448
img_006626,4978
img_006629,6112
img_006631,6330
img_006632,4981
img_006633,6128
img_006634,4983
img_006635,5432
img_006636,4985
img_006637,4986
img_006638,5355
img_006641,6153
img_006642,4989
img_006643,6285
img_006646,4991
img_006649,4992
img_006651,5107
img_006652,4994
img_006653,4995
img_006654,4996
img_006655,5887
img_006656,6210
img_006657,4999
img_006659,5000
img_006660,5001
img_006661,5002
img_006662,5003
img_006663,5004
img_006664,5334
img_006668,6412
img_006669,6112
img_006670,5008
img_006671,5009
img_006675,5010
img_006677,6400
img_006678,6183
img_006679,5013
img_006680,5014
img_006683,5015
img_006684,5016
img_006685,5017
img_006687,5018
img_006688,6210
img_006689,5020
img_006690,5887
img_006691,5022
img_006692,5023
img_006694,5024
img_006695,6134
img_006696,5617
img_006697,6134
img_006699,6183
img_006700,5029
img_006701,5030
img_006704,5031
img_006705,5751
img_006706,5033
img_006707,5034
img_006709,6023
img_006710,5036
img_006712,5037
img_006713,5038
img_006714,6153
img_006715,5040
img_006717,5041
img_006718,5467
img_006719,6316
img_006720,5044
img_006723,5045
img_006724,6448
img_006725,5047
img_006726,5048
img_006727,5049
img_006728,5050
img_006729,5051
img_006732,6316
img_006733,5887
img_006735,6455
img_006736,6112
img_006738,5056
img_006739,5057
img_006741,5058
img_006742,5059
img_006743,3697
img_006744,5061
img_006745,5062
img_006746,5063
img_006747,5169
img_006748,5065
img_006749,5066
img_006751,5067
img_006752,5068
img_006754,5069
img_006755,5070
img_006756,5713
img_006757,6405
img_006759,5073
img_006760,6167
img_006761,6419
img_006762,5691
img_006763,5077
img_006765,5078
img_006767,6153
img_006770,5363
img_006772,4747
img_006774,5082
img_006775,5083
img_006776,5084
img_006777,5085
img_006778,5086
img_006780,5087
img_006781,5717
img_006782,6210
img_006783,6133
img_006784,5091
img_006785,6153
img_006786,5093
img_006787,5686
img_006791,5095
img_006793,5399
img_006795,5856
img_006796,5098
img_006797,5621
img_006798,5100
img_006800,5101
img_006801,5102
img_006804,5103
img_006806,6405
img_006807,5355
img_006809,6293
img_006812,5107
img_006813,6207
img_006814,6257
img_006816,6369
img_006818,5111
img_006819,5112
img_006820,5113
img_006821,6405
img_006822,5115
img_006823,5116
img_006824,5117
img_006825,5118
img_006826,6405
img_006827,5120
img_006828,5121
img_006829,5122
img_006830,5123
img_006832,5124
img_006835,5125
img_006838,5126
img_006839,5127
img_006840,5441
img_006844,6210
img_006845,4803
img_006846,5131
img_006847,5132
img_006848,5133
img_006849,5134
img_006850,5887
img_006851,5136
img_006852,5607
img_006854,5138
img_006855,5139
img_006857,5140
img_006858,5522
img_006860,6364
img_006862,5143
img_006864,4115
img_006865,5145
img_006866,5146
img_006868,5147
img_006869,5148
img_006871,4325
img_006872,5150
img_006873,5151
img_006876,5152
img_006877,5153
img_006879,5154
img_006882,6405
img_006883,5156
img_006884,5157
img_006885,5158
img_006886,5159
img_006887,5717
img_006888,4115
img_006889,6244
img_006890,5163
img_006892,5164
img_006893,5237
img_006897,5887
img_006898,5167
img_006899,5168
img_006900,5169
img_006904,5170
img_006905,6144
img_006907,5995
img_006908,5848
img_006909,5396
img_006910,5175
img_006912,5176
img_006913,5177
img_006914,5178
img_006915,5179
img_006917,5180
img_006918,5181
img_006919,5182
img_006921,5871
img_006922,5184
img_006924,5185
img_006925,5186
img_006926,5187
img_006929,6210
img_006931,5189
img_006933,5190
img_006934,5191
img_006935,5192
img_006936,5193
img_006937,5194
img_006938,5195
img_006939,5196
img_006941,5197
img_006943,5198
img_006945,5199
img_006946,6405
img_006949,5201
img_006950,5202
img_006953,5561
img_006954,5204
img_006956,5686
img_006957,5811
img_006958,5207
img_006959,5607
img_006960,5621
img_006961,5210
img_006964,6134
img_006965,5212
img_006966,6212
img_006967,5214
img_006968,5215
img_006969,5216
img_006970,6324
img_006971,5218
img_006974,6112
img_006975,5355
img_006976,5221
img_006977,5222
img_006978,5223
img_006979,5224
img_006981,6310
img_006982,6183
img_006984,5227
img_006985,6210
img_006986,5229
img_006987,5713
img_006988,5501
img_006989,5232
img_006990,5233
img_006991,5234
img_006992,5235
img_006993,5236
img_006994,5237
img_006995,6028
img_006996,6446
img_006997,5240
img_006998,5241
img_006999,5242
img_007000,6262
img_007002,5244
img_007003,5245
img_007004,6079
img_007005,5247
img_007006,5248
img_007007,3782
img_007008,5250
img_007010,5251
img_007011,3132
img_007012,5253
img_007013,5254
img_007015,5255
img_007017,6251
img_007018,6028
img_007019,5258
img_007020,6210
img_007021,5260
img_007022,5261
img_007024,5887
img_007025,5263
img_007026,5264
img_007027,5265
img_007028,5266
img_007031,5267
img_007034,5268
img_007035,5269
img_007036,5270
img_007038,5271
img_007040,5272
img_007041,5273
img_007043,5995
img_007044,5275
img_007046,5276
img_007047,6310
img_007048,5278
img_007049,5279
img_007050,5795
img_007051,5388
img_007052,5501
img_007053,5818
img_007054,5284
img_007055,5887
img_007056,6153
img_007057,5287
img_007058,6112
img_007059,6210
img_007061,6183
img_007062,5291
img_007063,6153
img_007064,5293
img_007065,5294
img_007066,5295
img_007067,5296
img_007068,5297
img_007070,5298
img_007071,6405
img_007072,5300
img_007073,6405
img_007074,5302
img_007076,5270
img_007077,5304
img_007080,5305
img_007081,5306
img_007082,5307
img_007083,5308
img_007084,6079
img_007087,5310
img_007088,5311
img_007090,5312
img_007091,5313
img_007092,5314
img_007093,5126
img_007095,5316
img_007096,5317
img_007097,5318
img_007099,5319
img_007100,6210
img_007102,2475
img_007103,5322
img_007104,5323
img_007105,5324
img_007107,6210
img_007109,5326
img_007110,6183
img_007111,6079
img_007112,6447
img_007113,5330
img_007114,5331
img_007115,5332
img_007116,6419
img_007118,5334
img_007119,5752
img_007121,5443
img_007122,5337
img_007123,5338
img_007124,5339
img_007125,5340
img_007127,5341
img_007128,6079
img_007131,6210
img_007132,5344
img_007133,6112
img_007135,5346
img_007137,5347
img_007138,5772
img_007139,5818
img_007140,6079
img_007141,5351
img_007142,5352
img_007143,5353
img_007144,5354
img_007145,5355
img_007146,5356
img_007147,5818
img_007148,5358
img_007151,5359
img_007153,6153
img_007154,5361
img_007155,6439
img_007156,5363
img_007157,5364
img_007158,5365
img_007159,5366
img_007160,5818
img_007162,5368
img_007163,5369
img_007165,4657
img_007166,5607
img_007167,5818
img_007169,4115
img_007172,5374
img_007173,6134
img_007174,5376
img_007175,5610
img_007176,5378
img_007177,5379
img_007178,5380
img_007179,5381
img_007180,3797
img_007181,5383
img_007184,5384
img_007187,5385
img_007190,5386
img_007192,5387
img_007195,5388
img_007196,6112
img_007197,5390
img_007199,5391
img_007200,5355
img_007201,4052
img_007202,5394
img_007203,6405
img_007204,5396
img_007206,5397
img_007207,5398
img_007208,5399
img_007209,5400
img_007210,6210
img_007211,5402
img_007214,6112
img_007215,6405
img_007216,5405
img_007217,5406
img_007220,5407
img_007221,5621
img_007222,5409
img_007223,5410
img_007224,5411
img_007225,5412
img_007228,5413
img_007229,5414
img_007231,5415
img_007232,5416
img_007233,5417
img_007234,5418
img_007235,6310
img_007236,5621
img_007239,6133
img_007241,5422
img_007242,6198
img_007243,5424
img_007244,5425
img_007245,6277
img_007250,5427
img_007251,5428
img_007253,5429
img_007254,5430
img_007255,5431
img_007256,5432
img_007257,3782
img_007258,5900
img_007259,5435
img_007262,5436
img_007263,6210
img_007265,5438
img_007267,6183
img_007268,5440
img_007271,5441
img_007274,5442
img_007275,5443
img_007278,5444
img_007279,5445
img_007280,6153
img_007281,5447
img_007282,5448
img_007284,5449
img_007285,5450
img_007287,5501
img_007288,5452
img_007289,5453
img_007290,5454
img_007291,6061
img_007292,5456
img_007293,5523
img_007294,5458
img_007295,5459
img_007296,5460
img_007297,5461
img_007299,5462
img_007300,6405
img_007301,5464
img_007303,6210
img_007304,5466
img_007305,5467
img_007306,5468
img_007307,5469
img_007308,5470
img_007310,5471
img_007312,5472
img_007314,6160
img_007315,5474
img_007316,5475
img_007317,5476
img_007318,6405
img_007319,5478
img_007321,5479
img_007322,6405
img_007323,5481
img_007324,5482
img_007325,6153
img_007326,5484
img_007327,6112
img_007329,5486
img_007330,5502
img_007332,5488
img_007333,5489
img_007334,5490
img_007335,6379
img_007337,5492
img_007338,5493
img_007339,5494
img_007341,6387
img_007342,5496
img_007343,6436
img_007344,5498
img_007345,5621
img_007346,5500
img_007347,5501
img_007348,5502
img_007351,6405
img_007353,6405
img_007354,5505
img_007355,5506
img_007356,5507
img_007357,5508
img_007358,5509
img_007359,5510
img_007360,5511
img_007362,5512
img_007364,5513
img_007365,5514
img_007366,5515
img_007367,5516
img_007371,5818
img_007372,6183
img_007374,5519
img_007375,4052
img_007376,6316
img_007377,5522
img_007378,5523
img_007380,5524
img_007381,6419
img_007382,6198
img_007383,6112
img_007384,6405
img_007385,5529
img_007386,6122
img_007387,4055
img_007388,6076
img_007389,5533
img_007390,5534
img_007391,6405
img_007393,5501
img_007395,6310
img_007396,5538
img_007397,5539
img_007398,5540
img_007399,5541
img_007400,5542
img_007402,5848
img_007403,5752
img_007404,5545
img_007405,5546
img_007406,5547
img_007407,5548
img_007409,5234
img_007411,5550
img_007412,5551
img_007414,5621
img_007415,5553
img_007416,5554
img_007417,5555
img_007418,6405
img_007419,5557
img_007420,6132
img_007421,5559
img_007422,5560
img_007423,5561
img_007424,5562
img_007425,6405
img_007426,6277
img_007428,5565
img_007429,5824
img_007431,6076
img_007432,5568
img_007433,5569
img_007434,5570
img_007435,5571
img_007436,6133
img_007438,5887
img_007440,6086
img_007441,6132
img_007442,5576
img_007443,5577
img_007445,5578
img_007446,5792
img_007447,6112
img_007450,5581
img_007451,5582
img_007452,5824
img_007453,5584
img_007454,5585
img_007456,6183
img_007458,5587
img_007459,5588
img_007460,4747
img_007462,5590
img_007465,5591
img_007466,5592
img_007467,5593
img_007469,5594
img_007470,6075
img_007471,5596
img_007472,5597
img_007473,5598
img_007474,5599
img_007475,5600
img_007476,5601
img_007477,5602
img_007480,5645
img_007481,6448
img_007482,6405
img_007483,6153
img_007484,5607
img_007485,5608
img_007488,5609
img_007489,5610
img_007490,5611
img_007491,5612
img_007492,6050
img_007493,5614
img_007494,6134
img_007495,6112
img_007496,5617
img_007497,5618
img_007498,5619
img_007499,5620
img_007500,5621
img_007501,5622
img_007502,6112
img_007503,5624
img_007504,6386
img_007505,5713
img_007506,5627
img_007507,6153
img_007508,5713
img_007509,6377
img_007511,5631
img_007512,5854
img_007513,5908
img_007514,5634
img_007516,6210
img_007517,5636
img_007518,5637
img_007519,5638
img_007520,5639
img_007521,6293
img_007523,5641
img_007524,5642
img_007525,4558
img_007526,5776
img_007527,5645
img_007528,6447
img_007529,5647
img_007530,5648
img_007531,5649
img_007532,6448
img_007533,5651
img_007534,5652
img_007536,5653
img_007537,5654
img_007538,5655
img_007539,5656
img_007540,5657
img_007541,5658
img_007542,5659
img_007545,5660
img_007546,5661
img_007547,5662
img_007549,5663
img_007550,5664
img_007552,5887
img_007553,5666
img_007554,6202
img_007556,5668
img_007558,5824
img_007559,5670
img_007562,5671
img_007564,5672
img_007566,6446
img_007568,5674
img_007570,5675
img_007571,5676
img_007574,5677
img_007575,5678
img_007577,5752
img_007578,5680
img_007579,6377
img_007580,5682
img_007581,5683
img_007582,1735
img_007583,6405
img_007584,5686
img_007586,5687
img_007588,5688
img_007590,5689
img_007592,5690
img_007593,5691
img_007595,5692
img_007596,5693
img_007598,5694
img_007600,5695
img_007602,6406
img_007603,5697
img_007605,5698
img_007606,5699
img_007607,5621
img_007608,5701
img_007609,5702
img_007611,5703
img_007612,3132
img_007613,5705
img_007614,6405
img_007615,5707
img_007617,5854
img_007618,5709
img_007619,5710
img_007620,5711
img_007621,5712
img_007622,5713
img_007623,5714
img_007624,5715
img_007625,3782
img_007626,5717
img_007627,5718
img_007628,5719
img_007629,5720
img_007630,5721
img_007632,6195
img_007633,5723
img_007634,5522
img_007635,5725
img_007636,3132
img_007637,5727
img_007638,5728
img_007639,5729
img_007640,5730
img_007641,6079
img_007642,5732
img_007643,5733
img_007644,5734
img_007645,6405
img_007649,5854
img_007650,5737
img_007651,5738
img_007652,5907
img_007653,5740
img_007655,5741
img_007656,5742
img_007657,5743
img_007659,6405
img_007660,5923
img_007661,5746
img_007662,6086
img_007665,4621
img_007666,5749
img_007667,5750
img_007668,5751
img_007669,5752
img_007670,5355
img_007671,5752
img_007672,5755
img_007673,5756
img_007674,5757
img_007676,5758
img_007677,5903
img_007678,5760
img_007679,5761
img_007680,5762
img_007681,5763
img_007682,4803
img_007683,6183
img_007686,5766
img_007687,5767
img_007689,6210
img_007690,5769
img_007691,5770
img_007695,5771
img_007696,5772
img_007697,5773
img_007698,5774
img_007701,5355
img_007702,5776
img_007703,5777
img_007704,5778
img_007705,5779
img_007706,6405
img_007707,6214
img_007709,5782
img_007710,5783
img_007712,5432
img_007716,5789
img_007717,5786
img_007718,5787
img_007721,5788
img_007723,5789
img_007724,6024
img_007725,5791
img_007726,5792
img_007728,6446
img_007729,5794
img_007731,5795
img_007733,5234
img_007734,5887
img_007735,5798
img_007736,6024
img_007739,6310
img_007740,5801
img_007741,5802
img_007742,5887
img_007744,5804
img_007746,5805
img_007747,5806
img_007748,5807
img_007749,5808
img_007750,6405
img_007751,5810
img_007753,5811
img_007754,6079
img_007756,6419
img_007759,5814
img_007760,5815
img_007761,5816
img_007762,5621
img_007763,5818
img_007765,6339
img_007766,6134
img_007767,5821
img_007768,5822
img_007769,5823
img_007770,5824
img_007771,5825
img_007772,5826
img_007773,6210
img_007774,6093
img_007777,5829
img_007778,5607
img_007779,5831
img_007780,5832
img_007781,5833
img_007782,5834
img_007785,5835
img_007786,5836
img_007788,6024
img_007791,6134
img_007792,5839
img_007794,5840
img_007796,5924
img_007797,5934
img_007799,5843
img_007800,5818
img_007801,5845
img_007802,5818
img_007804,5713
img_007805,5848
img_007806,5849
img_007807,6313
img_007808,5851
img_007809,5852
img_007810,5853
img_007811,5854
img_007812,5855
img_007815,5856
img_007816,5857
img_007818,5818
img_007819,5859
img_007822,5860
img_007823,5861
img_007824,5862
img_007825,5621
img_007826,5607
img_007827,6153
img_007828,6079
img_007831,5867
img_007832,6033
img_007834,5869
img_007835,6153
img_007836,5871
img_007837,5872
img_007838,5873
img_007839,5874
img_007840,5875
img_007841,5876
img_007842,6193
img_007843,5878
img_007844,6183
img_007846,6023
img_007847,5881
img_007848,5752
img_007849,5883
img_007850,5884
img_007851,5885
img_007852,5886
img_007854,5887
img_007855,5888
img_007856,5889
img_007857,5890
img_007858,5621
img_007860,5713
img_007862,5893
img_007863,6050
img_007864,5895
img_007865,5896
img_007866,5897
img_007867,5898
img_007868,5899
img_007869,5900
img_007870,5254
img_007872,5902
img_007873,5903
img_007874,5234
img_007875,6310
img_007876,5906
img_007877,5907
img_007878,5908
img_007879,5909
img_007880,6112
img_007881,5911
img_007884,5912
img_007885,5913
img_007886,5914
img_007887,5915
img_007889,5916
img_007891,5917
img_007892,6462
img_007893,5919
img_007897,6023
img_007898,5921
img_007899,5922
img_007900,5923
img_007901,5924
img_007902,4115
img_007903,6210
img_007904,5927
img_007905,5928
img_007906,5929
img_007907,5930
img_007909,5441
img_007910,5932
img_007911,5933
img_007912,5934
img_007913,5935
img_007916,5936
img_007918,5937
img_007919,5938
img_007920,6455
img_007922,5940
img_007926,5941
img_007927,5942
img_007928,6310
img_007929,5944
img_007931,5945
img_007932,5946
img_007933,5947
img_007934,5854
img_007935,5949
img_007936,5621
img_007938,5951
img_007940,5952
img_007941,5953
img_007942,5954
img_007944,5955
img_007945,5956
img_007950,6079
img_007951,5607
img_007952,5959
img_007955,5960
img_007956,5961
img_007957,5962
img_007958,5887
img_007959,6010
img_007960,5965
img_007961,6183
img_007962,5967
img_007963,6183
img_007964,5969
img_007965,5970
img_007966,5971
img_007968,5972
img_007969,5973
img_007970,5974
img_007971,5975
img_007973,5976
img_007974,5977
img_007975,5978
img_007976,5979
img_007977,5980
img_007979,5981
img_007980,5982
img_007981,5983
img_007983,5984
img_007985,5985
img_007986,5986
img_007987,5987
img_007988,5988
img_007989,5989
img_007990,5990
img_007993,5991
img_007994,5992
img_007995,5993
img_007996,5994
img_007997,5995
img_007999,6079
img_008002,5997
img_008003,5998
img_008005,5999
img_008006,6000
img_008008,6001
img_008010,6002
img_008012,6003
img_008013,6079
img_008014,6005
img_008015,6210
img_008016,6183
img_008017,4325
img_008018,6153
img_008019,6010
img_008020,6011
img_008021,6012
img_008022,6013
img_008025,6014
img_008026,6015
img_008027,6016
img_008028,6017
img_008029,6018
img_008030,6019
img_008031,6020
img_008033,6021
img_008035,5772
img_008036,6023
img_008037,6024
img_008038,5522
img_008039,6026
img_008040,6027
img_008041,6028
img_008042,6029
img_008043,6030
img_008044,6031
img_008045,6032
img_008046,6033
img_008047,6034
img_008048,6035
img_008049,6036
img_008050,6037
img_008051,6038
img_008055,6039
img_008056,6023
img_008057,4052
img_008059,6042
img_008060,6043
img_008061,6044
img_008063,5907
img_008064,5126
img_008065,6047
img_008066,6048
img_008067,6049
img_008068,6050
img_008069,6051
img_008070,6052
img_008071,5234
img_008073,6054
img_008074,6055
img_008075,6056
img_008076,6057
img_008077,6079
img_008080,6059
img_008081,6060
img_008082,6061
img_008083,6062
img_008084,6063
img_008085,6064
img_008086,6065
img_008087,6086
img_008088,6067
img_008091,6068
img_008093,6069
img_008095,6070
img_008096,5501
img_008097,6072
img_008098,6073
img_008099,6153
img_008100,6075
img_008101,6076
img_008102,6077
img_008103,6024
img_008104,6079
img_008105,6222
img_008106,6081
img_008107,6082
img_008110,6083
img_008111,6084
img_008112,6085
img_008113,6086
img_008114,5818
img_008116,6088
img_008117,6089
img_008118,6090
img_008119,6091
img_008122,6092
img_008124,6093
img_008126,6094
img_008128,3132
img_008129,6096
img_008130,6097
img_008131,6153
img_008132,6099
img_008133,6100
img_008134,6153
img_008135,6102
img_008136,6103
img_008137,6104
img_008138,6386
img_008139,6386
img_008140,6419
img_008141,5234
img_008142,6109
img_008143,6387
img_008144,6111
img_008145,6112
img_008146,6113
img_008147,6326
img_008148,6115
img_008150,6116
img_008151,6117
img_008152,6118
img_008154,6119
img_008155,6120
img_008156,6121
img_008157,6122
img_008160,6123
img_008161,6183
img_008162,6112
img_008164,6126
img_008165,6079
img_008166,6128
img_008167,6310
img_008168,6130
img_008169,6131
img_008170,6132
img_008171,6133
img_008172,6134
img_008173,6023
img_008174,6313
img_008175,6198
img_008176,6138
img_008179,6139
img_008180,6140
img_008181,6141
img_008182,6142
img_008183,6143
img_008185,6144
img_008187,6145
img_008188,6146
img_008190,6147
img_008191,6148
img_008192,6149
img_008195,6150
img_008196,6151
img_008198,6152
img_008199,6153
img_008200,6154
img_008201,6155
img_008202,6156
img_008204,6157
img_008205,6158
img_008206,6159
img_008207,6160
img_008209,6161
img_008210,6162
img_008211,6163
img_008214,6164
img_008215,6165
img_008216,6166
img_008217,6167
img_008218,5607
img_008219,6169
img_008220,6170
img_008222,6171
img_008224,6172
img_008225,6173
img_008226,6174
img_008227,6134
img_008228,5751
img_008229,6177
img_008230,6310
img_008231,6179
img_008232,6180
img_008233,6181
img_008235,6182
img_008236,6183
img_008237,6296
img_008238,5887
img_008239,6186
img_008240,6187
img_008241,6028
img_008244,6189
img_008245,6190
img_008246,6191
img_008247,6192
img_008248,6193
img_008249,6194
img_008250,6195
img_008251,6196
img_008252,6183
img_008253,6198
img_008254,6199
img_008255,6200
img_008256,6201
img_008257,6202
img_008258,6203
img_008259,6204
img_008260,6205
img_008261,6206
img_008262,6207
img_008263,5607
img_008264,6209
img_008266,6210
img_008267,6134
img_008268,6212
img_008269,6213
img_008270,6214
img_008271,6215
img_008272,6216
img_008273,6210
img_008274,6218
img_008275,6219
img_008276,6220
img_008278,6028
img_008279,6222
img_008281,6223
img_008283,6224
img_008284,6225
img_008285,6226
img_008289,6227
img_008290,6228
img_008291,6386
img_008292,6230
img_008293,4115
img_008294,6232
img_008297,6233
img_008298,5818
img_008299,6235
img_008301,6236
img_008302,6237
img_008303,6238
img_008304,6419
img_008305,6240
img_008306,6241
img_008308,5270
img_008309,6243
img_008310,6244
img_008311,6296
img_008312,6246
img_008315,4115
img_008316,6248
img_008317,6249
img_008318,5234
img_008319,6251
img_008320,6252
img_008322,6253
img_008323,5237
img_008324,6255
img_008325,6134
img_008327,6257
img_008328,6258
img_008329,6259
img_008331,6028
img_008332,6261
img_008334,6262
img_008335,6210
img_008336,6028
img_008337,6265
img_008338,6266
img_008339,6267
img_008340,6268
img_008341,6183
img_008342,6270
img_008343,4410
img_008344,6405
img_008345,6273
img_008346,6274
img_008347,6210
img_008349,3797
img_008350,6277
img_008351,6278
img_008352,6279
img_008353,6280
img_008354,6281
img_008356,5824
img_008357,6283
img_008358,6284
img_008359,6285
img_008360,6286
img_008362,6287
img_008363,6288
img_008366,6289
img_008367,6210
img_008369,6291
img_008371,6292
img_008372,6293
img_008373,6294
img_008374,6295
img_008375,6296
img_008376,6297
img_008377,6298
img_008378,6412
img_008379,6300
img_008380,5621
img_008382,6302
img_008384,5621
img_008385,5952
img_008386,6305
img_008387,6306
img_008388,6183
img_008389,6308
img_008390,6309
img_008391,6310
img_008392,4115
img_008393,5399
img_008395,6313
img_008396,6314
img_008397,6315
img_008398,6316
img_008399,6383
img_008400,6318
img_008402,6412
img_008403,6320
img_008404,6321
img_008405,6322
img_008406,6323
img_008407,6324
img_008408,6325
img_008409,6326
img_008410,6327
img_008411,6134
img_008412,6329
img_008413,6330
img_008414,6331
img_008415,5254
img_008416,6333
img_008418,6334
img_008420,6335
img_008421,6336
img_008422,6337
img_008423,6338
img_008424,6339
img_008425,6340
img_008426,5854
img_008429,6342
img_008430,6343
img_008432,6344
img_008436,6345
img_008437,6346
img_008438,6347
img_008439,5887
img_008440,6349
img_008441,6350
img_008442,6112
img_008445,6352
img_008446,6353
img_008447,5887
img_008448,6355
img_008449,6356
img_008450,6357
img_008451,6079
img_008452,6359
img_008454,6360
img_008456,4052
img_008457,6362
img_008458,6363
img_008459,6364
img_008460,6365
img_008462,6112
img_008463,6367
img_008465,6368
img_008467,6369
img_008468,6370
img_008469,6371
img_008472,6372
img_008473,6373
img_008475,5751
img_008476,6375
img_008479,6377
img_008480,6377
img_008481,6378
img_008482,6379
img_008483,6380
img_008484,6381
img_008485,6382
img_008486,6383
img_008487,5621
img_008488,5752
img_008489,6386
img_008490,6387
img_008491,6388
img_008494,5501
img_008495,6390
img_008496,6183
img_008498,6392
img_008499,6393
img_008501,6394
img_008503,3910
img_008504,6396
img_008506,6397
img_008507,6398
img_008508,6405
img_008509,6400
img_008510,5713
img_008511,6112
img_008512,6403
img_008513,4558
img_008514,6405
img_008515,6406
img_008517,6407
img_008518,6408
img_008519,5621
img_008521,6405
img_008523,3782
img_008524,6412
img_008525,6413
img_008527,5441
img_008528,6112
img_008531,6416
img_008533,6417
img_008536,6418
img_008538,6419
img_008539,6420
img_008540,5355
img_008546,6422
img_008547,6423
img_008548,6455
img_008551,6425
img_008552,5355
img_008553,6427
img_008554,6428
img_008555,5522
img_008556,6405
img_008561,6210
img_008563,6432
img_008566,5045
img_008567,5234
img_008569,6183
img_008572,6436
img_008574,6112
img_008575,6079
img_008576,6439
img_008577,6377
img_008582,6441
img_008587,6442
img_008590,6443
img_008593,6444
img_008594,6445
img_008595,6446
img_008596,6447
img_008597,6448
img_008599,6449
img_008600,6450
img_008601,6451
img_008602,6452
img_008603,6112
img_008605,5752
img_008606,6455
img_008607,6456
img_008608,6457
img_008610,6458
img_008611,6459
img_008613,6460
img_008615,6461
img_008616,6462
img_008617,6463
img_008618,6464
img_008619,6465
img_008620,6466
img_008624,6467
img_008625,6468
img_008628,6469
img_008629,5854
