image_id,width,height
img_000005,1920,1080
img_000006,2000,1500
img_000007,1400,1050
img_000009,1920,1080
img_000010,2000,1500
img_000011,1400,788
img_000012,1916,1078
img_000013,1400,1050
img_000014,1400,1050
img_000015,1360,765
img_000017,1360,765
img_000019,1916,1078
img_000021,1400,1050
img_000023,1400,788
img_000024,2000,1500
img_000025,1400,788
img_000026,1400,788
img_000027,1400,788
img_000028,960,540
img_000029,1400,1050
img_000031,2000,1500
img_000032,1400,1050
img_000033,2000,1500
img_000034,1360,765
img_000035,2000,1500
img_000036,2000,1500
img_000037,1360,765
img_000038,1916,1078
img_000039,1400,1050
img_000040,960,540
img_000041,1400,788
img_000043,1360,765
img_000045,1400,788
img_000046,1400,1050
img_000047,1400,1050
img_000048,1400,1050
img_000049,1400,1050
img_000050,1400,1050
img_000051,1400,1050
img_000052,1400,788
img_000053,1400,1050
img_000054,2000,1500
img_000055,1400,788
img_000056,2000,1500
img_000057,2000,1500
img_000059,1400,1050
img_000062,1400,1050
img_000063,1916,1078
img_000064,1920,1080
img_000065,1920,1080
img_000067,1400,788
img_000068,2000,1500
img_000069,1400,788
img_000070,1920,1080
img_000071,1916,1078
img_000072,1400,1050
img_000073,1400,1050
img_000074,1400,788
img_000076,1400,788
img_000078,1400,788
img_000079,1400,1050
img_000080,1400,1050
img_000081,960,540
img_000083,1400,1050
img_000084,1400,1050
img_000085,1400,788
img_000086,960,540
img_000087,1360,765
img_000088,1400,788
img_000090,2000,1500
img_000091,2000,1500
img_000092,1400,788
img_000097,1400,1050
img_000099,1360,765
img_000101,960,540
img_000102,1400,1050
img_000103,960,540
img_000104,1400,788
img_000105,1400,1050
img_000108,1400,1050
img_000109,1400,1050
img_000110,1400,788
img_000111,1400,788
img_000113,1400,788
img_000116,1360,765
img_000117,1920,1080
img_000118,1400,1050
img_000119,1920,1080
img_000120,1400,1050
img_000121,1400,1050
img_000122,1400,788
img_000123,1400,788
img_000124,1400,1050
img_000125,1360,765
img_000126,1360,765
img_000127,1920,1080
img_000128,1400,1050
img_000129,2000,1500
img_000130,1360,765
img_000132,1400,788
img_000133,1400,788
img_000134,960,540
img_000135,1400,788
img_000138,1400,1050
img_000139,1400,1050
img_000140,1400,788
img_000142,1400,788
img_000143,1400,1050
img_000145,1400,788
img_000146,1916,1078
img_000147,1360,765
img_000148,1400,788
img_000149,2000,1500
img_000150,1400,1050
img_000151,1916,1078
img_000152,1360,765
img_000153,1400,1050
img_000154,2000,1500
img_000156,1400,788
img_000157,1360,765
img_000158,1400,788
img_000160,1360,765
img_000161,2000,1500
img_000162,1400,788
img_000164,1400,1050
img_000165,1400,788
img_000166,1400,1050
img_000167,1400,788
img_000168,1360,765
img_000169,1916,1078
img_000171,1400,788
img_000172,1400,788
img_000173,1400,788
img_000175,1400,788
img_000176,1916,1078
img_000177,1400,788
img_000178,1400,1050
img_000179,1400,1050
img_000180,2000,1500
img_000181,1360,765
img_000183,1400,1050
img_000184,1400,788
img_000185,960,540
img_000186,960,540
img_000187,1400,1050
img_000188,2000,1500
img_000189,2000,1500
img_000190,2000,1500
img_000192,1360,765
img_000194,1400,1050
img_000195,1400,788
img_000197,1400,1050
img_000199,1400,1050
img_000200,1400,1050
img_000201,1400,1050
img_000202,2000,1500
img_000204,960,540
img_000205,1360,765
img_000206,1400,788
img_000207,1360,765
img_000212,2000,1500
img_000213,1400,1050
img_000214,2000,1500
img_000215,1400,1050
img_000216,1400,1050
img_000217,2000,1500
img_000218,1400,1050
img_000220,1400,1050
img_000221,1400,1050
img_000222,1400,1050
img_000223,1400,1050
img_000225,1920,1080
img_000226,1916,1078
img_000227,1916,1078
img_000228,2000,1500
img_000229,1916,1078
img_000231,1916,1078
img_000232,1916,1078
img_000233,1400,1050
img_000234,1916,1078
img_000235,1360,765
img_000237,1400,1050
img_000239,1360,765
img_000241,1400,1050
img_000242,1400,1050
img_000243,1400,1050
img_000244,1400,1050
img_000245,1400,788
img_000247,2000,1500
img_000248,1400,788
img_000249,1360,765
img_000250,1360,765
img_000251,1360,765
img_000255,1916,1078
img_000257,1400,788
img_000258,1916,1078
img_000260,1400,1050
img_000261,1400,1050
img_000263,1400,788
img_000264,1916,1078
img_000266,2000,1500
img_000268,1400,1050
img_000269,1400,788
img_000270,2000,1500
img_000271,2000,1500
img_000274,1360,765
img_000276,1916,1078
img_000277,960,540
img_000278,1400,1050
img_000279,2000,1500
img_000280,2000,1500
img_000281,1400,1050
img_000283,2000,1500
img_000284,1400,788
img_000285,1400,1050
img_000287,1360,765
img_000288,1400,788
img_000289,1360,765
img_000290,1360,765
img_000291,1400,1050
img_000295,1916,1078
img_000296,1916,1078
img_000297,1400,788
img_000298,1400,1050
img_000299,1400,1050
img_000300,2000,1500
img_000301,1400,788
img_000302,1400,1050
img_000303,1400,1050
img_000304,960,540
img_000305,1400,1050
img_000306,1916,1078
img_000307,1400,788
img_000309,2000,1500
img_000310,1916,1078
img_000312,1400,1050
img_000313,960,540
img_000314,1916,1078
img_000319,1360,765
img_000322,1400,1050
img_000323,960,540
img_000324,1400,1050
img_000327,1400,1050
img_000328,2000,1500
img_000329,1400,1050
img_000330,1400,1050
img_000331,1400,1050
img_000332,1400,1050
img_000333,960,540
img_000334,1400,1050
img_000335,2000,1500
img_000337,1916,1078
img_000339,1400,788
img_000340,2000,1500
img_000342,1400,788
img_000343,1400,1050
img_000344,1400,1050
img_000345,1400,1050
img_000346,1920,1080
img_000347,1916,1078
img_000349,1400,1050
img_000350,1400,788
img_000353,960,540
img_000354,1920,1080
img_000355,1400,788
img_000359,1360,765
img_000360,1400,1050
img_000361,1400,1050
img_000362,1400,1050
img_000363,1400,1050
img_000364,1400,1050
img_000365,2000,1500
img_000367,1920,1080
img_000368,1400,1050
img_000369,1916,1078
img_000370,1400,1050
img_000371,1400,1050
img_000373,1400,1050
img_000374,1400,788
img_000376,1360,765
img_000377,1400,1050
img_000378,1360,765
img_000379,1360,765
img_000380,1400,1050
img_000381,2000,1500
img_000382,1400,1050
img_000383,2000,1500
img_000384,1400,1050
img_000386,1400,1050
img_000387,1400,1050
img_000390,1920,1080
img_000391,2000,1500
img_000392,1400,788
img_000393,1400,788
img_000394,1400,788
img_000396,1400,1050
img_000397,1360,765
img_000398,1400,1050
img_000399,1400,1050
img_000400,1400,1050
img_000402,960,540
img_000404,1400,1050
img_000405,1400,788
img_000406,1400,788
img_000407,1400,788
img_000408,1400,1050
img_000409,1360,765
img_000411,960,540
img_000412,1360,765
img_000413,1400,1050
img_000414,1916,1078
img_000416,1920,1080
img_000417,1400,1050
img_000418,1400,1050
img_000419,1400,1050
img_000420,1400,1050
img_000421,1400,1050
img_000422,1400,1050
img_000423,1400,788
img_000424,1400,1050
img_000425,1920,1080
img_000426,1920,1080
img_000427,1400,1050
img_000428,1920,1080
img_000429,1400,788
img_000430,1400,1050
img_000431,1360,765
img_000432,1400,788
img_000433,1400,1050
img_000434,1400,1050
img_000435,1400,1050
img_000436,2000,1500
img_000439,1400,1050
img_000441,1400,1050
img_000442,1400,788
img_000445,960,540
img_000446,1400,1050
img_000448,1400,1050
img_000449,1400,1050
img_000450,1400,1050
img_000451,1400,788
img_000452,960,540
img_000453,1360,765
img_000454,1400,1050
img_000455,1400,1050
img_000456,2000,1500
img_000457,1360,765
img_000458,1400,1050
img_000459,1360,765
img_000460,1400,1050
img_000461,1400,1050
img_000462,1400,1050
img_000463,1400,788
img_000465,1400,788
img_000466,1400,788
img_000467,1400,1050
img_000468,2000,1500
img_000469,1916,1078
img_000470,1360,765
img_000472,1400,1050
img_000473,1400,1050
img_000474,1400,788
img_000475,1400,788
img_000477,1400,1050
img_000478,1400,788
img_000481,1400,788
img_000482,1400,1050
img_000484,1400,1050
img_000485,1400,788
img_000486,1916,1078
img_000487,1916,1078
img_000488,1400,1050
img_000489,1400,788
img_000490,1400,788
img_000491,1360,765
img_000493,1400,788
img_000494,2000,1500
img_000495,1400,1050
img_000497,1400,1050
img_000498,1400,788
img_000499,1916,1078
img_000500,1920,1080
img_000501,1400,1050
img_000504,1360,765
img_000505,1400,788
img_000506,1400,788
img_000507,1916,1078
img_000510,1400,1050
img_000511,1400,1050
img_000512,1360,765
img_000513,1400,1050
img_000514,1400,788
img_000515,1400,1050
img_000516,1400,1050
img_000517,1400,788
img_000518,1916,1078
img_000519,1916,1078
img_000523,1400,1050
img_000524,1400,1050
img_000525,1400,788
img_000526,1400,1050
img_000528,1400,788
img_000529,1400,788
img_000530,1400,1050
img_000532,1400,1050
img_000533,1400,1050
img_000534,1400,1050
img_000536,1360,765
img_000537,1400,1050
img_000538,1400,1050
img_000539,2000,1500
img_000541,1400,1050
img_000543,1400,1050
img_000545,1400,1050
img_000546,1400,1050
img_000547,1360,765
img_000548,2000,1500
img_000550,1400,1050
img_000551,1916,1078
img_000553,1400,788
img_000555,2000,1500
img_000556,1360,765
img_000557,1360,765
img_000558,1400,1050
img_000559,1400,1050
img_000560,1360,765
img_000562,2000,1500
img_000563,1920,1080
img_000564,1400,1050
img_000565,1400,1050
img_000566,1920,1080
img_000567,1400,788
img_000568,1400,1050
img_000569,2000,1500
img_000570,1400,1050
img_000571,1400,1050
img_000572,1400,788
img_000573,1400,788
img_000574,1400,1050
img_000575,1400,1050
img_000576,1400,788
img_000577,1400,1050
img_000578,1916,1078
img_000579,1400,1050
img_000581,1400,1050
img_000582,1400,788
img_000584,1400,1050
img_000585,2000,1500
img_000587,1400,1050
img_000588,1400,1050
img_000590,960,540
img_000591,1400,788
img_000592,1400,1050
img_000593,1400,1050
img_000594,1360,765
img_000595,2000,1500
img_000596,1920,1080
img_000597,1400,1050
img_000598,1400,1050
img_000599,2000,1500
img_000600,2000,1500
img_000601,2000,1500
img_000602,1400,788
img_000603,1400,1050
img_000604,1360,765
img_000605,1400,1050
img_000606,2000,1500
img_000607,2000,1500
img_000608,1916,1078
img_000609,1400,788
img_000611,1400,1050
img_000614,1400,1050
img_000619,1400,788
img_000620,1400,1050
img_000623,1360,765
img_000624,1360,765
img_000627,1360,765
img_000628,1360,765
img_000629,2000,1500
img_000631,1400,788
img_000632,1400,1050
img_000634,1400,1050
img_000635,2000,1500
img_000636,1360,765
img_000638,1400,1050
img_000639,1360,765
img_000640,1400,788
img_000641,2000,1500
img_000642,1400,1050
img_000643,1400,788
img_000644,1400,1050
img_000645,1400,788
img_000647,2000,1500
img_000648,1400,788
img_000649,1400,788
img_000650,1400,1050
img_000651,1400,1050
img_000652,1920,1080
img_000653,960,540
img_000654,2000,1500
img_000656,1400,788
img_000657,1400,1050
img_000659,1360,765
img_000660,1920,1080
img_000661,1400,1050
img_000662,1400,1050
img_000663,1400,788
img_000664,1400,1050
img_000665,1400,1050
img_000666,2000,1500
img_000667,1400,1050
img_000668,2000,1500
img_000669,1920,1080
img_000670,1916,1078
img_000672,1400,788
img_000673,1400,788
img_000674,1400,1050
img_000677,1400,1050
img_000679,1400,1050
img_000681,1400,1050
img_000682,1400,1050
img_000683,1400,788
img_000684,1400,1050
img_000685,1360,765
img_000686,2000,1500
img_000687,1400,1050
img_000688,1920,1080
img_000690,1400,1050
img_000691,1400,1050
img_000693,1400,788
img_000694,2000,1500
img_000695,2000,1500
img_000696,1400,788
img_000697,1400,788
img_000698,1400,1050
img_000700,1400,1050
img_000701,1400,788
img_000702,1400,1050
img_000703,1400,788
img_000704,1400,1050
img_000705,1400,788
img_000706,1400,1050
img_000707,2000,1500
img_000708,1400,1050
img_000709,2000,1500
img_000710,1916,1078
img_000711,1400,788
img_000712,1920,1080
img_000713,1916,1078
img_000714,2000,1500
img_000716,2000,1500
img_000717,960,540
img_000720,1400,788
img_000721,1400,788
img_000722,1400,788
img_000725,1360,765
img_000726,1400,788
img_000727,1400,1050
img_000728,2000,1500
img_000731,1400,1050
img_000732,1920,1080
img_000734,1360,765
img_000735,1920,1080
img_000737,1400,1050
img_000740,1400,788
img_000741,1400,788
img_000742,2000,1500
img_000743,1400,788
img_000745,1400,1050
img_000746,1400,788
img_000747,1360,765
img_000749,1400,1050
img_000750,2000,1500
img_000751,1360,765
img_000752,1916,1078
img_000753,960,540
img_000754,1400,1050
img_000755,1400,1050
img_000756,1400,1050
img_000757,1360,765
img_000758,1400,1050
img_000759,1400,1050
img_000760,1400,1050
img_000761,1400,788
img_000763,2000,1500
img_000765,1400,788
img_000767,2000,1500
img_000768,1400,788
img_000770,1400,1050
img_000771,1400,1050
img_000772,960,540
img_000773,1920,1080
img_000774,1400,1050
img_000775,960,540
img_000776,1400,1050
img_000777,1400,1050
img_000778,960,540
img_000780,2000,1500
img_000781,1920,1080
img_000783,1400,788
img_000785,1400,1050
img_000786,1400,788
img_000788,2000,1500
img_000790,1400,1050
img_000791,1360,765
img_000792,1920,1080
img_000793,1400,1050
img_000794,960,540
img_000795,1360,765
img_000796,1400,788
img_000797,1916,1078
img_000798,1400,1050
img_000799,1400,788
img_000800,2000,1500
img_000802,1400,788
img_000803,1400,1050
img_000805,1400,1050
img_000807,1400,1050
img_000808,1400,788
img_000811,1400,1050
img_000812,1400,1050
img_000815,1400,788
img_000816,1916,1078
img_000818,1400,1050
img_000819,2000,1500
img_000820,1400,788
img_000821,2000,1500
img_000822,1400,788
img_000823,1400,1050
img_000824,1360,765
img_000825,1400,788
img_000826,1400,1050
img_000827,1360,765
img_000829,1360,765
img_000830,2000,1500
img_000832,1400,1050
img_000833,1400,1050
img_000834,1400,1050
img_000835,1916,1078
img_000838,1400,1050
img_000839,1916,1078
img_000840,1400,1050
img_000842,2000,1500
img_000843,1400,788
img_000844,1400,1050
img_000845,1400,788
img_000846,1400,1050
img_000847,1400,788
img_000848,1400,788
img_000850,1400,1050
img_000851,2000,1500
img_000852,1916,1078
img_000853,1400,1050
img_000854,1916,1078
img_000856,1400,1050
img_000857,1400,1050
img_000859,1400,1050
img_000862,1400,788
img_000863,1360,765
img_000864,1400,1050
img_000865,1400,1050
img_000866,2000,1500
img_000868,1400,1050
img_000869,1360,765
img_000871,1400,1050
img_000872,1400,1050
img_000873,1400,1050
img_000875,1400,1050
img_000877,1400,788
img_000879,1400,1050
img_000880,1400,788
img_000882,2000,1500
img_000883,1360,765
img_000885,1400,1050
img_000886,1400,788
img_000887,1400,788
img_000888,1360,765
img_000889,1360,765
img_000891,1360,765
img_000892,1400,788
img_000893,1920,1080
img_000894,1400,1050
img_000895,1400,788
img_000897,1400,1050
img_000898,2000,1500
img_000899,1400,788
img_000901,1400,1050
img_000904,1360,765
img_000905,1916,1078
img_000907,2000,1500
img_000908,1360,765
img_000910,1400,1050
img_000911,1360,765
img_000912,1400,1050
img_000913,1400,788
img_000914,1400,788
img_000915,960,540
img_000916,1400,1050
img_000918,1400,788
img_000919,1400,1050
img_000920,1920,1080
img_000921,1400,788
img_000922,1400,1050
img_000923,1400,1050
img_000928,1920,1080
img_000929,1400,1050
img_000931,1400,1050
img_000932,1400,1050
img_000933,1400,788
img_000934,1400,1050
img_000935,1400,788
img_000936,1400,1050
img_000937,1400,1050
img_000938,1400,1050
img_000939,1360,765
img_000940,1400,1050
img_000941,1400,1050
img_000942,1400,1050
img_000943,1916,1078
img_000944,1360,765
img_000945,1400,1050
img_000946,1400,788
img_000948,1400,1050
img_000949,1916,1078
img_000953,1360,765
img_000954,1400,1050
img_000955,1400,1050
img_000956,1400,1050
img_000957,1360,765
img_000958,2000,1500
img_000959,1400,788
img_000960,960,540
img_000961,1400,1050
img_000962,1400,1050
img_000963,2000,1500
img_000964,2000,1500
img_000965,1400,788
img_000967,1400,1050
img_000968,1400,788
img_000969,1360,765
img_000970,1400,788
img_000971,1400,788
img_000973,2000,1500
img_000974,960,540
img_000975,1400,1050
img_000976,2000,1500
img_000977,1360,765
img_000978,1920,1080
img_000979,2000,1500
img_000980,1400,788
img_000981,1400,788
img_000982,1400,1050
img_000983,2000,1500
img_000984,1400,1050
img_000985,2000,1500
img_000986,1400,1050
img_000988,1400,1050
img_000990,1400,1050
img_000991,1360,765
img_000992,1916,1078
img_000993,1400,1050
img_000997,1400,788
img_000999,1360,765
img_001001,1920,1080
img_001002,1400,1050
img_001003,1400,788
img_001004,1400,1050
img_001005,1400,1050
img_001006,1400,1050
img_001008,1400,788
img_001009,1400,788
img_001010,2000,1500
img_001012,1916,1078
img_001013,1916,1078
img_001015,1920,1080
img_001016,1916,1078
img_001017,1400,788
img_001019,1920,1080
img_001020,1400,1050
img_001023,1400,788
img_001025,1400,1050
img_001026,1400,1050
img_001028,1400,788
img_001030,2000,1500
img_001031,2000,1500
img_001033,1400,1050
img_001034,1400,788
img_001035,1400,1050
img_001036,1360,765
img_001037,1916,1078
img_001038,2000,1500
img_001039,1920,1080
img_001040,1400,788
img_001041,1400,1050
img_001042,1920,1080
img_001043,1916,1078
img_001044,1916,1078
img_001045,1916,1078
img_001047,2000,1500
img_001049,2000,1500
img_001050,1400,788
img_001052,1360,765
img_001056,1400,1050
img_001057,1400,1050
img_001058,1400,788
img_001060,1400,788
img_001061,1400,1050
img_001065,1400,1050
img_001066,1400,788
img_001067,1400,788
img_001069,1360,765
img_001070,1400,788
img_001072,2000,1500
img_001073,1400,788
img_001074,1400,788
img_001076,1916,1078
img_001079,1400,1050
img_001080,1400,1050
img_001081,1400,788
img_001082,1400,1050
img_001083,1360,765
img_001085,1400,1050
img_001086,2000,1500
img_001087,1400,1050
img_001088,1360,765
img_001089,2000,1500
img_001092,1400,1050
img_001096,1400,1050
img_001098,1400,788
img_001099,1920,1080
img_001101,1920,1080
img_001103,1400,1050
img_001104,1400,788
img_001105,1916,1078
img_001106,1400,788
img_001107,1400,788
img_001108,1400,1050
img_001109,1360,765
img_001110,1400,788
img_001112,1360,765
img_001113,1360,765
img_001114,1360,765
img_001115,1360,765
img_001116,1400,1050
img_001117,1400,788
img_001118,2000,1500
img_001120,1916,1078
img_001121,1920,1080
img_001122,2000,1500
img_001123,1400,788
img_001124,1360,765
img_001125,1400,788
img_001126,1400,1050
img_001127,1400,1050
img_001128,1400,788
img_001129,2000,1500
img_001131,1400,1050
img_001132,1400,1050
img_001133,1400,1050
img_001136,1400,1050
img_001137,1400,1050
img_001139,1360,765
img_001140,1400,1050
img_001142,1400,1050
img_001143,1360,765
img_001145,1400,1050
img_001146,1400,788
img_001149,1400,788
img_001150,2000,1500
img_001151,1400,1050
img_001152,1916,1078
img_001153,1400,1050
img_001154,1920,1080
img_001155,1920,1080
img_001157,1400,788
img_001158,1400,788
img_001159,1400,788
img_001161,1400,1050
img_001162,1920,1080
img_001163,1400,1050
img_001164,960,540
img_001165,1920,1080
img_001167,960,540
img_001168,1400,1050
img_001169,1400,1050
img_001170,1400,1050
img_001171,2000,1500
img_001172,2000,1500
img_001173,2000,1500
img_001174,1400,1050
img_001175,1400,788
img_001176,1400,1050
img_001177,1400,788
img_001180,1400,1050
img_001181,960,540
img_001182,1400,1050
img_001183,1920,1080
img_001184,1400,1050
img_001185,1400,1050
img_001188,1400,1050
img_001189,1916,1078
img_001191,1360,765
img_001192,1360,765
img_001193,2000,1500
img_001195,1400,1050
img_001196,1400,788
img_001197,1400,1050
img_001198,1400,788
img_001201,1400,788
img_001202,1400,788
img_001204,1400,1050
img_001205,1360,765
img_001207,1400,1050
img_001209,1400,788
img_001210,1360,765
img_001212,1400,788
img_001213,960,540
img_001214,1400,788
img_001217,1400,1050
img_001218,1400,1050
img_001220,1916,1078
img_001221,1400,1050
img_001224,1400,1050
img_001225,1400,1050
img_001226,1400,1050
img_001228,1400,788
img_001229,960,540
img_001231,2000,1500
img_001232,1400,788
img_001233,960,540
img_001234,1920,1080
img_001236,1400,788
img_001237,1400,788
img_001238,1400,788
img_001240,1400,1050
img_001241,1360,765
img_001242,1920,1080
img_001243,1360,765
img_001244,1400,1050
img_001245,1400,1050
img_001246,1916,1078
img_001247,1400,1050
img_001248,1360,765
img_001249,1400,1050
img_001250,2000,1500
img_001251,1400,1050
img_001252,1400,1050
img_001253,1400,1050
img_001254,1400,1050
img_001255,1400,1050
img_001256,2000,1500
img_001257,1920,1080
img_001258,1400,1050
img_001259,1400,788
img_001260,1400,788
img_001261,2000,1500
img_001262,1360,765
img_001264,1400,1050
img_001265,1360,765
img_001266,1916,1078
img_001270,2000,1500
img_001271,1360,765
img_001272,1400,1050
img_001273,1400,1050
img_001274,1400,1050
img_001275,1400,1050
img_001276,1400,1050
img_001277,1400,1050
img_001278,1400,1050
img_001279,1360,765
img_001280,1916,1078
img_001281,1400,1050
img_001283,1400,1050
img_001284,1400,1050
img_001285,1400,1050
img_001286,1400,1050
img_001287,1400,788
img_001288,1400,788
img_001289,1916,1078
img_001292,1400,1050
img_001293,1389,1042
img_001295,1360,765
img_001296,1400,1050
img_001297,1400,1050
img_001298,2000,1500
img_001300,1400,788
img_001301,1400,1050
img_001302,1916,1078
img_001304,1400,788
img_001305,2000,1500
img_001306,960,540
img_001307,1360,765
img_001308,2000,1500
img_001309,1916,1078
img_001310,1400,1050
img_001311,1400,1050
img_001315,1916,1078
img_001316,1360,765
img_001317,1360,765
img_001318,1400,788
img_001319,1360,765
img_001320,1916,1078
img_001321,1400,1050
img_001322,1916,1078
img_001324,1400,1050
img_001325,1400,788
img_001327,1916,1078
img_001328,1400,1050
img_001330,1400,1050
img_001331,960,540
img_001333,1916,1078
img_001334,1398,1048
img_001339,1400,1050
img_001340,1916,1078
img_001341,1400,788
img_001342,1400,1050
img_001344,1360,765
img_001345,1400,1050
img_001346,2000,1500
img_001347,1360,765
img_001348,1400,1050
img_001349,1400,1050
img_001350,1400,1050
img_001351,1920,1080
img_001352,1920,1080
img_001353,1400,1050
img_001354,2000,1500
img_001356,1400,1050
img_001358,1400,1050
img_001359,1360,765
img_001360,1360,765
img_001362,1400,1050
img_001363,2000,1500
img_001364,1400,1050
img_001367,1916,1078
img_001369,1400,1050
img_001370,1400,1050
img_001374,1400,1050
img_001375,1400,788
img_001376,1360,765
img_001377,1400,1050
img_001378,1400,788
img_001379,1400,1050
img_001381,2000,1500
img_001384,1400,788
img_001386,1400,788
img_001387,1400,788
img_001388,1916,1078
img_001389,1360,765
img_001390,1916,1078
img_001391,2000,1500
img_001393,1400,1050
img_001394,1400,788
img_001395,1400,1050
img_001396,1400,788
img_001397,1400,1050
img_001399,960,540
img_001400,1916,1078
img_001401,2000,1500
img_001403,1920,1080
img_001404,1920,1080
img_001405,1916,1078
img_001406,1400,1050
img_001407,1400,1050
img_001408,1400,1050
img_001411,960,540
img_001412,1916,1078
img_001413,1400,788
img_001414,1400,1050
img_001415,1916,1078
img_001416,2000,1500
img_001417,1400,1050
img_001420,960,540
img_001421,1400,1050
img_001422,1360,765
img_001423,1400,1050
img_001424,1400,1050
img_001426,1400,788
img_001427,1400,1050
img_001428,1400,1050
img_001429,1360,765
img_001430,1400,788
img_001431,1400,1050
img_001432,2000,1500
img_001433,1400,1050
img_001436,2000,1500
img_001437,1400,1050
img_001438,1400,1050
img_001439,1400,1050
img_001440,1400,1050
img_001441,1400,1050
img_001442,1920,1080
img_001443,1400,1050
img_001444,1400,1050
img_001445,1400,1050
img_001447,1400,788
img_001448,1400,788
img_001449,1400,788
img_001451,1400,1050
img_001452,1916,1078
img_001453,1400,1050
img_001454,1400,1050
img_001456,1360,765
img_001457,1916,1078
img_001459,1360,765
img_001460,1920,1080
img_001461,1400,788
img_001462,1920,1080
img_001463,2000,1500
img_001464,1400,788
img_001465,960,540
img_001466,1400,788
img_001467,1916,1078
img_001468,1360,765
img_001470,1400,1050
img_001471,1400,788
img_001472,2000,1500
img_001473,1920,1080
img_001474,1400,1050
img_001475,2000,1500
img_001476,1916,1078
img_001478,1916,1078
img_001479,1360,765
img_001480,2000,1500
img_001481,1400,788
img_001482,1400,1050
img_001483,1360,765
img_001484,960,540
img_001486,1360,765
img_001489,1916,1078
img_001491,1400,1050
img_001492,1400,1050
img_001493,2000,1500
img_001494,1400,1050
img_001495,1400,1050
img_001498,1360,765
img_001499,1400,1050
img_001500,1400,1050
img_001501,1400,1050
img_001502,1400,1050
img_001503,960,540
img_001504,1400,788
img_001505,1400,1050
img_001506,1920,1080
img_001507,1400,1050
img_001509,1400,1050
img_001510,1400,1050
img_001511,1400,1050
img_001513,1400,1050
img_001514,1400,1050
img_001515,1400,1050
img_001516,960,540
img_001517,960,540
img_001518,1400,1050
img_001519,1360,765
img_001520,1400,788
img_001521,2000,1500
img_001522,1400,1050
img_001523,2000,1500
img_001524,1360,765
img_001525,1400,1050
img_001526,1360,765
img_001527,1400,788
img_001528,1400,788
img_001529,2000,1500
img_001530,1400,1050
img_001531,1400,1050
img_001533,1400,1050
img_001536,1400,788
img_001537,1400,1050
img_001538,1400,1050
img_001539,1400,1050
img_001541,1400,788
img_001542,1400,788
img_001543,1360,765
img_001544,2000,1500
img_001545,2000,1500
img_001546,1400,788
img_001549,1360,765
img_001550,1920,1080
img_001551,960,540
img_001552,1400,1050
img_001553,1400,1050
img_001554,1920,1080
img_001555,1400,1050
img_001557,1400,788
img_001559,1400,1050
img_001560,1400,1050
img_001561,1400,1050
img_001562,2000,1500
img_001566,1400,1050
img_001568,1400,1050
img_001571,1400,1050
img_001572,1400,1050
img_001573,1400,1050
img_001578,1916,1078
img_001579,1400,1050
img_001580,2000,1500
img_001581,1400,788
img_001583,1400,1050
img_001585,1400,788
img_001586,1360,765
img_001589,2000,1500
img_001590,1360,765
img_001591,1400,1050
img_001592,1920,1080
img_001594,960,540
img_001596,1400,788
img_001597,1916,1078
img_001598,1400,1050
img_001600,1400,1050
img_001601,1360,765
img_001602,1400,788
img_001603,1400,1050
img_001604,1400,1050
img_001605,1400,788
img_001607,1400,1050
img_001608,1400,788
img_001609,1400,788
img_001610,1360,765
img_001612,1400,1050
img_001613,1400,788
img_001615,1360,765
img_001617,2000,1500
img_001619,1920,1080
img_001620,1916,1078
img_001621,1400,788
img_001622,1360,765
img_001623,1400,788
img_001625,1400,788
img_001626,1400,788
img_001627,1400,788
img_001629,1400,1050
img_001630,1400,788
img_001631,1400,1050
img_001632,2000,1500
img_001633,1360,765
img_001634,1916,1078
img_001635,1360,765
img_001636,1360,765
img_001637,1400,1050
img_001638,1360,765
img_001639,960,540
img_001640,2000,1500
img_001641,1400,788
img_001644,960,540
img_001645,1400,1050
img_001646,1400,788
img_001647,1400,1050
img_001648,1400,1050
img_001649,1916,1078
img_001651,1400,788
img_001652,1400,1050
img_001653,1360,765
img_001654,1400,1050
img_001655,1400,788
img_001656,1916,1078
img_001657,1400,788
img_001659,1360,765
img_001661,2000,1500
img_001662,1400,788
img_001663,1400,788
img_001664,2000,1500
img_001665,2000,1500
img_001666,1400,788
img_001667,1360,765
img_001668,1400,1050
img_001669,1400,1050
img_001672,960,540
img_001674,1400,1050
img_001675,1920,1080
img_001677,1400,1050
img_001678,2000,1500
img_001679,1400,1050
img_001680,1400,1050
img_001681,1400,788
img_001682,1400,1050
img_001684,960,540
img_001685,960,540
img_001686,960,540
img_001687,1360,765
img_001688,1360,765
img_001689,2000,1500
img_001691,1400,1050
img_001692,960,540
img_001693,1916,1078
img_001694,1400,1050
img_001695,1400,788
img_001698,1400,1050
img_001699,1360,765
img_001701,1400,1050
img_001702,1400,1050
img_001704,1400,1050
img_001705,960,540
img_001707,1400,1050
img_001712,1400,1050
img_001713,1400,1050
img_001714,1400,1050
img_001715,1400,1050
img_001717,1400,788
img_001718,2000,1500
img_001720,1400,1050
img_001721,1400,788
img_001722,1400,788
img_001724,1916,1078
img_001725,1916,1078
img_001726,2000,1500
img_001727,1400,1050
img_001728,1400,788
img_001729,1916,1078
img_001730,1400,1050
img_001731,960,540
img_001732,2000,1500
img_001734,1916,1078
img_001735,1400,1050
img_001736,1400,788
img_001737,1916,1078
img_001738,1400,1050
img_001740,1400,1050
img_001741,1400,788
img_001742,1400,788
img_001743,1400,1050
img_001744,1400,1050
img_001745,2000,1500
img_001746,2000,1500
img_001747,1400,1050
img_001748,1400,1050
img_001751,1400,788
img_001753,960,540
img_001754,1400,788
img_001757,1400,788
img_001758,1916,1078
img_001759,2000,1500
img_001760,1920,1080
img_001761,1400,1050
img_001763,1916,1078
img_001764,1400,1050
img_001765,1400,1050
img_001767,1400,788
img_001768,2000,1500
img_001770,1400,788
img_001771,1400,1050
img_001774,1400,1050
img_001775,1400,1050
img_001776,1400,1050
img_001777,1400,1050
img_001778,1400,1050
img_001779,1400,788
img_001780,1400,1050
img_001781,1400,788
img_001782,1360,765
img_001783,1400,1050
img_001785,1360,765
img_001786,1400,788
img_001787,1400,1050
img_001788,1916,1078
img_001790,1400,1050
img_001791,1360,765
img_001792,1400,1050
img_001796,1916,1078
img_001797,960,540
img_001798,1400,788
img_001799,1400,1050
img_001801,1400,1050
img_001802,2000,1500
img_001803,1400,788
img_001804,1400,788
img_001805,1400,1050
img_001806,1400,1050
img_001807,1916,1078
img_001808,1400,1050
img_001809,1400,788
img_001810,2000,1500
img_001811,1400,1050
img_001812,1400,788
img_001813,1400,788
img_001815,1400,788
img_001816,1360,765
img_001817,1400,1050
img_001820,1400,1050
img_001821,1400,1050
img_001823,1400,1050
img_001826,1400,788
img_001827,1400,1050
img_001828,1916,1078
img_001829,1400,1050
img_001830,1400,788
img_001831,1400,1050
img_001832,1400,788
img_001833,1916,1078
img_001834,1400,1050
img_001835,1400,788
img_001836,1400,1050
img_001837,1400,788
img_001838,1400,1050
img_001839,1400,1050
img_001841,1400,1050
img_001842,1400,788
img_001843,1400,1050
img_001846,1400,1050
img_001848,1920,1080
img_001849,1400,1050
img_001850,1400,788
img_001851,1400,788
img_001852,1400,1050
img_001853,1400,1050
img_001854,1360,765
img_001855,1360,765
img_001856,1400,1050
img_001860,2000,1500
img_001863,1360,765
img_001864,1916,1078
img_001865,1400,1050
img_001866,1400,1050
img_001867,1400,788
img_001868,1400,788
img_001869,1400,1050
img_001870,1916,1078
img_001873,1400,1050
img_001874,1360,765
img_001875,1920,1080
img_001877,2000,1500
img_001879,1400,1050
img_001880,2000,1500
img_001883,1360,765
img_001884,2000,1500
img_001885,1400,788
img_001886,1360,765
img_001887,2000,1500
img_001888,2000,1500
img_001889,1400,788
img_001890,1400,1050
img_001891,1400,1050
img_001892,1400,1050
img_001893,1400,1050
img_001894,1400,1050
img_001896,1400,1050
img_001897,1400,1050
img_001899,1916,1078
img_001900,1400,788
img_001902,1400,1050
img_001903,2000,1500
img_001906,1400,788
img_001908,2000,1500
img_001909,2000,1500
img_001910,1916,1078
img_001911,1400,1050
img_001913,1360,765
img_001914,1400,788
img_001915,1400,1050
img_001916,1916,1078
img_001917,1360,765
img_001920,1400,788
img_001921,1360,765
img_001922,2000,1500
img_001923,2000,1500
img_001925,1400,788
img_001926,1400,1050
img_001927,1400,1050
img_001928,1400,1050
img_001929,1400,1050
img_001930,1400,788
img_001931,1400,1050
img_001933,1400,1050
img_001934,1400,1050
img_001935,2000,1500
img_001936,2000,1500
img_001939,960,540
img_001941,1400,788
img_001942,2000,1500
img_001943,1360,765
img_001944,1400,1050
img_001945,1916,1078
img_001946,1916,1078
img_001947,1400,1050
img_001948,1400,1050
img_001949,960,540
img_001952,1400,1050
img_001953,1360,765
img_001954,1400,1050
img_001955,1400,1050
img_001956,1916,1078
img_001957,1400,788
img_001958,1400,1050
img_001959,1400,1050
img_001960,1400,1050
img_001961,1400,1050
img_001964,1916,1078
img_001965,1920,1080
img_001966,1400,788
img_001968,1400,788
img_001970,1400,788
img_001971,2000,1500
img_001975,1916,1078
img_001977,1400,1050
img_001978,1400,1050
img_001980,2000,1500
img_001982,1398,1048
img_001984,960,540
img_001985,1400,788
img_001986,2000,1500
img_001987,1400,788
img_001989,1916,1078
img_001990,1360,765
img_001991,1400,1050
img_001992,1920,1080
img_001993,1400,1050
img_001995,1400,1050
img_001996,1916,1078
img_001997,1400,1050
img_002000,1920,1080
img_002002,1360,765
img_002004,2000,1500
img_002005,1360,765
img_002007,1400,788
img_002010,1400,1050
img_002011,1360,765
img_002012,1400,1050
img_002013,1400,1050
img_002015,1400,1050
img_002016,1400,1050
img_002018,1400,1050
img_002019,1400,1050
img_002020,1400,1050
img_002021,1400,1050
img_002023,2000,1500
img_002024,1400,1050
img_002025,1400,1050
img_002028,1916,1078
img_002030,960,540
img_002031,1398,1048
img_002032,2000,1500
img_002033,1400,1050
img_002034,2000,1500
img_002035,1400,788
img_002036,1920,1080
img_002037,2000,1500
img_002039,1400,1050
img_002040,1920,1080
img_002041,2000,1500
img_002042,1400,788
img_002043,1400,788
img_002044,1400,1050
img_002045,1400,788
img_002047,2000,1500
img_002048,1920,1080
img_002049,1400,788
img_002050,1400,788
img_002051,1400,1050
img_002053,1360,765
img_002054,1400,1050
img_002055,1400,1050
img_002056,1920,1080
img_002057,1400,788
img_002058,1400,1050
img_002059,1400,788
img_002060,1400,1050
img_002061,1920,1080
img_002062,1400,788
img_002063,2000,1500
img_002064,1400,1050
img_002067,2000,1500
img_002068,1400,1050
img_002069,1400,1050
img_002070,1400,1050
img_002071,1360,765
img_002072,1360,765
img_002073,1400,788
img_002074,1400,1050
img_002076,1360,765
img_002077,1400,788
img_002078,1400,1050
img_002079,1400,1050
img_002080,1400,1050
img_002082,2000,1500
img_002084,1400,1050
img_002085,1400,1050
img_002086,1400,1050
img_002088,1400,1050
img_002089,1400,1050
img_002092,1360,765
img_002093,1398,1048
img_002094,2000,1500
img_002096,1400,1050
img_002097,1400,1050
img_002099,1360,765
img_002100,1400,1050
img_002101,1916,1078
img_002102,1400,788
img_002103,1400,1050
img_002104,1400,1050
img_002105,1920,1080
img_002106,1920,1080
img_002109,1400,1050
img_002110,1920,1080
img_002111,1400,1050
img_002113,1400,788
img_002114,2000,1500
img_002117,1400,788
img_002118,1400,1050
img_002119,2000,1500
img_002120,1400,1050
img_002121,1400,1050
img_002122,1916,1078
img_002123,1400,1050
img_002124,1400,1050
img_002125,1400,1050
img_002126,1920,1080
img_002127,1400,1050
img_002129,2000,1500
img_002130,1400,1050
img_002132,1400,1050
img_002133,2000,1500
img_002134,1400,1050
img_002135,1400,1050
img_002136,1920,1080
img_002138,1400,788
img_002139,1400,788
img_002140,1400,1050
img_002142,1920,1080
img_002144,1400,1050
img_002145,1400,1050
img_002146,1920,1080
img_002147,1400,1050
img_002148,1400,1050
img_002149,1400,1050
img_002150,1400,788
img_002152,2000,1500
img_002157,1400,1050
img_002158,1400,788
img_002159,1400,788
img_002161,1360,765
img_002162,1400,1050
img_002163,2000,1500
img_002164,2000,1500
img_002165,1398,1048
img_002166,1400,1050
img_002167,1400,1050
img_002168,1400,1050
img_002169,960,540
img_002170,1400,788
img_002171,1916,1078
img_002172,1400,1050
img_002173,2000,1500
img_002174,1400,1050
img_002175,1916,1078
img_002176,1400,788
img_002177,2000,1500
img_002178,1400,788
img_002179,1360,765
img_002180,1916,1078
img_002181,1400,1050
img_002182,1916,1078
img_002183,2000,1500
img_002184,1916,1078
img_002185,960,540
img_002187,1400,1050
img_002188,1400,1050
img_002189,1916,1078
img_002190,1400,788
img_002191,1400,1050
img_002194,1400,1050
img_002195,1400,1050
img_002197,960,540
img_002198,1400,1050
img_002199,1920,1080
img_002200,1360,765
img_002202,1400,1050
img_002203,1400,788
img_002205,1360,765
img_002206,1400,1050
img_002208,1916,1078
img_002209,1400,1050
img_002211,1398,1048
img_002212,1400,1050
img_002213,2000,1500
img_002214,1400,788
img_002216,1400,1050
img_002217,2000,1500
img_002219,1400,1050
img_002220,1360,765
img_002221,1400,788
img_002222,1920,1080
img_002224,1360,765
img_002225,2000,1500
img_002228,1400,1050
img_002229,1400,788
img_002230,1400,1050
img_002231,2000,1500
img_002232,1400,788
img_002233,1400,788
img_002234,1916,1078
img_002235,1400,788
img_002238,1360,765
img_002239,1400,1050
img_002240,1920,1080
img_002241,960,540
img_002242,1920,1080
img_002243,1916,1078
img_002244,1400,1050
img_002245,2000,1500
img_002247,2000,1500
img_002248,960,540
img_002249,1400,1050
img_002250,1916,1078
img_002252,2000,1500
img_002254,1400,1050
img_002255,1400,1050
img_002257,1400,1050
img_002260,1920,1080
img_002261,1916,1078
img_002262,1400,1050
img_002264,1400,1050
img_002266,1400,1050
img_002267,1916,1078
img_002268,1400,788
img_002269,1400,1050
img_002270,2000,1500
img_002272,2000,1500
img_002273,1398,1048
img_002274,1400,788
img_002276,1916,1078
img_002277,2000,1500
img_002279,1400,788
img_002280,1400,1050
img_002281,1400,788
img_002282,1400,1050
img_002283,1400,788
img_002284,1360,765
img_002285,2000,1500
img_002286,2000,1500
img_002287,1400,1050
img_002289,1400,788
img_002290,2000,1500
img_002291,1400,1050
img_002292,960,540
img_002293,1400,1050
img_002294,1400,788
img_002295,1400,1050
img_002296,1400,788
img_002297,1400,788
img_002299,1400,1050
img_002302,1400,1050
img_002303,960,540
img_002304,1920,1080
img_002305,1400,1050
img_002306,1400,788
img_002307,1920,1080
img_002308,2000,1500
img_002310,960,540
img_002311,1400,1050
img_002312,1360,765
img_002313,1400,1050
img_002314,1920,1080
img_002315,1400,1050
img_002317,2000,1500
img_002318,1360,765
img_002319,1920,1080
img_002322,1400,788
img_002323,1916,1078
img_002324,1400,788
img_002325,1920,1080
img_002329,2000,1500
img_002331,1400,788
img_002332,1400,1050
img_002333,2000,1500
img_002335,1400,1050
img_002336,2000,1500
img_002337,1400,1050
img_002338,1400,788
img_002339,1920,1080
img_002341,1400,1050
img_002342,1400,1050
img_002344,1400,1050
img_002345,1360,765
img_002346,1400,1050
img_002347,1400,788
img_002348,2000,1500
img_002349,1400,788
img_002351,1400,1050
img_002352,1400,1050
img_002353,2000,1500
img_002354,1920,1080
img_002356,1400,788
img_002357,1360,765
img_002358,2000,1500
img_002359,1400,1050
img_002361,1400,1050
img_002362,1920,1080
img_002364,1400,788
img_002365,1360,765
img_002366,960,540
img_002367,1920,1080
img_002368,2000,1500
img_002369,1400,1050
img_002371,1400,1050
img_002372,1400,1050
img_002374,1400,1050
img_002380,1400,1050
img_002381,1360,765
img_002382,1920,1080
img_002385,1400,788
img_002386,1400,1050
img_002387,1916,1078
img_002388,1400,1050
img_002389,1400,788
img_002390,2000,1500
img_002391,1398,1048
img_002393,2000,1500
img_002394,2000,1500
img_002395,1916,1078
img_002396,1400,788
img_002397,1400,1050
img_002399,1400,1050
img_002401,1400,1050
img_002402,1400,788
img_002405,1400,1050
img_002406,1400,1050
img_002408,2000,1500
img_002409,1400,1050
img_002410,1400,788
img_002411,1400,1050
img_002414,1400,1050
img_002415,2000,1500
img_002416,1400,1050
img_002417,1400,1050
img_002419,1400,1050
img_002420,1400,788
img_002421,2000,1500
img_002423,1920,1080
img_002424,1916,1078
img_002425,960,540
img_002426,2000,1500
img_002427,1400,1050
img_002428,2000,1500
img_002429,1400,788
img_002430,1400,1050
img_002431,1360,765
img_002432,1400,788
img_002433,1400,1050
img_002434,1916,1078
img_002435,1400,1050
img_002437,1400,788
img_002439,960,540
img_002441,1400,788
img_002442,2000,1500
img_002443,1360,765
img_002444,2000,1500
img_002446,1400,788
img_002447,1400,788
img_002448,1400,1050
img_002449,1400,1050
img_002450,1920,1080
img_002451,1916,1078
img_002453,1360,765
img_002456,1400,1050
img_002457,1400,1050
img_002458,1400,1050
img_002461,960,540
img_002464,1400,1050
img_002466,1400,788
img_002470,1400,788
img_002472,1400,1050
img_002473,1360,765
img_002476,1400,1050
img_002477,1400,1050
img_002478,1400,1050
img_002480,2000,1500
img_002481,1400,788
img_002482,2000,1500
img_002483,1400,788
img_002484,1920,1080
img_002485,1360,765
img_002488,1400,1050
img_002490,1400,1050
img_002491,1400,788
img_002492,1400,1050
img_002493,1400,1050
img_002494,2000,1500
img_002495,1400,1050
img_002501,1400,1050
img_002502,2000,1500
img_002503,1916,1078
img_002504,1360,765
img_002506,1360,765
img_002507,1360,765
img_002508,1400,788
img_002509,1400,788
img_002510,1400,1050
img_002512,1400,1050
img_002513,1360,765
img_002514,1400,1050
img_002516,1360,765
img_002517,1400,1050
img_002521,1400,1050
img_002522,2000,1500
img_002523,1360,765
img_002524,1400,788
img_002525,1400,788
img_002526,2000,1500
img_002528,960,540
img_002531,1398,1048
img_002532,1400,1050
img_002533,1920,1080
img_002535,1400,1050
img_002536,2000,1500
img_002537,2000,1500
img_002538,1400,1050
img_002540,1400,788
img_002543,1400,788
img_002544,1400,1050
img_002545,1400,788
img_002546,1400,1050
img_002547,1916,1078
img_002548,1400,1050
img_002549,1360,765
img_002550,2000,1500
img_002551,1400,788
img_002553,2000,1500
img_002554,1400,788
img_002555,2000,1500
img_002556,1400,1050
img_002557,1400,1050
img_002558,1920,1080
img_002559,2000,1500
img_002560,1400,1050
img_002561,1400,788
img_002562,1400,788
img_002564,1360,765
img_002565,1400,1050
img_002566,1920,1080
img_002567,1360,765
img_002568,1400,1050
img_002571,1400,788
img_002572,1400,1050
img_002573,1400,1050
img_002574,1400,788
img_002575,1400,788
img_002576,1400,1050
img_002577,1400,788
img_002578,1916,1078
img_002579,1400,788
img_002580,1400,1050
img_002581,1400,788
img_002583,1400,1050
img_002584,1360,765
img_002586,1360,765
img_002587,2000,1500
img_002588,1400,1050
img_002589,1400,788
img_002591,1400,1050
img_002592,1400,1050
img_002593,1400,1050
img_002594,1400,1050
img_002595,1400,1050
img_002596,1400,1050
img_002598,1400,1050
img_002599,960,540
img_002600,1400,788
img_002601,2000,1500
img_002602,1400,1050
img_002603,1400,1050
img_002604,1360,765
img_002605,1400,788
img_002606,1400,788
img_002607,1360,765
img_002608,2000,1500
img_002609,1400,1050
img_002610,1400,788
img_002611,1400,1050
img_002613,2000,1500
img_002614,1920,1080
img_002615,1400,1050
img_002616,1400,1050
img_002617,1400,788
img_002618,1360,765
img_002619,1400,788
img_002620,960,540
img_002621,1400,1050
img_002622,1360,765
img_002623,1400,1050
img_002627,1916,1078
img_002628,1400,1050
img_002629,1920,1080
img_002633,1916,1078
img_002634,1400,788
img_002635,1400,788
img_002636,1400,1050
img_002637,960,540
img_002638,1400,1050
img_002639,1400,1050
img_002640,1920,1080
img_002641,1400,1050
img_002643,1400,1050
img_002645,1920,1080
img_002647,1400,1050
img_002648,1400,1050
img_002649,1400,1050
img_002650,960,540
img_002652,1920,1080
img_002653,1400,788
img_002655,2000,1500
img_002658,1400,1050
img_002659,2000,1500
img_002663,1400,788
img_002664,2000,1500
img_002665,960,540
img_002666,1916,1078
img_002667,1400,1050
img_002668,960,540
img_002669,1400,788
img_002670,1400,788
img_002671,960,540
img_002672,960,540
img_002674,1400,1050
img_002678,1400,1050
img_002679,2000,1500
img_002680,1360,765
img_002681,1400,788
img_002683,1400,1050
img_002686,1400,1050
img_002687,1916,1078
img_002688,1360,765
img_002689,1916,1078
img_002690,1400,1050
img_002691,1400,788
img_002692,1400,1050
img_002693,2000,1500
img_002694,1400,1050
img_002695,1916,1078
img_002697,1920,1080
img_002698,2000,1500
img_002699,1400,788
img_002700,2000,1500
img_002701,1400,1050
img_002702,2000,1500
img_002703,1400,1050
img_002704,2000,1500
img_002705,1400,1050
img_002706,1400,788
img_002707,2000,1500
img_002708,1400,1050
img_002709,1400,1050
img_002710,2000,1500
img_002711,1400,1050
img_002712,1400,1050
img_002713,1360,765
img_002714,1400,1050
img_002715,960,540
img_002716,1916,1078
img_002717,1916,1078
img_002718,2000,1500
img_002720,1360,765
img_002721,1400,1050
img_002722,1400,1050
img_002723,1400,1050
img_002724,1916,1078
img_002725,1400,1050
img_002727,1400,1050
img_002728,1400,788
img_002729,1400,788
img_002730,1916,1078
img_002731,2000,1500
img_002733,1920,1080
img_002734,2000,1500
img_002735,1400,788
img_002736,1400,788
img_002737,1400,1050
img_002738,1400,788
img_002739,1398,1048
img_002740,1400,1050
img_002742,1400,788
img_002743,1920,1080
img_002744,1400,1050
img_002746,1400,1050
img_002747,1400,788
img_002748,1400,1050
img_002750,1360,765
img_002751,1360,765
img_002752,1400,788
img_002754,1400,1050
img_002755,2000,1500
img_002756,1400,1050
img_002757,1916,1078
img_002758,960,540
img_002759,960,540
img_002760,1400,788
img_002761,1916,1078
img_002762,1400,788
img_002763,1400,1050
img_002764,1400,788
img_002765,1400,788
img_002768,1400,1050
img_002769,1400,1050
img_002770,1400,1050
img_002771,1400,1050
img_002772,1400,1050
img_002773,1360,765
img_002776,1400,1050
img_002777,2000,1500
img_002778,1400,1050
img_002781,2000,1500
img_002782,1400,1050
img_002783,1400,788
img_002785,1400,788
img_002786,1400,1050
img_002787,1400,788
img_002788,1916,1078
img_002789,1400,788
img_002790,1400,1050
img_002791,1360,765
img_002792,1400,788
img_002793,1400,1050
img_002794,2000,1500
img_002796,1400,1050
img_002797,1400,1050
img_002798,1400,788
img_002801,960,540
img_002804,1360,765
img_002806,1916,1078
img_002810,1400,1050
img_002814,1400,788
img_002816,1400,1050
img_002818,1400,1050
img_002819,1400,1050
img_002820,2000,1500
img_002822,1400,1050
img_002823,1400,788
img_002824,1400,1050
img_002825,2000,1500
img_002826,1400,1050
img_002827,1400,788
img_002828,1400,788
img_002829,1400,1050
img_002830,1916,1078
img_002831,1400,1050
img_002832,1400,788
img_002834,1400,1050
img_002835,1400,1050
img_002836,1920,1080
img_002838,1400,1050
img_002839,1400,1050
img_002841,1916,1078
img_002842,1400,1050
img_002843,1400,1050
img_002844,1920,1080
img_002845,1920,1080
img_002846,1400,1050
img_002847,960,540
img_002848,1400,1050
img_002849,1400,788
img_002851,1400,1050
img_002852,1360,765
img_002853,1400,1050
img_002854,1400,1050
img_002855,1400,1050
img_002857,2000,1500
img_002858,2000,1500
img_002859,1400,1050
img_002860,1360,765
img_002861,1400,788
img_002862,1400,1050
img_002863,1400,788
img_002864,1400,1050
img_002865,1916,1078
img_002868,1916,1078
img_002869,1360,765
img_002870,1916,1078
img_002871,1360,765
img_002872,1920,1080
img_002873,1920,1080
img_002874,1360,765
img_002876,1400,788
img_002877,1400,1050
img_002878,2000,1500
img_002880,1360,765
img_002881,1400,1050
img_002882,1400,1050
img_002883,1400,788
img_002885,1400,788
img_002887,1360,765
img_002888,1400,1050
img_002889,1920,1080
img_002890,1400,1050
img_002891,1360,765
img_002892,1400,1050
img_002894,1400,788
img_002895,1400,1050
img_002899,1360,765
img_002901,1400,1050
img_002903,1400,1050
img_002904,1400,1050
img_002905,1920,1080
img_002908,1360,765
img_002909,1360,765
img_002910,1400,788
img_002911,960,540
img_002912,1400,1050
img_002913,1400,788
img_002914,1360,765
img_002915,1400,1050
img_002917,1360,765
img_002918,1360,765
img_002919,1360,765
img_002920,1400,1050
img_002921,1360,765
img_002922,1916,1078
img_002924,1400,1050
img_002925,1400,1050
img_002926,1400,1050
img_002929,1400,788
img_002930,1400,788
img_002931,2000,1500
img_002932,1916,1078
img_002933,1400,1050
img_002934,1400,1050
img_002935,1400,1050
img_002936,1400,1050
img_002937,960,540
img_002938,1360,765
img_002939,1400,1050
img_002940,1400,1050
img_002941,2000,1500
img_002942,1400,1050
img_002943,1400,788
img_002944,1920,1080
img_002946,1400,1050
img_002949,2000,1500
img_002950,1400,788
img_002951,1400,1050
img_002952,1400,788
img_002953,960,540
img_002954,2000,1500
img_002955,960,540
img_002956,2000,1500
img_002960,1400,1050
img_002963,1400,1050
img_002965,1916,1078
img_002967,1400,1050
img_002968,2000,1500
img_002969,1400,1050
img_002970,1400,1050
img_002971,1400,788
img_002972,2000,1500
img_002974,1400,1050
img_002975,1400,1050
img_002978,1400,1050
img_002979,1400,1050
img_002981,1400,1050
img_002984,1400,1050
img_002985,1400,1050
img_002986,1400,1050
img_002987,960,540
img_002988,1920,1080
img_002989,1400,1050
img_002991,1920,1080
img_002992,1916,1078
img_002993,1400,1050
img_002994,1400,1050
img_002996,1400,1050
img_002997,2000,1500
img_002998,1916,1078
img_003000,1400,788
img_003001,1400,788
img_003002,1400,1050
img_003003,2000,1500
img_003004,1916,1078
img_003006,1360,765
img_003007,1400,1050
img_003008,1400,1050
img_003009,1360,765
img_003010,1916,1078
img_003011,1400,1050
img_003013,1400,1050
img_003014,2000,1500
img_003015,1400,1050
img_003016,1400,1050
img_003017,1400,788
img_003018,1400,1050
img_003021,1400,788
img_003022,1400,788
img_003023,2000,1500
img_003024,1920,1080
img_003025,1360,765
img_003026,2000,1500
img_003028,1400,788
img_003029,1916,1078
img_003030,1916,1078
img_003031,1400,788
img_003032,1916,1078
img_003033,1920,1080
img_003034,1360,765
img_003035,2000,1500
img_003036,1360,765
img_003037,2000,1500
img_003038,1916,1078
img_003042,1400,788
img_003043,2000,1500
img_003044,1400,1050
img_003045,1400,1050
img_003046,1400,1050
img_003048,2000,1500
img_003050,1400,788
img_003052,1916,1078
img_003053,2000,1500
img_003054,2000,1500
img_003055,1400,788
img_003056,1400,788
img_003057,1920,1080
img_003058,1400,1050
img_003059,1400,788
img_003061,1400,1050
img_003062,960,540
img_003063,960,540
img_003064,2000,1500
img_003065,2000,1500
img_003066,1400,788
img_003067,1400,788
img_003068,1400,1050
img_003069,1400,788
img_003070,1400,1050
img_003071,2000,1500
img_003072,1916,1078
img_003075,1400,1050
img_003076,1400,1050
img_003078,2000,1500
img_003079,960,540
img_003080,1916,1078
img_003081,1360,765
img_003082,1400,788
img_003083,1400,788
img_003084,1916,1078
img_003085,1400,1050
img_003088,1398,1048
img_003089,1916,1078
img_003090,1400,788
img_003091,2000,1500
img_003092,1360,765
img_003093,1400,1050
img_003094,1400,788
img_003096,1916,1078
img_003097,1400,1050
img_003098,1400,788
img_003099,1400,1050
img_003100,2000,1500
img_003101,2000,1500
img_003102,2000,1500
img_003107,1400,788
img_003108,1400,1050
img_003111,1400,1050
img_003112,1360,765
img_003114,1916,1078
img_003115,1400,788
img_003116,1400,1050
img_003117,1400,788
img_003119,1400,1050
img_003120,2000,1500
img_003121,1400,788
img_003122,2000,1500
img_003124,1400,1050
img_003125,1400,1050
img_003127,1400,1050
img_003128,2000,1500
img_003129,1400,1050
img_003130,1400,1050
img_003131,1400,1050
img_003132,1400,788
img_003133,1360,765
img_003136,1400,1050
img_003137,1400,788
img_003138,1400,1050
img_003141,1400,1050
img_003145,1400,1050
img_003146,1400,1050
img_003149,1400,1050
img_003151,1400,788
img_003152,1916,1078
img_003154,1360,765
img_003155,1360,765
img_003156,1400,1050
img_003157,960,540
img_003158,1400,1050
img_003160,1400,788
img_003161,1400,788
img_003162,1400,1050
img_003163,1400,1050
img_003165,1400,788
img_003166,1400,1050
img_003167,1916,1078
img_003170,2000,1500
img_003171,1920,1080
img_003172,2000,1500
img_003173,1360,765
img_003176,1360,765
img_003177,1400,1050
img_003178,1360,765
img_003179,1400,1050
img_003180,1400,1050
img_003182,1400,1050
img_003183,2000,1500
img_003184,1360,765
img_003185,1400,1050
img_003187,1400,1050
img_003188,2000,1500
img_003190,1400,788
img_003192,1400,788
img_003194,1400,788
img_003195,960,540
img_003196,1400,1050
img_003197,1400,1050
img_003198,1360,765
img_003202,1400,1050
img_003204,1400,1050
img_003205,1400,1050
img_003206,2000,1500
img_003208,1360,765
img_003209,1916,1078
img_003210,1400,1050
img_003212,1400,1050
img_003214,2000,1500
img_003216,1400,1050
img_003217,1400,1050
img_003219,1400,788
img_003220,2000,1500
img_003221,1916,1078
img_003222,1360,765
img_003223,1400,1050
img_003225,1400,1050
img_003226,2000,1500
img_003227,1400,1050
img_003228,1400,1050
img_003229,1920,1080
img_003230,1400,1050
img_003231,1360,765
img_003235,1400,1050
img_003237,960,540
img_003238,1400,788
img_003239,1360,765
img_003240,1400,1050
img_003241,1400,788
img_003243,1360,765
img_003245,1400,1050
img_003246,960,540
img_003247,1400,1050
img_003250,2000,1500
img_003251,1400,1050
img_003252,1400,1050
img_003253,2000,1500
img_003254,1400,1050
img_003255,1400,1050
img_003256,1400,1050
img_003258,1400,1050
img_003260,1400,788
img_003264,2000,1500
img_003265,1400,1050
img_003266,1400,1050
img_003267,1400,788
img_003268,1400,1050
img_003269,1400,1050
img_003270,1400,1050
img_003271,1360,765
img_003273,1400,1050
img_003274,1400,1050
img_003275,1400,788
img_003276,1400,1050
img_003279,1400,1050
img_003281,1400,1050
img_003283,1400,1050
img_003285,1400,1050
img_003287,1916,1078
img_003289,1916,1078
img_003290,1400,788
img_003291,1400,1050
img_003292,1400,1050
img_003293,1360,765
img_003294,2000,1500
img_003295,1360,765
img_003296,1400,1050
img_003297,1400,788
img_003298,2000,1500
img_003299,1400,1050
img_003301,960,540
img_003303,1400,1050
img_003304,1400,1050
img_003305,1916,1078
img_003309,1360,765
img_003310,1400,1050
img_003311,1916,1078
img_003312,1400,1050
img_003313,1400,1050
img_003314,1400,1050
img_003315,1400,1050
img_003316,1400,1050
img_003317,1400,1050
img_003318,1400,788
img_003319,1360,765
img_003322,1916,1078
img_003324,1400,788
img_003325,1400,1050
img_003326,1400,1050
img_003327,1400,1050
img_003329,1916,1078
img_003330,1916,1078
img_003331,1400,788
img_003332,1400,1050
img_003333,1400,1050
img_003336,1400,1050
img_003337,1400,1050
img_003338,1400,788
img_003339,1400,1050
img_003340,1920,1080
img_003341,1400,1050
img_003342,1400,788
img_003347,1400,1050
img_003348,1400,788
img_003349,1916,1078
img_003350,1400,1050
img_003351,1400,1050
img_003352,1916,1078
img_003353,1360,765
img_003354,1400,788
img_003355,1360,765
img_003356,1400,1050
img_003358,2000,1500
img_003359,1400,1050
img_003360,1920,1080
img_003362,1400,1050
img_003364,1400,1050
img_003365,1360,765
img_003369,1400,1050
img_003370,1400,788
img_003371,960,540
img_003372,1400,788
img_003373,2000,1500
img_003374,1400,1050
img_003376,1400,1050
img_003377,1400,788
img_003379,1360,765
img_003380,960,540
img_003382,1400,1050
img_003383,1400,1050
img_003385,1360,765
img_003386,1400,1050
img_003388,1360,765
img_003389,1400,1050
img_003391,2000,1500
img_003392,1400,1050
img_003393,1400,1050
img_003394,1400,1050
img_003397,1400,1050
img_003399,1400,1050
img_003400,1400,788
img_003401,1400,1050
img_003402,1916,1078
img_003403,1400,788
img_003408,2000,1500
img_003410,1360,765
img_003411,2000,1500
img_003412,1400,1050
img_003413,960,540
img_003415,1400,1050
img_003416,1400,1050
img_003417,1400,1050
img_003418,1400,1050
img_003419,960,540
img_003421,1360,765
img_003422,1400,788
img_003424,1920,1080
img_003425,1400,1050
img_003426,1920,1080
img_003427,1400,788
img_003428,1400,788
img_003429,1400,1050
img_003431,2000,1500
img_003432,1400,1050
img_003433,1400,1050
img_003434,1400,1050
img_003435,1400,788
img_003437,960,540
img_003438,1400,1050
img_003442,1916,1078
img_003443,1400,1050
img_003444,1916,1078
img_003445,1400,1050
img_003446,1398,1048
img_003447,1400,788
img_003449,1400,788
img_003450,1400,1050
img_003451,1400,1050
img_003452,1400,1050
img_003453,2000,1500
img_003454,2000,1500
img_003455,1400,1050
img_003456,2000,1500
img_003457,1400,788
img_003459,1400,1050
img_003460,1920,1080
img_003461,1400,1050
img_003462,1400,1050
img_003463,1400,788
img_003466,1400,1050
img_003469,1400,1050
img_003471,1400,1050
img_003472,1400,1050
img_003474,1920,1080
img_003475,1400,788
img_003476,1400,1050
img_003477,1400,1050
img_003478,1400,1050
img_003479,1916,1078
img_003480,1916,1078
img_003481,2000,1500
img_003483,1360,765
img_003484,1400,1050
img_003485,1360,765
img_003488,1400,788
img_003489,1400,788
img_003490,1916,1078
img_003491,2000,1500
img_003492,1400,1050
img_003493,1400,788
img_003495,1400,788
img_003497,1400,788
img_003502,1400,788
img_003503,1360,765
img_003504,1400,1050
img_003505,1360,765
img_003506,1400,1050
img_003507,1400,1050
img_003508,1400,1050
img_003509,1400,1050
img_003510,960,540
img_003511,1916,1078
img_003512,2000,1500
img_003514,1360,765
img_003515,960,540
img_003516,1400,788
img_003519,1400,1050
img_003520,2000,1500
img_003521,1400,788
img_003522,1400,1050
img_003523,1360,765
img_003524,1400,788
img_003525,1400,1050
img_003526,1400,1050
img_003530,1360,765
img_003531,960,540
img_003533,1400,1050
img_003534,1400,1050
img_003536,1400,1050
img_003537,1400,1050
img_003538,960,540
img_003540,1400,788
img_003542,1916,1078
img_003544,1400,788
img_003546,1400,1050
img_003547,1400,1050
img_003549,1400,788
img_003550,1400,788
img_003552,960,540
img_003553,1916,1078
img_003554,960,540
img_003555,1400,1050
img_003556,960,540
img_003557,1400,788
img_003558,1400,1050
img_003559,1400,1050
img_003560,1400,788
img_003561,1916,1078
img_003562,1400,1050
img_003563,1400,788
img_003564,1920,1080
img_003565,1400,788
img_003568,2000,1500
img_003569,1400,1050
img_003570,2000,1500
img_003571,1400,1050
img_003572,1400,1050
img_003573,1360,765
img_003574,1400,788
img_003575,1920,1080
img_003576,1400,1050
img_003577,1400,1050
img_003579,1400,1050
img_003580,1400,1050
img_003581,960,540
img_003582,1360,765
img_003583,1400,1050
img_003584,1360,765
img_003585,1916,1078
img_003586,1400,1050
img_003587,1400,1050
img_003588,1360,765
img_003589,1400,788
img_003590,1400,1050
img_003592,1400,1050
img_003593,1400,788
img_003594,1400,788
img_003595,1400,1050
img_003596,1360,765
img_003597,1400,788
img_003599,1400,1050
img_003601,1400,788
img_003602,1916,1078
img_003603,2000,1500
img_003604,960,540
img_003605,1400,1050
img_003606,1400,788
img_003607,1400,1050
img_003609,1400,1050
img_003610,2000,1500
img_003611,1916,1078
img_003612,1400,788
img_003613,1400,1050
img_003614,1916,1078
img_003616,1400,788
img_003618,1360,765
img_003620,1400,1050
img_003621,1400,788
img_003622,1916,1078
img_003623,2000,1500
img_003624,1360,765
img_003626,1400,1050
img_003627,1400,788
img_003631,1400,1050
img_003632,1920,1080
img_003633,1400,1050
img_003635,960,540
img_003639,1916,1078
img_003640,1916,1078
img_003641,1400,788
img_003643,1400,1050
img_003644,1400,788
img_003645,1400,1050
img_003646,1400,1050
img_003647,1916,1078
img_003648,2000,1500
img_003650,1400,788
img_003651,1400,1050
img_003652,1920,1080
img_003653,1360,765
img_003657,1916,1078
img_003659,1400,788
img_003660,1360,765
img_003661,1360,765
img_003662,1360,765
img_003663,1400,1050
img_003664,2000,1500
img_003665,1360,765
img_003667,1360,765
img_003668,1916,1078
img_003669,1400,1050
img_003671,2000,1500
img_003672,2000,1500
img_003673,1400,1050
img_003674,1400,788
img_003676,1400,788
img_003679,1400,788
img_003680,1916,1078
img_003681,1916,1078
img_003682,1360,765
img_003683,1400,788
img_003684,1400,788
img_003685,1400,1050
img_003686,1400,788
img_003687,2000,1500
img_003690,1400,1050
img_003694,1360,765
img_003696,1400,1050
img_003699,1400,788
img_003701,2000,1500
img_003702,1916,1078
img_003703,1400,788
img_003704,1400,1050
img_003706,1916,1078
img_003707,1400,1050
img_003708,1400,1050
img_003709,2000,1500
img_003710,1360,765
img_003712,1400,1050
img_003713,1400,788
img_003714,1920,1080
img_003715,1360,765
img_003716,1400,788
img_003718,1400,788
img_003720,1400,1050
img_003721,1400,1050
img_003722,1916,1078
img_003723,960,540
img_003724,2000,1500
img_003725,2000,1500
img_003726,1360,765
img_003727,1920,1080
img_003728,1400,788
img_003729,1400,1050
img_003730,1400,1050
img_003731,1400,788
img_003732,1400,788
img_003733,1400,1050
img_003735,1400,788
img_003736,1400,1050
img_003737,1400,788
img_003738,1400,1050
img_003739,1400,1050
img_003740,2000,1500
img_003741,1400,1050
img_003742,2000,1500
img_003743,1400,788
img_003744,1400,1050
img_003745,1400,788
img_003746,1400,1050
img_003747,1400,788
img_003748,2000,1500
img_003749,1400,788
img_003751,1400,1050
img_003754,1400,788
img_003755,1400,1050
img_003756,1400,1050
img_003757,2000,1500
img_003758,1916,1078
img_003759,1400,1050
img_003761,1400,1050
img_003763,1400,788
img_003764,1920,1080
img_003765,1400,1050
img_003766,1400,1050
img_003767,1916,1078
img_003768,1400,788
img_003771,1400,1050
img_003772,2000,1500
img_003773,1920,1080
img_003774,1360,765
img_003775,960,540
img_003776,1916,1078
img_003778,1400,1050
img_003779,1360,765
img_003781,960,540
img_003782,1400,1050
img_003783,960,540
img_003785,1400,1050
img_003788,960,540
img_003790,960,540
img_003793,1400,1050
img_003794,2000,1500
img_003796,1400,1050
img_003797,1360,765
img_003800,1400,788
img_003803,2000,1500
img_003804,1360,765
img_003805,2000,1500
img_003806,1400,788
img_003807,1400,788
img_003808,1400,1050
img_003809,1400,788
img_003810,960,540
img_003811,1400,1050
img_003812,1400,1050
img_003813,1400,1050
img_003814,1360,765
img_003815,1400,1050
img_003816,1920,1080
img_003817,1400,1050
img_003818,1400,788
img_003819,1400,1050
img_003822,1400,788
img_003823,2000,1500
img_003825,1360,765
img_003826,1400,788
img_003827,2000,1500
img_003828,1400,788
img_003829,1400,788
img_003830,1360,765
img_003831,1916,1078
img_003832,2000,1500
img_003833,960,540
img_003835,1920,1080
img_003836,1400,1050
img_003837,1360,765
img_003838,1400,1050
img_003841,960,540
img_003843,1400,1050
img_003844,1400,788
img_003846,1400,1050
img_003847,2000,1500
img_003849,1400,1050
img_003850,1400,1050
img_003851,1400,1050
img_003852,1400,788
img_003853,1400,788
img_003855,1400,1050
img_003856,1400,788
img_003857,1920,1080
img_003858,1400,1050
img_003859,1400,788
img_003860,1400,788
img_003861,1920,1080
img_003865,1400,1050
img_003869,1400,1050
img_003870,1920,1080
img_003871,1400,1050
img_003872,1400,1050
img_003873,1400,1050
img_003874,1400,1050
img_003875,2000,1500
img_003876,1916,1078
img_003878,1400,1050
img_003881,1916,1078
img_003882,1400,788
img_003883,960,540
img_003884,2000,1500
img_003885,2000,1500
img_003886,1400,1050
img_003887,1400,1050
img_003888,1920,1080
img_003889,2000,1500
img_003890,1916,1078
img_003891,1916,1078
img_003892,1400,788
img_003893,1400,1050
img_003894,1400,1050
img_003895,1400,1050
img_003897,1920,1080
img_003902,1400,788
img_003903,1916,1078
img_003904,1400,1050
img_003905,1400,1050
img_003906,1400,788
img_003907,1400,1050
img_003911,1916,1078
img_003912,1400,1050
img_003913,1400,1050
img_003914,1400,788
img_003915,1916,1078
img_003916,1360,765
img_003917,1400,1050
img_003919,2000,1500
img_003920,1916,1078
img_003923,1400,1050
img_003924,1400,1050
img_003927,1360,765
img_003928,1400,788
img_003929,1400,1050
img_003930,1360,765
img_003931,1360,765
img_003932,1400,1050
img_003935,1400,1050
img_003936,1400,788
img_003937,1920,1080
img_003938,2000,1500
img_003939,1400,1050
img_003940,2000,1500
img_003943,1400,1050
img_003945,1916,1078
img_003946,960,540
img_003948,1400,1050
img_003949,1360,765
img_003950,1400,788
img_003951,1400,1050
img_003952,1400,788
img_003953,1400,1050
img_003955,1360,765
img_003956,1916,1078
img_003957,2000,1500
img_003958,1400,1050
img_003959,1400,1050
img_003960,2000,1500
img_003961,1360,765
img_003963,1400,788
img_003964,1400,788
img_003965,1400,1050
img_003966,1920,1080
img_003967,1400,1050
img_003968,1400,788
img_003969,1400,1050
img_003970,1400,1050
img_003971,2000,1500
img_003972,2000,1500
img_003973,1920,1080
img_003974,1400,1050
img_003977,1400,1050
img_003978,960,540
img_003979,1400,788
img_003980,1920,1080
img_003981,1916,1078
img_003982,1400,1050
img_003983,1400,788
img_003984,1400,788
img_003985,1360,765
img_003987,1400,1050
img_003988,1360,765
img_003989,2000,1500
img_003990,1400,1050
img_003991,2000,1500
img_003992,1916,1078
img_003993,960,540
img_003994,1400,788
img_003997,1400,1050
img_003999,1400,1050
img_004001,1400,788
img_004002,1400,788
img_004003,1360,765
img_004004,1400,1050
img_004005,1400,1050
img_004006,2000,1500
img_004007,2000,1500
img_004008,1400,788
img_004009,1400,1050
img_004010,1400,1050
img_004011,1360,765
img_004012,1360,765
img_004013,1400,1050
img_004014,1916,1078
img_004015,1400,788
img_004019,2000,1500
img_004020,2000,1500
img_004021,2000,1500
img_004022,1400,1050
img_004023,1400,788
img_004025,1400,1050
img_004026,1400,1050
img_004027,960,540
img_004028,1400,1050
img_004030,1400,1050
img_004031,1916,1078
img_004032,2000,1500
img_004033,1360,765
img_004034,1360,765
img_004036,1360,765
img_004038,1400,788
img_004039,1360,765
img_004040,1360,765
img_004043,1360,765
img_004044,1400,1050
img_004047,1360,765
img_004048,1400,788
img_004049,1400,1050
img_004050,1360,765
img_004051,1360,765
img_004052,960,540
img_004054,1400,788
img_004055,1400,788
img_004056,1400,788
img_004057,1400,1050
img_004059,960,540
img_004061,1400,788
img_004062,2000,1500
img_004063,1400,1050
img_004064,1400,1050
img_004066,1360,765
img_004067,1916,1078
img_004068,2000,1500
img_004069,1360,765
img_004070,2000,1500
img_004071,1400,788
img_004073,1400,1050
img_004074,1360,765
img_004075,1400,1050
img_004077,1400,1050
img_004079,1400,1050
img_004081,1400,1050
img_004083,1400,1050
img_004086,1360,765
img_004088,1920,1080
img_004089,1400,1050
img_004090,1400,788
img_004091,1400,788
img_004092,1360,765
img_004093,1400,1050
img_004094,2000,1500
img_004095,1400,1050
img_004096,960,540
img_004098,1400,1050
img_004099,1360,765
img_004100,1916,1078
img_004101,1400,1050
img_004103,1400,788
img_004104,1400,1050
img_004106,2000,1500
img_004108,1916,1078
img_004111,1920,1080
img_004113,1916,1078
img_004114,1400,1050
img_004116,1400,788
img_004117,1400,1050
img_004118,1360,765
img_004119,1920,1080
img_004120,1916,1078
img_004121,960,540
img_004123,1400,1050
img_004124,1400,1050
img_004127,2000,1500
img_004128,1400,1050
img_004130,1400,1050
img_004131,1400,1050
img_004132,960,540
img_004134,1916,1078
img_004135,1400,1050
img_004136,2000,1500
img_004137,2000,1500
img_004139,2000,1500
img_004140,1400,788
img_004142,1360,765
img_004143,1400,1050
img_004144,2000,1500
img_004145,2000,1500
img_004147,1400,1050
img_004148,1400,1050
img_004149,2000,1500
img_004152,1920,1080
img_004153,1400,1050
img_004154,2000,1500
img_004155,2000,1500
img_004156,1400,1050
img_004158,1400,1050
img_004159,1360,765
img_004161,1400,1050
img_004162,1400,1050
img_004163,960,540
img_004164,1400,788
img_004165,2000,1500
img_004167,1400,1050
img_004168,1400,1050
img_004169,1400,788
img_004170,1400,1050
img_004171,1400,788
img_004172,1920,1080
img_004173,1400,788
img_004175,1400,1050
img_004177,1400,1050
img_004178,2000,1500
img_004179,1400,1050
img_004180,1916,1078
img_004181,2000,1500
img_004182,1916,1078
img_004183,1400,1050
img_004184,2000,1500
img_004185,1916,1078
img_004186,1400,1050
img_004189,2000,1500
img_004190,1400,1050
img_004191,1400,1050
img_004192,1400,1050
img_004194,1400,1050
img_004195,1400,1050
img_004196,1400,1050
img_004198,960,540
img_004200,2000,1500
img_004202,1920,1080
img_004203,1400,1050
img_004206,1400,788
img_004207,1920,1080
img_004209,1916,1078
img_004210,1360,765
img_004211,1400,1050
img_004214,1916,1078
img_004215,1360,765
img_004219,1400,788
img_004221,1916,1078
img_004222,1400,1050
img_004223,1400,788
img_004224,1398,1048
img_004225,1360,765
img_004227,1400,1050
img_004229,1916,1078
img_004230,1400,788
img_004233,1400,788
img_004235,1400,788
img_004236,1360,765
img_004238,1400,788
img_004240,1400,788
img_004241,1400,1050
img_004242,1400,788
img_004243,1400,1050
img_004245,1920,1080
img_004246,1920,1080
img_004247,1400,1050
img_004249,2000,1500
img_004250,1360,765
img_004252,1400,1050
img_004254,2000,1500
img_004256,1920,1080
img_004257,1400,1050
img_004259,2000,1500
img_004260,1400,1050
img_004261,1916,1078
img_004262,1400,1050
img_004263,1400,788
img_004265,1400,1050
img_004268,1920,1080
img_004269,1400,1050
img_004271,1400,1050
img_004273,1400,1050
img_004274,1400,788
img_004275,1400,788
img_004276,1360,765
img_004277,1400,788
img_004279,2000,1500
img_004281,1360,765
img_004282,1400,1050
img_004283,2000,1500
img_004285,1920,1080
img_004286,1916,1078
img_004287,1916,1078
img_004288,1360,765
img_004289,1360,765
img_004290,1400,788
img_004291,1400,1050
img_004292,1916,1078
img_004293,2000,1500
img_004294,1360,765
img_004296,1400,1050
img_004297,1360,765
img_004298,1360,765
img_004299,1916,1078
img_004300,960,540
img_004301,2000,1500
img_004302,1400,788
img_004303,1400,788
img_004305,1360,765
img_004306,1400,1050
img_004307,1400,788
img_004309,1360,765
img_004310,2000,1500
img_004311,1916,1078
img_004312,1400,1050
img_004313,1400,1050
img_004315,1400,1050
img_004316,1400,1050
img_004317,1400,1050
img_004319,1400,1050
img_004320,1400,788
img_004322,2000,1500
img_004323,960,540
img_004324,1400,788
img_004325,1400,1050
img_004326,1400,788
img_004327,1400,1050
img_004329,1400,788
img_004331,1400,788
img_004332,1360,765
img_004333,1400,1050
img_004334,1360,765
img_004335,1400,788
img_004336,1916,1078
img_004338,1400,1050
img_004339,1360,765
img_004340,1400,1050
img_004341,1360,765
img_004342,1400,788
img_004343,1400,1050
img_004344,960,540
img_004345,1400,1050
img_004346,1400,1050
img_004347,1360,765
img_004348,1400,1050
img_004350,1920,1080
img_004351,1360,765
img_004352,1360,765
img_004353,1400,788
img_004354,1400,1050
img_004355,1916,1078
img_004356,1400,1050
img_004358,1360,765
img_004359,1360,765
img_004360,1400,1050
img_004361,1400,1050
img_004362,1400,1050
img_004364,1360,765
img_004365,1400,788
img_004366,1400,1050
img_004367,1400,1050
img_004368,1400,1050
img_004369,1400,788
img_004370,1400,1050
img_004372,1360,765
img_004373,1400,788
img_004376,960,540
img_004377,1400,1050
img_004380,1400,788
img_004385,1400,1050
img_004387,960,540
img_004389,1400,1050
img_004390,1400,788
img_004391,1400,1050
img_004392,1400,788
img_004393,1400,788
img_004394,1400,1050
img_004395,1400,788
img_004396,1400,1050
img_004398,1400,1050
img_004399,1400,788
img_004400,1400,1050
img_004401,1360,765
img_004403,1400,1050
img_004404,2000,1500
img_004406,1400,1050
img_004407,1916,1078
img_004409,1400,788
img_004410,1920,1080
img_004412,1400,788
img_004413,1400,1050
img_004415,1400,788
img_004418,1400,1050
img_004420,1400,1050
img_004421,1400,788
img_004424,1360,765
img_004425,1400,1050
img_004426,1400,788
img_004427,1360,765
img_004429,1400,788
img_004430,1400,1050
img_004431,1400,1050
img_004436,1400,1050
img_004437,1400,788
img_004439,1920,1080
img_004440,1400,1050
img_004443,1916,1078
img_004445,1400,1050
img_004447,1400,1050
img_004448,1400,788
img_004449,1916,1078
img_004451,1400,1050
img_004453,1400,788
img_004455,2000,1500
img_004457,1400,1050
img_004458,1360,765
img_004459,1400,1050
img_004460,1400,1050
img_004461,1400,1050
img_004463,960,540
img_004464,1400,1050
img_004465,1400,788
img_004466,1400,1050
img_004469,1400,1050
img_004470,2000,1500
img_004472,1360,765
img_004473,1400,1050
img_004474,1400,1050
img_004476,1920,1080
img_004477,1400,1050
img_004478,1400,1050
img_004480,1400,1050
img_004482,1400,788
img_004483,1400,788
img_004484,1400,1050
img_004485,2000,1500
img_004486,1400,788
img_004488,1916,1078
img_004489,1400,788
img_004490,1398,1048
img_004491,2000,1500
img_004493,2000,1500
img_004494,1360,765
img_004495,1400,1050
img_004496,1400,788
img_004498,1400,788
img_004499,1916,1078
img_004500,1400,788
img_004501,1400,1050
img_004502,1400,1050
img_004503,1400,1050
img_004505,1400,1050
img_004506,1400,1050
img_004508,1400,788
img_004509,1360,765
img_004511,1360,765
img_004513,1400,1050
img_004514,1400,1050
img_004517,1400,1050
img_004518,1360,765
img_004519,1400,788
img_004520,1920,1080
img_004521,1400,1050
img_004522,1360,765
img_004526,1400,1050
img_004527,1400,788
img_004528,2000,1500
img_004532,1400,788
img_004533,1400,1050
img_004534,1400,1050
img_004535,1400,1050
img_004539,1916,1078
img_004541,1360,765
img_004542,2000,1500
img_004543,1360,765
img_004544,1400,788
img_004545,1400,1050
img_004547,2000,1500
img_004548,1916,1078
img_004549,1920,1080
img_004550,960,540
img_004551,1400,1050
img_004552,1400,1050
img_004553,1400,788
img_004554,1360,765
img_004555,1400,1050
img_004556,1400,1050
img_004557,1400,788
img_004558,1360,765
img_004560,960,540
img_004561,1400,1050
img_004563,1400,788
img_004564,1400,1050
img_004565,1400,1050
img_004566,2000,1500
img_004567,960,540
img_004568,1400,788
img_004569,2000,1500
img_004570,1360,765
img_004571,2000,1500
img_004572,1400,1050
img_004573,2000,1500
img_004574,1400,788
img_004575,1400,788
img_004577,1400,1050
img_004578,1400,1050
img_004579,1916,1078
img_004580,1920,1080
img_004581,1920,1080
img_004582,2000,1500
img_004583,2000,1500
img_004584,1400,788
img_004585,1400,1050
img_004587,1360,765
img_004588,1400,1050
img_004589,1400,1050
img_004591,1360,765
img_004592,2000,1500
img_004594,1400,788
img_004596,1400,1050
img_004597,1400,1050
img_004598,1360,765
img_004599,2000,1500
img_004600,1400,1050
img_004601,1400,788
img_004602,1400,788
img_004603,1400,788
img_004605,1916,1078
img_004606,1400,1050
img_004607,1360,765
img_004608,1400,788
img_004609,1400,788
img_004610,1400,1050
img_004611,1400,1050
img_004613,1400,788
img_004615,1400,1050
img_004616,1360,765
img_004617,1916,1078
img_004619,2000,1500
img_004621,1400,1050
img_004622,1360,765
img_004625,2000,1500
img_004626,2000,1500
img_004628,1360,765
img_004629,1400,1050
img_004630,1360,765
img_004631,1400,788
img_004633,960,540
img_004634,1916,1078
img_004635,1400,1050
img_004636,1400,788
img_004637,1400,788
img_004638,1400,1050
img_004639,1916,1078
img_004640,1400,1050
img_004641,1360,765
img_004642,1400,788
img_004643,1360,765
img_004646,1360,765
img_004648,1400,1050
img_004649,1400,1050
img_004650,1400,788
img_004651,1400,1050
img_004652,1360,765
img_004653,2000,1500
img_004654,1400,1050
img_004655,1400,1050
img_004657,1400,788
img_004658,1400,1050
img_004659,2000,1500
img_004660,960,540
img_004661,1360,765
img_004662,1360,765
img_004663,1360,765
img_004664,2000,1500
img_004665,1360,765
img_004667,1400,1050
img_004668,1400,788
img_004669,2000,1500
img_004670,1400,1050
img_004671,1400,788
img_004672,1920,1080
img_004673,1400,1050
img_004674,1400,1050
img_004675,1400,788
img_004677,1400,788
img_004678,1400,1050
img_004679,1400,788
img_004680,1400,788
img_004682,2000,1500
img_004684,1400,788
img_004686,1360,765
img_004687,1400,1050
img_004693,1920,1080
img_004694,1360,765
img_004695,1400,788
img_004697,1360,765
img_004698,1916,1078
img_004699,1920,1080
img_004700,1920,1080
img_004701,1400,788
img_004702,1400,1050
img_004704,1920,1080
img_004706,2000,1500
img_004708,1920,1080
img_004709,1400,788
img_004710,2000,1500
img_004711,2000,1500
img_004712,1400,1050
img_004713,1916,1078
img_004715,2000,1500
img_004716,1400,1050
img_004717,1920,1080
img_004719,960,540
img_004720,1360,765
img_004721,1920,1080
img_004723,1400,1050
img_004724,1400,788
img_004725,1400,1050
img_004728,1400,1050
img_004729,1400,1050
img_004730,2000,1500
img_004731,960,540
img_004732,1400,1050
img_004733,1400,788
img_004734,2000,1500
img_004736,1400,1050
img_004737,2000,1500
img_004738,1400,788
img_004740,2000,1500
img_004741,1916,1078
img_004742,2000,1500
img_004744,2000,1500
img_004745,1916,1078
img_004747,1360,765
img_004748,1400,1050
img_004749,1360,765
img_004750,1916,1078
img_004752,1400,788
img_004754,1360,765
img_004755,1920,1080
img_004756,1400,1050
img_004758,1400,1050
img_004759,1360,765
img_004760,1400,1050
img_004761,1400,1050
img_004762,1400,788
img_004764,1360,765
img_004765,1360,765
img_004766,1360,765
img_004767,1360,765
img_004768,1400,788
img_004769,1400,788
img_004770,2000,1500
img_004771,2000,1500
img_004775,2000,1500
img_004776,1916,1078
img_004777,1400,1050
img_004778,1400,788
img_004779,1400,1050
img_004780,1916,1078
img_004781,1360,765
img_004782,1360,765
img_004783,1360,765
img_004784,1400,1050
img_004785,1400,1050
img_004787,1400,1050
img_004789,1400,1050
img_004791,1360,765
img_004792,1360,765
img_004793,1400,788
img_004795,1916,1078
img_004796,1400,788
img_004797,2000,1500
img_004798,1916,1078
img_004799,1920,1080
img_004800,1400,1050
img_004802,1400,788
img_004805,1400,1050
img_004806,1400,1050
img_004807,1916,1078
img_004808,1400,788
img_004809,1360,765
img_004810,1400,788
img_004811,1360,765
img_004812,2000,1500
img_004813,1916,1078
img_004814,1400,1050
img_004816,2000,1500
img_004818,1400,1050
img_004819,1916,1078
img_004822,1360,765
img_004823,1360,765
img_004825,1400,788
img_004827,1400,1050
img_004828,1400,1050
img_004830,1400,788
img_004831,1400,1050
img_004833,2000,1500
img_004835,1400,1050
img_004836,1400,788
img_004837,1400,788
img_004838,1400,1050
img_004840,1920,1080
img_004841,1400,1050
img_004842,1920,1080
img_004844,1360,765
img_004845,1916,1078
img_004846,1360,765
img_004847,1400,1050
img_004848,1916,1078
img_004850,1400,1050
img_004851,2000,1500
img_004852,1360,765
img_004853,1360,765
img_004855,1400,788
img_004856,1400,788
img_004857,960,540
img_004858,1916,1078
img_004859,1360,765
img_004860,1360,765
img_004861,1360,765
img_004862,1920,1080
img_004863,1400,1050
img_004865,2000,1500
img_004866,1916,1078
img_004867,1400,788
img_004868,1400,788
img_004869,1400,1050
img_004870,2000,1500
img_004871,1400,1050
img_004872,1400,1050
img_004874,2000,1500
img_004875,1920,1080
img_004877,1400,1050
img_004879,2000,1500
img_004880,960,540
img_004882,1400,1050
img_004883,1916,1078
img_004884,1400,1050
img_004885,2000,1500
img_004886,1400,1050
img_004888,1360,765
img_004889,1360,765
img_004890,1400,1050
img_004891,1400,1050
img_004892,1400,1050
img_004893,1400,788
img_004895,1360,765
img_004897,1920,1080
img_004898,2000,1500
img_004899,1400,788
img_004900,1360,765
img_004901,2000,1500
img_004902,1360,765
img_004903,1400,1050
img_004904,1400,1050
img_004905,960,540
img_004906,1400,1050
img_004907,1360,765
img_004908,1916,1078
img_004909,1400,1050
img_004910,1916,1078
img_004911,1400,1050
img_004912,1400,788
img_004913,1400,1050
img_004914,1400,788
img_004915,1400,1050
img_004916,1400,1050
img_004917,1916,1078
img_004918,960,540
img_004920,1920,1080
img_004921,1920,1080
img_004923,1400,788
img_004924,1400,1050
img_004925,1400,1050
img_004926,1400,788
img_004927,1400,1050
img_004930,1400,1050
img_004931,2000,1500
img_004932,1360,765
img_004933,1400,1050
img_004934,2000,1500
img_004937,1916,1078
img_004939,1360,765
img_004940,1400,1050
img_004942,2000,1500
img_004943,1400,1050
img_004944,1400,788
img_004945,1916,1078
img_004947,1360,765
img_004948,1360,765
img_004949,1400,1050
img_004950,1400,1050
img_004951,2000,1500
img_004952,2000,1500
img_004953,1400,788
img_004954,1400,788
img_004955,1400,1050
img_004956,960,540
img_004958,1400,1050
img_004959,1400,1050
img_004960,1360,765
img_004961,1400,788
img_004962,1400,1050
img_004963,1400,1050
img_004964,1920,1080
img_004967,1360,765
img_004970,1400,1050
img_004972,1360,765
img_004975,1400,788
img_004977,1400,1050
img_004978,1400,1050
img_004979,1400,1050
img_004980,1400,1050
img_004981,1920,1080
img_004982,1400,1050
img_004983,1360,765
img_004984,1916,1078
img_004986,1400,1050
img_004987,1916,1078
img_004988,1400,788
img_004989,1360,765
img_004991,1400,788
img_004992,2000,1500
img_004993,1400,1050
img_004994,1400,1050
img_004995,1400,1050
img_004996,2000,1500
img_004997,1400,1050
img_004998,960,540
img_005000,1400,788
img_005002,1360,765
img_005003,1400,788
img_005004,1400,1050
img_005005,1916,1078
img_005006,1920,1080
img_005007,1400,1050
img_005008,1400,788
img_005009,1920,1080
img_005010,1400,1050
img_005011,1360,765
img_005012,1400,788
img_005014,1400,1050
img_005015,1400,1050
img_005016,1916,1078
img_005018,1400,1050
img_005020,1920,1080
img_005021,1400,1050
img_005022,2000,1500
img_005023,1360,765
img_005024,1916,1078
img_005028,1400,788
img_005030,1400,1050
img_005031,1400,1050
img_005032,2000,1500
img_005034,960,540
img_005035,1400,1050
img_005036,2000,1500
img_005037,1400,1050
img_005038,2000,1500
img_005039,1360,765
img_005041,1400,1050
img_005043,1916,1078
img_005045,1400,1050
img_005046,1400,1050
img_005047,1400,1050
img_005048,2000,1500
img_005049,1920,1080
img_005051,1400,788
img_005052,1400,788
img_005054,1360,765
img_005055,1400,788
img_005056,2000,1500
img_005059,1916,1078
img_005060,1400,1050
img_005061,1400,1050
img_005062,1400,1050
img_005063,1920,1080
img_005064,1400,1050
img_005065,2000,1500
img_005066,1400,1050
img_005067,1360,765
img_005070,2000,1500
img_005072,2000,1500
img_005073,1400,1050
img_005074,1400,788
img_005075,1400,1050
img_005076,1400,788
img_005078,1400,1050
img_005079,1400,1050
img_005080,1400,1050
img_005081,1400,788
img_005082,1400,1050
img_005083,1400,1050
img_005084,1400,788
img_005086,1400,1050
img_005087,1400,1050
img_005088,1400,1050
img_005091,1400,788
img_005093,2000,1500
img_005094,1360,765
img_005095,1360,765
img_005096,1920,1080
img_005097,1920,1080
img_005098,1400,788
img_005100,1400,1050
img_005101,1400,788
img_005102,1400,1050
img_005103,1360,765
img_005104,1400,788
img_005106,1400,788
img_005107,1400,788
img_005108,2000,1500
img_005109,960,540
img_005110,1400,1050
img_005111,1916,1078
img_005112,1360,765
img_005113,1400,788
img_005114,1400,788
img_005115,1400,788
img_005116,1400,1050
img_005117,1400,1050
img_005119,1400,788
img_005120,1400,1050
img_005123,1400,1050
img_005124,1920,1080
img_005125,1400,788
img_005126,1400,1050
img_005127,1400,788
img_005128,1360,765
img_005129,1916,1078
img_005131,1400,788
img_005132,1360,765
img_005133,1400,1050
img_005134,1400,788
img_005139,1916,1078
img_005140,1916,1078
img_005141,1400,788
img_005143,1400,1050
img_005144,1400,1050
img_005145,1400,1050
img_005146,1360,765
img_005147,1360,765
img_005148,1916,1078
img_005149,1360,765
img_005150,1400,788
img_005151,1400,1050
img_005152,1400,788
img_005153,1360,765
img_005156,1400,1050
img_005157,1400,1050
img_005158,1400,1050
img_005159,1400,1050
img_005160,1916,1078
img_005161,1400,1050
img_005163,1400,788
img_005165,1400,1050
img_005166,1400,788
img_005167,1360,765
img_005168,1400,1050
img_005169,1400,1050
img_005170,1400,1050
img_005171,1400,788
img_005173,1400,1050
img_005174,1916,1078
img_005175,2000,1500
img_005176,1916,1078
img_005177,960,540
img_005178,1400,1050
img_005182,2000,1500
img_005183,1400,788
img_005184,1360,765
img_005185,2000,1500
img_005187,1920,1080
img_005188,2000,1500
img_005190,2000,1500
img_005191,1360,765
img_005192,1400,1050
img_005193,1400,1050
img_005194,1400,1050
img_005195,1400,1050
img_005196,1400,1050
img_005197,1400,1050
img_005198,1400,1050
img_005199,2000,1500
img_005202,1400,788
img_005203,1400,788
img_005204,1400,1050
img_005205,1400,788
img_005207,2000,1500
img_005208,2000,1500
img_005210,2000,1500
img_005211,1920,1080
img_005213,1400,788
img_005214,1400,1050
img_005215,1360,765
img_005216,1400,1050
img_005218,1400,1050
img_005220,1400,788
img_005221,1400,1050
img_005222,1920,1080
img_005223,2000,1500
img_005224,1400,1050
img_005225,2000,1500
img_005226,1400,1050
img_005227,1400,1050
img_005230,1916,1078
img_005231,1400,788
img_005234,1360,765
img_005236,1400,788
img_005238,1400,788
img_005239,1360,765
img_005240,1400,788
img_005241,1400,1050
img_005242,1400,788
img_005243,2000,1500
img_005244,1400,788
img_005245,1400,788
img_005246,2000,1500
img_005247,1360,765
img_005249,1400,1050
img_005250,1400,788
img_005252,1360,765
img_005253,1400,1050
img_005254,1360,765
img_005255,1400,788
img_005256,1360,765
img_005257,1400,1050
img_005258,1360,765
img_005259,1400,1050
img_005261,1360,765
img_005262,1400,1050
img_005263,1400,1050
img_005264,1400,1050
img_005265,1400,1050
img_005266,1400,1050
img_005267,1400,788
img_005268,1400,1050
img_005269,1400,788
img_005270,1400,1050
img_005271,960,540
img_005272,1400,788
img_005273,1400,1050
img_005275,1400,788
img_005276,1360,765
img_005277,1400,1050
img_005278,2000,1500
img_005279,1400,1050
img_005280,2000,1500
img_005282,1916,1078
img_005283,1920,1080
img_005284,1400,1050
img_005285,1360,765
img_005286,1400,1050
img_005288,1400,788
img_005289,2000,1500
img_005290,1920,1080
img_005291,1400,1050
img_005293,1400,788
img_005295,1400,788
img_005296,1916,1078
img_005297,1916,1078
img_005298,1400,1050
img_005300,1400,788
img_005302,1360,765
img_005304,1400,1050
img_005305,2000,1500
img_005307,1400,1050
img_005308,1360,765
img_005309,2000,1500
img_005310,2000,1500
img_005311,1400,788
img_005314,1400,788
img_005315,1360,765
img_005316,1400,1050
img_005317,1400,788
img_005318,1360,765
img_005319,1400,788
img_005320,1400,1050
img_005321,1400,1050
img_005322,1360,765
img_005323,1400,1050
img_005324,1400,1050
img_005326,1400,788
img_005327,1400,1050
img_005328,1360,765
img_005330,1400,788
img_005331,1920,1080
img_005333,1360,765
img_005334,1916,1078
img_005338,2000,1500
img_005339,1400,1050
img_005341,1400,788
img_005342,1400,1050
img_005343,1916,1078
img_005344,2000,1500
img_005345,2000,1500
img_005346,1400,1050
img_005347,1400,788
img_005348,1400,1050
img_005349,2000,1500
img_005351,1400,1050
img_005353,1916,1078
img_005355,1400,788
img_005356,2000,1500
img_005357,2000,1500
img_005358,1400,788
img_005360,1360,765
img_005363,1360,765
img_005364,1400,1050
img_005365,960,540
img_005366,1400,1050
img_005369,1400,1050
img_005372,1400,1050
img_005374,1916,1078
img_005375,2000,1500
img_005376,1400,1050
img_005377,1400,1050
img_005378,1920,1080
img_005379,2000,1500
img_005381,2000,1500
img_005383,1360,765
img_005384,2000,1500
img_005385,1920,1080
img_005386,1400,1050
img_005387,1398,1048
img_005388,1916,1078
img_005389,2000,1500
img_005390,1400,1050
img_005392,2000,1500
img_005393,2000,1500
img_005394,1400,1050
img_005395,1400,788
img_005396,2000,1500
img_005398,2000,1500
img_005399,1400,788
img_005401,1400,1050
img_005403,1400,1050
img_005405,1920,1080
img_005406,1400,1050
img_005408,1400,1050
img_005409,1360,765
img_005410,1400,788
img_005411,2000,1500
img_005412,960,540
img_005413,1400,1050
img_005414,1400,788
img_005416,2000,1500
img_005417,1400,788
img_005419,1360,765
img_005420,1400,788
img_005421,960,540
img_005423,1400,1050
img_005424,1916,1078
img_005425,1920,1080
img_005426,1400,1050
img_005428,1400,1050
img_005429,1916,1078
img_005430,1400,788
img_005433,1916,1078
img_005434,1400,788
img_005435,960,540
img_005436,1920,1080
img_005437,1400,788
img_005439,1360,765
img_005440,2000,1500
img_005441,1400,788
img_005442,1920,1080
img_005444,1400,788
img_005445,1360,765
img_005449,1916,1078
img_005450,2000,1500
img_005454,960,540
img_005455,1400,788
img_005456,1400,1050
img_005458,1400,788
img_005459,2000,1500
img_005460,1400,788
img_005461,1400,1050
img_005462,1360,765
img_005464,1400,1050
img_005465,1400,1050
img_005466,1360,765
img_005467,1400,1050
img_005470,1400,1050
img_005471,1400,788
img_005472,2000,1500
img_005473,1400,1050
img_005474,1400,788
img_005475,1360,765
img_005478,1400,1050
img_005479,1400,788
img_005480,1400,1050
img_005481,1920,1080
img_005482,1400,1050
img_005483,1400,788
img_005484,1360,765
img_005485,1400,1050
img_005486,1400,1050
img_005488,1916,1078
img_005489,2000,1500
img_005490,1360,765
img_005491,1400,788
img_005492,1400,1050
img_005493,1400,1050
img_005494,1360,765
img_005496,1400,1050
img_005497,1400,1050
img_005498,2000,1500
img_005499,1400,1050
img_005502,1400,1050
img_005504,960,540
img_005506,1400,788
img_005507,1400,788
img_005508,2000,1500
img_005509,1400,788
img_005511,1400,1050
img_005512,1400,1050
img_005513,1400,1050
img_005515,1400,1050
img_005518,1360,765
img_005519,1360,765
img_005520,1400,788
img_005521,1400,1050
img_005522,1400,1050
img_005523,2000,1500
img_005525,1400,1050
img_005526,1400,788
img_005529,1360,765
img_005530,1400,1050
img_005531,1916,1078
img_005532,1400,1050
img_005533,1400,1050
img_005534,1916,1078
img_005535,1400,1050
img_005536,1400,1050
img_005538,1360,765
img_005539,1920,1080
img_005540,1360,765
img_005541,1400,1050
img_005542,1400,788
img_005543,1400,788
img_005545,1400,788
img_005546,1400,1050
img_005547,2000,1500
img_005548,1400,1050
img_005549,1400,788
img_005550,960,540
img_005551,1916,1078
img_005552,2000,1500
img_005553,1920,1080
img_005554,2000,1500
img_005555,1400,1050
img_005556,1400,788
img_005559,1400,1050
img_005560,2000,1500
img_005562,1400,1050
img_005563,1360,765
img_005565,1920,1080
img_005566,1360,765
img_005567,1360,765
img_005568,1400,788
img_005569,960,540
img_005570,1400,1050
img_005572,1400,788
img_005573,1400,788
img_005575,1400,1050
img_005576,1400,1050
img_005577,1400,1050
img_005578,1400,1050
img_005579,1400,1050
img_005580,1400,1050
img_005582,1400,1050
img_005583,1916,1078
img_005585,1920,1080
img_005586,1916,1078
img_005587,1400,1050
img_005588,1400,1050
img_005589,1400,1050
img_005590,2000,1500
img_005591,2000,1500
img_005592,1920,1080
img_005594,1400,788
img_005596,1400,1050
img_005597,1400,1050
img_005598,1400,788
img_005599,1916,1078
img_005600,2000,1500
img_005601,1400,788
img_005603,1400,788
img_005604,2000,1500
img_005606,1400,788
img_005607,1400,788
img_005608,1400,1050
img_005609,1400,788
img_005610,1400,788
img_005612,1916,1078
img_005613,1400,1050
img_005614,2000,1500
img_005615,1400,1050
img_005618,2000,1500
img_005619,1400,1050
img_005620,1400,1050
img_005621,2000,1500
img_005622,1400,1050
img_005624,1400,1050
img_005625,1400,1050
img_005626,2000,1500
img_005628,1400,1050
img_005629,1920,1080
img_005630,1916,1078
img_005632,1400,1050
img_005633,1400,1050
img_005634,1400,1050
img_005636,1400,788
img_005637,1400,1050
img_005638,2000,1500
img_005639,1920,1080
img_005640,1400,1050
img_005641,1400,788
img_005642,2000,1500
img_005643,1360,765
img_005644,1400,788
img_005647,1400,1050
img_005648,1916,1078
img_005649,1360,765
img_005650,1360,765
img_005651,1916,1078
img_005652,2000,1500
img_005653,1400,788
img_005654,1400,788
img_005655,1400,788
img_005656,1400,1050
img_005657,1400,1050
img_005658,1360,765
img_005659,2000,1500
img_005660,2000,1500
img_005661,1916,1078
img_005662,1400,1050
img_005663,1400,788
img_005664,1400,788
img_005665,1400,1050
img_005666,1360,765
img_005668,1360,765
img_005669,1400,788
img_005670,1400,1050
img_005671,1400,788
img_005673,1400,1050
img_005674,1916,1078
img_005675,1400,1050
img_005676,1360,765
img_005677,1400,1050
img_005678,1400,1050
img_005679,2000,1500
img_005680,1400,1050
img_005681,1400,1050
img_005682,1400,1050
img_005683,1920,1080
img_005684,1400,1050
img_005686,1400,1050
img_005687,1400,1050
img_005688,2000,1500
img_005689,1400,1050
img_005690,2000,1500
img_005692,1400,1050
img_005693,1400,788
img_005694,1360,765
img_005695,1916,1078
img_005696,1920,1080
img_005697,1400,1050
img_005698,1400,1050
img_005699,2000,1500
img_005700,1400,1050
img_005701,1400,1050
img_005703,1400,1050
img_005705,1400,788
img_005706,1400,1050
img_005707,1400,1050
img_005708,1400,1050
img_005709,1400,1050
img_005710,1400,1050
img_005712,1400,1050
img_005713,1400,1050
img_005714,1400,1050
img_005715,1360,765
img_005718,960,540
img_005719,1400,1050
img_005720,1400,1050
img_005721,1400,1050
img_005723,1400,1050
img_005724,1360,765
img_005726,1916,1078
img_005728,1400,1050
img_005730,1400,1050
img_005732,1360,765
img_005733,1400,788
img_005734,1400,1050
img_005735,1400,788
img_005737,1400,788
img_005738,1400,1050
img_005739,1400,788
img_005740,2000,1500
img_005741,1360,765
img_005742,1400,788
img_005743,1400,788
img_005744,1400,1050
img_005747,1400,1050
img_005748,1400,1050
img_005752,1400,788
img_005753,1400,1050
img_005754,1916,1078
img_005756,1400,788
img_005757,1360,765
img_005758,1400,1050
img_005759,1400,788
img_005760,1398,1048
img_005761,1400,788
img_005762,1400,788
img_005763,1400,788
img_005764,1920,1080
img_005765,1400,1050
img_005768,1400,1050
img_005769,1400,788
img_005770,1360,765
img_005771,2000,1500
img_005772,2000,1500
img_005773,1400,788
img_005774,1400,1050
img_005776,1360,765
img_005777,1400,788
img_005778,1400,788
img_005779,1916,1078
img_005780,1400,788
img_005781,1360,765
img_005782,1400,788
img_005783,2000,1500
img_005784,2000,1500
img_005785,1916,1078
img_005786,1400,1050
img_005787,1400,788
img_005789,1400,1050
img_005790,1400,1050
img_005793,1400,1050
img_005795,1400,788
img_005796,960,540
img_005797,1400,1050
img_005798,1400,788
img_005799,1400,1050
img_005800,1400,1050
img_005801,1400,1050
img_005803,1400,1050
img_005804,1400,1050
img_005808,1400,1050
img_005809,1916,1078
img_005810,1400,1050
img_005811,1400,1050
img_005812,1920,1080
img_005813,1400,1050
img_005814,1400,788
img_005816,1916,1078
img_005817,1400,1050
img_005818,960,540
img_005819,1920,1080
img_005820,1360,765
img_005821,2000,1500
img_005823,1400,1050
img_005824,1400,1050
img_005825,1400,1050
img_005827,1400,1050
img_005828,1400,788
img_005829,1360,765
img_005830,1400,788
img_005832,1400,788
img_005834,1400,1050
img_005835,1400,788
img_005837,1400,788
img_005839,2000,1500
img_005840,1360,765
img_005842,1920,1080
img_005843,960,540
img_005845,1400,788
img_005846,1400,1050
img_005847,2000,1500
img_005849,1400,788
img_005850,1400,1050
img_005851,1920,1080
img_005852,1400,1050
img_005853,1400,1050
img_005854,1400,788
img_005855,2000,1500
img_005856,1400,1050
img_005858,1400,1050
img_005859,1400,1050
img_005860,960,540
img_005861,1400,1050
img_005862,1400,788
img_005863,1920,1080
img_005864,1400,1050
img_005865,1400,1050
img_005866,1360,765
img_005868,1360,765
img_005869,1916,1078
img_005870,1400,1050
img_005872,1400,788
img_005873,1398,1048
img_005874,2000,1500
img_005875,1400,1050
img_005876,1400,1050
img_005877,1400,1050
img_005881,1916,1078
img_005882,1916,1078
img_005884,1400,788
img_005885,1400,1050
img_005887,1920,1080
img_005891,1400,788
img_005892,1400,788
img_005893,960,540
img_005894,1920,1080
img_005895,960,540
img_005896,1400,788
img_005897,1400,1050
img_005898,2000,1500
img_005899,2000,1500
img_005900,2000,1500
img_005902,1400,1050
img_005903,1360,765
img_005905,1400,788
img_005906,1400,1050
img_005907,1400,788
img_005908,2000,1500
img_005909,1400,1050
img_005910,1360,765
img_005912,1916,1078
img_005913,1400,1050
img_005914,1400,1050
img_005915,1400,1050
img_005917,1400,788
img_005918,1400,788
img_005921,1400,1050
img_005922,960,540
img_005923,1916,1078
img_005924,1400,1050
img_005925,1360,765
img_005927,1400,1050
img_005928,1400,1050
img_005929,1360,765
img_005931,1920,1080
img_005933,1400,788
img_005935,1400,1050
img_005936,2000,1500
img_005937,1916,1078
img_005938,1916,1078
img_005940,1916,1078
img_005941,1916,1078
img_005942,2000,1500
img_005943,1360,765
img_005944,1400,1050
img_005946,1360,765
img_005947,1400,1050
img_005948,1400,788
img_005949,1400,1050
img_005950,1400,788
img_005952,1400,1050
img_005954,1920,1080
img_005956,1400,1050
img_005957,2000,1500
img_005958,2000,1500
img_005959,1400,1050
img_005961,2000,1500
img_005962,1920,1080
img_005963,1916,1078
img_005964,1400,788
img_005965,1400,1050
img_005966,2000,1500
img_005967,1400,1050
img_005968,2000,1500
img_005969,1400,1050
img_005970,1400,1050
img_005971,1400,1050
img_005972,1400,1050
img_005973,1400,788
img_005974,1400,788
img_005975,1400,1050
img_005977,2000,1500
img_005979,1400,788
img_005980,1360,765
img_005981,960,540
img_005982,1400,1050
img_005983,1400,1050
img_005984,1400,1050
img_005985,2000,1500
img_005986,2000,1500
img_005987,1400,1050
img_005988,1360,765
img_005990,1400,1050
img_005991,1400,1050
img_005992,1400,1050
img_005993,1400,1050
img_005994,1400,788
img_005995,1400,1050
img_005997,1400,1050
img_006002,1400,1050
img_006004,1400,788
img_006005,2000,1500
img_006008,1400,1050
img_006009,1400,1050
img_006010,1916,1078
img_006011,1400,788
img_006012,1400,1050
img_006016,1400,1050
img_006020,960,540
img_006021,1400,1050
img_006022,1360,765
img_006023,1916,1078
img_006024,1360,765
img_006025,1400,1050
img_006026,1916,1078
img_006027,1920,1080
img_006028,1920,1080
img_006029,1400,1050
img_006031,1400,1050
img_006032,1400,1050
img_006034,1400,1050
img_006035,1920,1080
img_006036,1360,765
img_006037,1360,765
img_006038,1360,765
img_006039,1400,1050
img_006040,1400,1050
img_006041,2000,1500
img_006042,2000,1500
img_006043,1400,1050
img_006044,1400,788
img_006045,1400,1050
img_006046,1400,788
img_006047,1400,1050
img_006048,1916,1078
img_006049,1400,1050
img_006050,1400,1050
img_006051,1920,1080
img_006052,1916,1078
img_006053,1916,1078
img_006054,1400,1050
img_006055,1400,1050
img_006056,1400,1050
img_006057,1400,1050
img_006061,1916,1078
img_006062,1400,1050
img_006064,1916,1078
img_006066,2000,1500
img_006068,960,540
img_006070,1400,788
img_006071,1400,1050
img_006072,1400,1050
img_006073,2000,1500
img_006074,1400,788
img_006075,1400,788
img_006076,960,540
img_006078,1400,788
img_006079,1400,788
img_006080,1360,765
img_006081,1400,1050
img_006082,1916,1078
img_006083,1400,788
img_006084,1400,788
img_006085,1920,1080
img_006087,1400,1050
img_006090,1400,788
img_006091,1400,1050
img_006093,1400,788
img_006094,1400,1050
img_006095,1400,1050
img_006096,1400,788
img_006097,1400,1050
img_006098,1400,1050
img_006099,1360,765
img_006100,1360,765
img_006101,1400,1050
img_006102,1400,1050
img_006103,1916,1078
img_006104,1400,788
img_006106,1400,1050
img_006107,1400,1050
img_006109,1400,1050
img_006110,1400,1050
img_006112,1400,1050
img_006113,2000,1500
img_006114,1400,1050
img_006115,1400,1050
img_006116,1400,788
img_006117,1920,1080
img_006118,1400,788
img_006119,1400,1050
img_006120,1360,765
img_006122,1400,788
img_006123,1400,788
img_006125,1400,1050
img_006126,1920,1080
img_006127,1400,788
img_006128,1400,788
img_006130,1920,1080
img_006131,2000,1500
img_006132,1400,788
img_006133,1400,1050
img_006134,1400,1050
img_006135,1400,1050
img_006136,1360,765
img_006141,1400,788
img_006143,1400,1050
img_006144,1400,1050
img_006145,2000,1500
img_006146,1400,1050
img_006147,1400,788
img_006148,1400,1050
img_006149,1400,1050
img_006151,1360,765
img_006152,2000,1500
img_006153,1400,1050
img_006154,1920,1080
img_006155,1400,1050
img_006157,1400,1050
img_006159,1400,1050
img_006160,1360,765
img_006161,1400,1050
img_006163,1400,788
img_006165,1400,1050
img_006166,1400,788
img_006168,1916,1078
img_006169,1400,788
img_006170,1400,788
img_006171,1360,765
img_006172,2000,1500
img_006174,1920,1080
img_006175,1400,788
img_006176,1400,1050
img_006179,2000,1500
img_006180,1400,1050
img_006181,1400,788
img_006182,1400,1050
img_006184,1398,1048
img_006185,2000,1500
img_006186,1400,1050
img_006187,1916,1078
img_006188,1916,1078
img_006189,1360,765
img_006191,1360,765
img_006193,1360,765
img_006194,1400,788
img_006195,1400,1050
img_006196,1920,1080
img_006197,1400,1050
img_006198,2000,1500
img_006199,2000,1500
img_006200,1400,1050
img_006201,1400,1050
img_006203,1916,1078
img_006205,1400,1050
img_006206,1360,765
img_006207,1400,788
img_006209,1400,1050
img_006210,1360,765
img_006211,1400,1050
img_006212,1400,1050
img_006213,1400,1050
img_006214,1360,765
img_006215,1916,1078
img_006216,1400,1050
img_006217,1360,765
img_006222,960,540
img_006223,1400,788
img_006224,1360,765
img_006225,1360,765
img_006226,1360,765
img_006228,1916,1078
img_006229,1360,765
img_006230,1920,1080
img_006231,1400,1050
img_006234,960,540
img_006235,1400,788
img_006236,1360,765
img_006237,1400,1050
img_006238,1400,1050
img_006240,1360,765
img_006243,1400,788
img_006244,1400,1050
img_006246,1400,1050
img_006247,1920,1080
img_006249,1400,1050
img_006251,1400,788
img_006252,1920,1080
img_006253,1400,788
img_006255,1400,1050
img_006257,1400,1050
img_006260,1360,765
img_006261,1400,1050
img_006262,1920,1080
img_006264,2000,1500
img_006265,2000,1500
img_006266,2000,1500
img_006267,1920,1080
img_006268,1400,1050
img_006269,2000,1500
img_006270,1400,788
img_006271,1400,1050
img_006272,1920,1080
img_006273,2000,1500
img_006274,2000,1500
img_006277,1400,788
img_006278,2000,1500
img_006279,1400,788
img_006280,1920,1080
img_006282,1400,788
img_006283,1400,788
img_006284,1400,788
img_006285,1400,788
img_006286,1400,1050
img_006289,1400,1050
img_006291,1400,788
img_006292,1400,1050
img_006294,1400,1050
img_006295,1400,1050
img_006296,2000,1500
img_006297,1400,788
img_006300,1360,765
img_006301,1916,1078
img_006302,960,540
img_006303,960,540
img_006305,1920,1080
img_006306,1400,788
img_006307,1400,788
img_006308,1916,1078
img_006309,1916,1078
img_006312,1360,765
img_006313,1400,1050
img_006314,1400,788
img_006315,1400,1050
img_006316,1400,1050
img_006317,1360,765
img_006318,1360,765
img_006319,1400,1050
img_006320,1400,1050
img_006322,1400,1050
img_006323,1400,788
img_006324,1400,1050
img_006325,1360,765
img_006326,1916,1078
img_006327,1400,1050
img_006329,1400,788
img_006330,2000,1500
img_006331,1400,1050
img_006332,2000,1500
img_006333,1400,788
img_006334,1400,1050
img_006335,1400,788
img_006337,1400,788
img_006338,1360,765
img_006339,1400,1050
img_006340,2000,1500
img_006341,1400,1050
img_006343,1360,765
img_006344,960,540
img_006345,1916,1078
img_006346,1400,1050
img_006347,1360,765
img_006348,1400,788
img_006352,1400,1050
img_006354,1400,1050
img_006356,1398,1048
img_006357,1916,1078
img_006358,1360,765
img_006359,1400,1050
img_006360,1360,765
img_006361,1400,788
img_006362,960,540
img_006363,1400,788
img_006364,2000,1500
img_006367,1400,1050
img_006368,1920,1080
img_006369,1400,1050
img_006370,1400,1050
img_006371,1400,1050
img_006373,1344,756
img_006374,1400,788
img_006375,1360,765
img_006376,1400,788
img_006377,2000,1500
img_006378,1920,1080
img_006379,1360,765
img_006380,1400,1050
img_006382,1400,788
img_006383,2000,1500
img_006384,2000,1500
img_006385,1360,765
img_006386,2000,1500
img_006387,2000,1500
img_006389,1360,765
img_006390,1916,1078
img_006392,1400,1050
img_006393,1920,1080
img_006394,1400,1050
img_006395,1916,1078
img_006396,1400,1050
img_006397,1360,765
img_006398,1400,788
img_006399,1400,788
img_006400,2000,1500
img_006401,1400,1050
img_006402,1400,1050
img_006403,1400,788
img_006404,1360,765
img_006405,2000,1500
img_006406,1400,1050
img_006407,1400,1050
img_006408,1400,1050
img_006409,1360,765
img_006410,1400,1050
img_006413,2000,1500
img_006414,1916,1078
img_006416,1400,788
img_006420,1360,765
img_006421,1400,1050
img_006422,1400,788
img_006423,1400,1050
img_006424,1400,788
img_006426,1400,788
img_006428,1400,788
img_006430,960,540
img_006431,2000,1500
img_006432,1916,1078
img_006433,1400,1050
img_006434,1400,788
img_006435,1400,788
img_006437,1400,788
img_006438,1400,1050
img_006441,1400,788
img_006442,1360,765
img_006443,1400,1050
img_006445,1400,1050
img_006447,1360,765
img_006448,1916,1078
img_006449,1400,788
img_006450,1360,765
img_006452,1400,1050
img_006453,1360,765
img_006454,1400,1050
img_006455,1400,1050
img_006457,1920,1080
img_006458,1400,1050
img_006460,1916,1078
img_006461,2000,1500
img_006463,1400,1050
img_006465,1400,1050
img_006466,1916,1078
img_006467,1400,1050
img_006469,1400,1050
img_006470,1916,1078
img_006471,2000,1500
img_006472,1400,1050
img_006473,1400,1050
img_006474,2000,1500
img_006475,1400,788
img_006477,1400,788
img_006478,1400,1050
img_006482,2000,1500
img_006483,1360,765
img_006484,2000,1500
img_006485,1400,1050
img_006486,960,540
img_006487,1400,1050
img_006489,1360,765
img_006490,1360,765
img_006491,1920,1080
img_006493,1400,1050
img_006494,1916,1078
img_006496,1400,788
img_006498,1400,1050
img_006500,1360,765
img_006501,1400,1050
img_006503,1400,788
img_006504,1400,788
img_006505,1916,1078
img_006507,1360,765
img_006509,1400,1050
img_006510,1400,1050
img_006511,960,540
img_006514,1920,1080
img_006515,1400,1050
img_006516,1400,1050
img_006517,1400,1050
img_006518,1920,1080
img_006519,1916,1078
img_006521,960,540
img_006522,1360,765
img_006523,1400,788
img_006524,1400,1050
img_006525,1400,788
img_006526,1400,788
img_006528,960,540
img_006530,2000,1500
img_006533,2000,1500
img_006534,1400,1050
img_006535,1916,1078
img_006537,1400,1050
img_006538,1400,788
img_006539,1400,1050
img_006540,1916,1078
img_006541,1400,788
img_006544,1920,1080
img_006546,1400,788
img_006547,1920,1080
img_006549,1400,788
img_006550,1400,1050
img_006553,2000,1500
img_006555,1920,1080
img_006556,2000,1500
img_006558,1360,765
img_006559,1400,1050
img_006560,960,540
img_006562,1920,1080
img_006563,1400,1050
img_006565,960,540
img_006566,1360,765
img_006567,1400,1050
img_006571,2000,1500
img_006572,960,540
img_006573,960,540
img_006574,1920,1080
img_006577,2000,1500
img_006578,1360,765
img_006580,1916,1078
img_006581,2000,1500
img_006582,1400,788
img_006583,1400,788
img_006584,1400,1050
img_006586,1400,788
img_006588,1360,765
img_006592,1400,1050
img_006593,1360,765
img_006594,1916,1078
img_006595,2000,1500
img_006596,960,540
img_006598,2000,1500
img_006599,2000,1500
img_006600,1400,1050
img_006601,1400,1050
img_006602,1400,1050
img_006603,1400,788
img_006604,480,360
img_006606,1916,1078
img_006607,1916,1078
img_006608,1400,1050
img_006609,1400,1050
img_006611,1400,1050
img_006612,1400,1050
img_006613,1400,1050
img_006614,1400,1050
img_006615,1400,1050
img_006616,1400,788
img_006617,1400,1050
img_006618,1400,788
img_006619,1400,1050
img_006620,1360,765
img_006621,1398,1048
img_006622,960,540
img_006623,2000,1500
img_006624,1360,765
img_006625,1400,1050
img_006626,1400,1050
img_006629,1360,765
img_006631,1400,788
img_006632,2000,1500
img_006633,1400,1050
img_006634,1400,1050
img_006635,1916,1078
img_006636,1400,788
img_006637,2000,1500
img_006638,1920,1080
img_006641,1400,788
img_006642,1400,1050
img_006643,2000,1500
img_006646,1400,1050
img_006649,1400,788
img_006651,1400,1050
img_006652,960,540
img_006653,1400,1050
img_006654,1400,1050
img_006655,1400,788
img_006656,1400,1050
img_006657,1400,788
img_006659,2000,1500
img_006660,2000,1500
img_006661,1400,1050
img_006662,1916,1078
img_006663,1400,1050
img_006664,960,540
img_006668,1400,788
img_006669,1360,765
img_006670,1916,1078
img_006671,1400,788
img_006675,2000,1500
img_006677,2000,1500
img_006678,1400,788
img_006679,2000,1500
img_006680,1400,1050
img_006683,2000,1500
img_006684,1400,1050
img_006685,1400,1050
img_006687,1916,1078
img_006688,1400,1050
img_006689,1400,1050
img_006690,1400,788
img_006691,1400,788
img_006692,1400,788
img_006694,1400,788
img_006695,1400,1050
img_006696,1916,1078
img_006697,1400,1050
img_006699,1400,788
img_006700,1400,1050
img_006701,2000,1500
img_006704,1400,788
img_006705,1400,1050
img_006706,2000,1500
img_006707,1400,788
img_006709,1360,765
img_006710,1400,1050
img_006712,1400,788
img_006713,1916,1078
img_006714,1400,788
img_006715,1400,788
img_006717,2000,1500
img_006718,1920,1080
img_006719,1360,765
img_006720,1360,765
img_006723,1400,1050
img_006724,1400,1050
img_006725,1400,1050
img_006726,1400,1050
img_006727,1400,1050
img_006728,1400,1050
img_006729,1400,1050
img_006732,1360,765
img_006733,1400,788
img_006735,2000,1500
img_006736,1360,765
img_006738,1400,1050
img_006739,1400,1050
img_006741,1400,1050
img_006742,1920,1080
img_006743,1400,1050
img_006744,1400,1050
img_006745,1920,1080
img_006746,1400,1050
img_006747,1400,1050
img_006748,1400,1050
img_006749,1920,1080
img_006751,2000,1500
img_006752,1400,1050
img_006754,960,540
img_006755,2000,1500
img_006756,1916,1078
img_006757,1400,788
img_006759,1400,788
img_006760,1916,1078
img_006761,1400,1050
img_006762,1916,1078
img_006763,1400,1050
img_006765,1400,788
img_006767,1400,788
img_006770,1920,1080
img_006772,1400,1050
img_006774,1400,1050
img_006775,1400,1050
img_006776,2000,1500
img_006777,1400,1050
img_006778,1400,1050
img_006780,960,540
img_006781,1400,1050
img_006782,1400,1050
img_006783,2000,1500
img_006784,1916,1078
img_006785,1400,788
img_006786,1400,1050
img_006787,1400,788
img_006791,1360,765
img_006793,1400,1050
img_006795,1400,788
img_006796,1400,788
img_006797,1920,1080
img_006798,1360,765
img_006800,1400,788
img_006801,1400,1050
img_006804,1400,1050
img_006806,1400,788
img_006807,1920,1080
img_006809,2000,1500
img_006812,1400,1050
img_006813,1400,788
img_006814,1400,788
img_006816,1400,788
img_006818,1400,1050
img_006819,1400,1050
img_006820,1360,765
img_006821,1400,788
img_006822,1400,1050
img_006823,1360,765
img_006824,2000,1500
img_006825,2000,1500
img_006826,1400,788
img_006827,1400,1050
img_006828,1400,1050
img_006829,1360,765
img_006830,1400,788
img_006832,1400,1050
img_006835,2000,1500
img_006838,1916,1078
img_006839,960,540
img_006840,1916,1078
img_006844,1400,1050
img_006845,1360,765
img_006846,1400,1050
img_006847,1400,1050
img_006848,1920,1080
img_006849,1400,1050
img_006850,1400,788
img_006851,1916,1078
img_006852,2000,1500
img_006854,1400,788
img_006855,1400,788
img_006857,1400,1050
img_006858,1400,1050
img_006860,1400,788
img_006862,1400,1050
img_006864,1400,1050
img_006865,1400,788
img_006866,1360,765
img_006868,1360,765
img_006869,2000,1500
img_006871,1400,788
img_006872,1916,1078
img_006873,1400,1050
img_006876,960,540
img_006877,1916,1078
img_006879,1360,765
img_006882,1400,788
img_006883,1360,765
img_006884,1400,1050
img_006885,1400,788
img_006886,1400,788
img_006887,1400,1050
img_006888,1400,1050
img_006889,1400,1050
img_006890,1360,765
img_006892,1400,1050
img_006893,1400,788
img_006897,1400,788
img_006898,960,540
img_006899,1400,788
img_006900,1400,1050
img_006904,1400,788
img_006905,1400,1050
img_006907,2000,1500
img_006908,960,540
img_006909,1400,788
img_006910,1400,1050
img_006912,1400,1050
img_006913,1916,1078
img_006914,1400,1050
img_006915,2000,1500
img_006917,1400,788
img_006918,1400,1050
img_006919,1360,765
img_006921,1360,765
img_006922,2000,1500
img_006924,1400,788
img_006925,1360,765
img_006926,2000,1500
img_006929,1400,1050
img_006931,1400,788
img_006933,1400,788
img_006934,1400,1050
img_006935,1400,1050
img_006936,1920,1080
img_006937,960,540
img_006938,2000,1500
img_006939,1400,788
img_006941,1400,1050
img_006943,1400,1050
img_006945,1360,765
img_006946,1400,788
img_006949,1916,1078
img_006950,1400,1050
img_006953,1400,1050
img_006954,1916,1078
img_006956,1400,788
img_006957,1400,788
img_006958,2000,1500
img_006959,2000,1500
img_006960,1920,1080
img_006961,2000,1500
img_006964,1400,1050
img_006965,1360,765
img_006966,1920,1080
img_006967,1400,788
img_006968,2000,1500
img_006969,2000,1500
img_006970,1400,1050
img_006971,1920,1080
img_006974,1360,765
img_006975,1920,1080
img_006976,1400,1050
img_006977,1360,765
img_006978,1400,1050
img_006979,1400,788
img_006981,1360,765
img_006982,1400,788
img_006984,1400,1050
img_006985,1400,1050
img_006986,1400,1050
img_006987,1916,1078
img_006988,1400,1050
img_006989,1400,1050
img_006990,1360,765
img_006991,1400,1050
img_006992,1916,1078
img_006993,1400,1050
img_006994,1400,788
img_006995,2000,1500
img_006996,960,540
img_006997,1916,1078
img_006998,1400,1050
img_006999,960,540
img_007000,960,540
img_007002,1400,1050
img_007003,960,540
img_007004,1400,1050
img_007005,2000,1500
img_007006,1400,788
img_007007,1400,788
img_007008,1400,1050
img_007010,1400,788
img_007011,2000,1500
img_007012,1360,765
img_007013,960,540
img_007015,1916,1078
img_007017,1400,788
img_007018,2000,1500
img_007019,1920,1080
img_007020,1400,1050
img_007021,960,540
img_007022,1400,1050
img_007024,1400,788
img_007025,1360,765
img_007026,1400,788
img_007027,2000,1500
img_007028,1400,1050
img_007031,2000,1500
img_007034,2000,1500
img_007035,1360,765
img_007036,1400,788
img_007038,1400,1050
img_007040,1400,1050
img_007041,1400,1050
img_007043,2000,1500
img_007044,1400,1050
img_007046,1400,788
img_007047,1360,765
img_007048,1400,1050
img_007049,1400,788
img_007050,1400,1050
img_007051,1400,1050
img_007052,1400,1050
img_007053,1400,1050
img_007054,1400,1050
img_007055,1400,788
img_007056,1400,788
img_007057,1400,1050
img_007058,1360,765
img_007059,1400,1050
img_007061,1400,788
img_007062,2000,1500
img_007063,1400,788
img_007064,1400,1050
img_007065,1400,1050
img_007066,1400,788
img_007067,1360,765
img_007068,1400,1050
img_007070,1360,765
img_007071,1400,788
img_007072,1400,1050
img_007073,1400,788
img_007074,1400,1050
img_007076,1400,788
img_007077,1916,1078
img_007080,2000,1500
img_007081,2000,1500
img_007082,2000,1500
img_007083,1400,1050
img_007084,1400,1050
img_007087,1400,788
img_007088,1400,788
img_007090,1916,1078
img_007091,1400,1050
img_007092,1400,1050
img_007093,1916,1078
img_007095,1400,1050
img_007096,1400,788
img_007097,1916,1078
img_007099,1916,1078
img_007100,1400,1050
img_007102,2000,1500
img_007103,1400,1050
img_007104,1400,788
img_007105,1400,1050
img_007107,1400,1050
img_007109,1400,1050
img_007110,1400,788
img_007111,1400,1050
img_007112,1400,1050
img_007113,2000,1500
img_007114,1400,1050
img_007115,1360,765
img_007116,1400,1050
img_007118,960,540
img_007119,2000,1500
img_007121,1400,1050
img_007122,1400,1050
img_007123,1360,765
img_007124,2000,1500
img_007125,1400,1050
img_007127,2000,1500
img_007128,1400,1050
img_007131,1400,1050
img_007132,1400,1050
img_007133,1360,765
img_007135,1360,765
img_007137,1400,788
img_007138,1360,765
img_007139,1400,1050
img_007140,1400,1050
img_007141,1916,1078
img_007142,1916,1078
img_007143,2000,1500
img_007144,1400,1050
img_007145,1920,1080
img_007146,1400,1050
img_007147,1400,1050
img_007148,1916,1078
img_007151,1360,765
img_007153,1400,788
img_007154,1400,788
img_007155,1400,1050
img_007156,1920,1080
img_007157,1400,1050
img_007158,1400,1050
img_007159,1920,1080
img_007160,1400,1050
img_007162,1400,1050
img_007163,1920,1080
img_007165,1360,765
img_007166,2000,1500
img_007167,1400,1050
img_007169,1400,1050
img_007172,1400,1050
img_007173,1400,1050
img_007174,1360,765
img_007175,1400,1050
img_007176,1400,788
img_007177,1360,765
img_007178,1360,765
img_007179,1916,1078
img_007180,1400,1050
img_007181,1400,788
img_007184,1400,1050
img_007187,1400,788
img_007190,1360,765
img_007192,1360,765
img_007195,1400,1050
img_007196,1360,765
img_007197,1400,1050
img_007199,2000,1500
img_007200,1920,1080
img_007201,1360,765
img_007202,960,540
img_007203,1400,788
img_007204,1400,788
img_007206,1400,788
img_007207,1360,765
img_007208,1400,1050
img_007209,1400,1050
img_007210,1400,1050
img_007211,1400,788
img_007214,1360,765
img_007215,1400,788
img_007216,1400,1050
img_007217,1360,765
img_007220,1916,1078
img_007221,1920,1080
img_007222,1400,788
img_007223,1916,1078
img_007224,1400,1050
img_007225,1400,1050
img_007228,1400,1050
img_007229,1400,788
img_007231,1400,1050
img_007232,1916,1078
img_007233,1400,1050
img_007234,1400,1050
img_007235,1360,765
img_007236,1920,1080
img_007239,2000,1500
img_007241,1400,788
img_007242,1400,788
img_007243,1400,1050
img_007244,1916,1078
img_007245,1400,1050
img_007250,1400,788
img_007251,1400,1050
img_007253,1400,788
img_007254,1360,765
img_007255,1400,1050
img_007256,1916,1078
img_007257,1400,788
img_007258,2000,1500
img_007259,1400,788
img_007262,1400,1050
img_007263,1400,1050
img_007265,1400,1050
img_007267,1400,788
img_007268,1400,1050
img_007271,1916,1078
img_007274,1400,1050
img_007275,1400,1050
img_007278,1400,788
img_007279,1916,1078
img_007280,1400,788
img_007281,1400,1050
img_007282,1400,1050
img_007284,960,540
img_007285,2000,1500
img_007287,1400,1050
img_007288,1920,1080
img_007289,1400,1050
img_007290,1400,1050
img_007291,1400,1050
img_007292,1400,788
img_007293,1400,1050
img_007294,1360,765
img_007295,1400,1050
img_007296,1400,1050
img_007297,1400,1050
img_007299,1916,1078
img_007300,1400,788
img_007301,1400,788
img_007303,1400,1050
img_007304,2000,1500
img_007305,1920,1080
img_007306,1400,788
img_007307,1400,1050
img_007308,1916,1078
img_007310,1400,1050
img_007312,1400,788
img_007314,1400,1050
img_007315,1400,788
img_007316,1916,1078
img_007317,1916,1078
img_007318,1400,788
img_007319,1916,1078
img_007321,1400,1050
img_007322,1400,788
img_007323,1916,1078
img_007324,1400,1050
img_007325,1400,788
img_007326,1400,1050
img_007327,1360,765
img_007329,1400,1050
img_007330,1360,765
img_007332,1916,1078
img_007333,1400,788
img_007334,1400,1050
img_007335,1400,1050
img_007337,1400,1050
img_007338,1400,788
img_007339,2000,1500
img_007341,1400,788
img_007342,2000,1500
img_007343,1400,1050
img_007344,1400,1050
img_007345,1920,1080
img_007346,1916,1078
img_007347,1400,1050
img_007348,1360,765
img_007351,1400,788
img_007353,1400,788
img_007354,1400,1050
img_007355,1400,788
img_007356,1400,1050
img_007357,2000,1500
img_007358,1400,1050
img_007359,1400,1050
img_007360,1400,788
img_007362,2000,1500
img_007364,2000,1500
img_007365,1400,1050
img_007366,1400,1050
img_007367,1400,788
img_007371,1400,1050
img_007372,1400,788
img_007374,1400,1050
img_007375,1360,765
img_007376,1360,765
img_007377,1400,1050
img_007378,1400,1050
img_007380,1400,1050
img_007381,1400,1050
img_007382,1400,788
img_007383,1360,765
img_007384,1400,788
img_007385,1400,1050
img_007386,1400,1050
img_007387,960,540
img_007388,1400,1050
img_007389,1400,788
img_007390,1360,765
img_007391,1400,788
img_007393,1400,1050
img_007395,1360,765
img_007396,1920,1080
img_007397,1360,765
img_007398,1400,788
img_007399,1400,1050
img_007400,1400,1050
img_007402,960,540
img_007403,2000,1500
img_007404,1400,1050
img_007405,1400,1050
img_007406,1400,1050
img_007407,1920,1080
img_007409,1400,1050
img_007411,1916,1078
img_007412,2000,1500
img_007414,1920,1080
img_007415,1360,765
img_007416,1916,1078
img_007417,2000,1500
img_007418,1400,788
img_007419,1916,1078
img_007420,1916,1078
img_007421,1400,1050
img_007422,1400,1050
img_007423,1400,1050
img_007424,1400,1050
img_007425,1400,788
img_007426,1400,1050
img_007428,1400,788
img_007429,1360,765
img_007431,1400,1050
img_007432,1400,1050
img_007433,1920,1080
img_007434,1400,1050
img_007435,1400,1050
img_007436,2000,1500
img_007438,1400,788
img_007440,1400,788
img_007441,1916,1078
img_007442,1400,1050
img_007443,1400,788
img_007445,1400,1050
img_007446,2000,1500
img_007447,1360,765
img_007450,1360,765
img_007451,1360,765
img_007452,1360,765
img_007453,1916,1078
img_007454,1400,1050
img_007456,1400,788
img_007458,1400,1050
img_007459,1360,765
img_007460,1400,1050
img_007462,1400,1050
img_007465,1400,1050
img_007466,2000,1500
img_007467,1400,1050
img_007469,1916,1078
img_007470,1360,765
img_007471,2000,1500
img_007472,2000,1500
img_007473,960,540
img_007474,1400,788
img_007475,960,540
img_007476,1360,765
img_007477,1400,1050
img_007480,1400,1050
img_007481,1400,1050
img_007482,1400,788
img_007483,1400,788
img_007484,2000,1500
img_007485,1400,1050
img_007488,1916,1078
img_007489,1400,1050
img_007490,1916,1078
img_007491,1916,1078
img_007492,1400,1050
img_007493,1400,1050
img_007494,1400,1050
img_007495,1360,765
img_007496,1916,1078
img_007497,1400,788
img_007498,1400,788
img_007499,1360,765
img_007500,1920,1080
img_007501,1400,1050
img_007502,1360,765
img_007503,1400,1050
img_007504,1400,788
img_007505,1916,1078
img_007506,1400,1050
img_007507,1400,788
img_007508,1916,1078
img_007509,1920,1080
img_007511,1400,1050
img_007512,1400,1050
img_007513,1916,1078
img_007514,1400,1050
img_007516,1400,1050
img_007517,1916,1078
img_007518,1916,1078
img_007519,1916,1078
img_007520,2000,1500
img_007521,2000,1500
img_007523,1920,1080
img_007524,1400,1050
img_007525,1400,1050
img_007526,960,540
img_007527,1400,1050
img_007528,1400,1050
img_007529,1400,788
img_007530,1360,765
img_007531,1400,1050
img_007532,1400,1050
img_007533,1920,1080
img_007534,1400,1050
img_007536,1360,765
img_007537,1400,788
img_007538,1920,1080
img_007539,1400,788
img_007540,1400,1050
img_007541,1400,1050
img_007542,1916,1078
img_007545,1920,1080
img_007546,1400,1050
img_007547,1400,1050
img_007549,1400,1050
img_007550,1400,1050
img_007552,1400,788
img_007553,1920,1080
img_007554,1400,1050
img_007556,1400,1050
img_007558,1360,765
img_007559,1916,1078
img_007562,1400,1050
img_007564,2000,1500
img_007566,960,540
img_007568,1916,1078
img_007570,1360,765
img_007571,1400,788
img_007574,1916,1078
img_007575,1916,1078
img_007577,2000,1500
img_007578,1400,1050
img_007579,1920,1080
img_007580,1400,788
img_007581,1400,1050
img_007582,960,540
img_007583,1400,788
img_007584,1400,788
img_007586,1360,765
img_007588,1360,765
img_007590,1400,788
img_007592,1916,1078
img_007593,1916,1078
img_007595,1400,1050
img_007596,1400,1050
img_007598,1400,788
img_007600,1360,765
img_007602,1916,1078
img_007603,1398,1048
img_007605,1400,1050
img_007606,1400,788
img_007607,1920,1080
img_007608,1400,1050
img_007609,2000,1500
img_007611,1400,1050
img_007612,2000,1500
img_007613,1400,1050
img_007614,1400,788
img_007615,1398,1048
img_007617,1400,1050
img_007618,1400,788
img_007619,1360,765
img_007620,2000,1500
img_007621,1400,1050
img_007622,1916,1078
img_007623,1920,1080
img_007624,2000,1500
img_007625,1400,788
img_007626,1400,1050
img_007627,1400,1050
img_007628,960,540
img_007629,1916,1078
img_007630,1400,788
img_007632,1400,1050
img_007633,1400,788
img_007634,1400,1050
img_007635,1360,765
img_007636,2000,1500
img_007637,1916,1078
img_007638,1400,1050
img_007639,1916,1078
img_007640,1400,1050
img_007641,1400,1050
img_007642,1400,1050
img_007643,960,540
img_007644,1400,788
img_007645,1400,788
img_007649,1400,1050
img_007650,1400,788
img_007651,1400,1050
img_007652,1400,1050
img_007653,1400,1050
img_007655,2000,1500
img_007656,1400,788
img_007657,1400,1050
img_007659,1400,788
img_007660,1360,765
img_007661,2000,1500
img_007662,1400,788
img_007665,2000,1500
img_007666,1360,765
img_007667,1398,1048
img_007668,1400,1050
img_007669,2000,1500
img_007670,1920,1080
img_007671,2000,1500
img_007672,1920,1080
img_007673,960,540
img_007674,1400,1050
img_007676,1916,1078
img_007677,1916,1078
img_007678,1360,765
img_007679,1400,788
img_007680,1360,765
img_007681,1920,1080
img_007682,1360,765
img_007683,1400,788
img_007686,1920,1080
img_007687,1916,1078
img_007689,1400,1050
img_007690,1400,1050
img_007691,1400,1050
img_007695,1400,788
img_007696,1360,765
img_007697,1916,1078
img_007698,1400,1050
img_007701,1920,1080
img_007702,960,540
img_007703,1400,1050
img_007704,960,540
img_007705,1920,1080
img_007706,1400,788
img_007707,1400,1050
img_007709,1360,765
img_007710,1916,1078
img_007712,1916,1078
img_007716,1400,788
img_007717,1400,1050
img_007718,1400,1050
img_007721,1400,1050
img_007723,1400,788
img_007724,1916,1078
img_007725,1400,1050
img_007726,2000,1500
img_007728,960,540
img_007729,1400,1050
img_007731,1400,1050
img_007733,1400,1050
img_007734,1400,788
img_007735,1400,1050
img_007736,1916,1078
img_007739,1360,765
img_007740,1360,765
img_007741,1400,1050
img_007742,1400,788
img_007744,1400,1050
img_007746,1400,1050
img_007747,1398,1048
img_007748,1400,788
img_007749,1360,765
img_007750,1400,788
img_007751,1400,788
img_007753,1400,788
img_007754,1400,1050
img_007756,1400,1050
img_007759,1400,1050
img_007760,1360,765
img_007761,1916,1078
img_007762,1920,1080
img_007763,1400,1050
img_007765,1916,1078
img_007766,1400,1050
img_007767,1400,1050
img_007768,1400,1050
img_007769,1916,1078
img_007770,1360,765
img_007771,1360,765
img_007772,1400,1050
img_007773,1400,1050
img_007774,1400,1050
img_007777,960,540
img_007778,2000,1500
img_007779,1360,765
img_007780,1400,788
img_007781,2000,1500
img_007782,1400,1050
img_007785,1360,765
img_007786,1400,788
img_007788,1916,1078
img_007791,1400,1050
img_007792,2000,1500
img_007794,1400,788
img_007796,2000,1500
img_007797,1400,788
img_007799,1400,1050
img_007800,1400,1050
img_007801,2000,1500
img_007802,1400,1050
img_007804,1916,1078
img_007805,960,540
img_007806,1400,788
img_007807,1400,1050
img_007808,1400,1050
img_007809,1400,1050
img_007810,1400,1050
img_007811,1400,1050
img_007812,1916,1078
img_007815,1400,788
img_007816,1400,1050
img_007818,1400,1050
img_007819,1360,765
img_007822,1400,788
img_007823,1400,1050
img_007824,1916,1078
img_007825,1920,1080
img_007826,2000,1500
img_007827,1400,788
img_007828,1400,1050
img_007831,2000,1500
img_007832,2000,1500
img_007834,1400,1050
img_007835,1400,788
img_007836,1360,765
img_007837,960,540
img_007838,1360,765
img_007839,1400,1050
img_007840,1920,1080
img_007841,1400,1050
img_007842,2000,1500
img_007843,1360,765
img_007844,1400,788
img_007846,1360,765
img_007847,1400,788
img_007848,2000,1500
img_007849,1400,1050
img_007850,1400,1050
img_007851,1360,765
img_007852,1916,1078
img_007854,1400,788
img_007855,1400,1050
img_007856,1400,1050
img_007857,1400,788
img_007858,1920,1080
img_007860,1916,1078
img_007862,1400,1050
img_007863,1400,1050
img_007864,1400,1050
img_007865,1400,788
img_007866,1360,765
img_007867,1400,1050
img_007868,1916,1078
img_007869,2000,1500
img_007870,960,540
img_007872,1916,1078
img_007873,1916,1078
img_007874,1400,1050
img_007875,1360,765
img_007876,1400,788
img_007877,1400,1050
img_007878,1916,1078
img_007879,1400,1050
img_007880,1360,765
img_007881,1916,1078
img_007884,1400,788
img_007885,2000,1500
img_007886,1400,1050
img_007887,1920,1080
img_007889,1400,1050
img_007891,1920,1080
img_007892,1400,1050
img_007893,1400,1050
img_007897,1360,765
img_007898,1360,765
img_007899,2000,1500
img_007900,1360,765
img_007901,2000,1500
img_007902,1400,1050
img_007903,1400,1050
img_007904,1360,765
img_007905,1916,1078
img_007906,1916,1078
img_007907,2000,1500
img_007909,1916,1078
img_007910,1400,788
img_007911,1400,1050
img_007912,1400,788
img_007913,1400,788
img_007916,1400,1050
img_007918,1360,765
img_007919,1400,1050
img_007920,2000,1500
img_007922,2000,1500
img_007926,1400,1050
img_007927,1400,1050
img_007928,1360,765
img_007929,1916,1078
img_007931,1400,1050
img_007932,1400,1050
img_007933,1400,1050
img_007934,1400,1050
img_007935,1400,1050
img_007936,1920,1080
img_007938,1400,1050
img_007940,1360,765
img_007941,1400,1050
img_007942,1400,788
img_007944,1398,1048
img_007945,1916,1078
img_007950,1400,1050
img_007951,2000,1500
img_007952,1916,1078
img_007955,1916,1078
img_007956,960,540
img_007957,1916,1078
img_007958,1400,788
img_007959,1400,788
img_007960,1400,1050
img_007961,1400,788
img_007962,1400,1050
img_007963,1400,788
img_007964,1400,1050
img_007965,1398,1048
img_007966,1400,1050
img_007968,1360,765
img_007969,1400,1050
img_007970,1400,788
img_007971,1400,788
img_007973,2000,1500
img_007974,1916,1078
img_007975,1400,1050
img_007976,1400,1050
img_007977,1400,1050
img_007979,2000,1500
img_007980,2000,1500
img_007981,1920,1080
img_007983,1400,788
img_007985,960,540
img_007986,1400,1050
img_007987,1400,1050
img_007988,1400,788
img_007989,1400,788
img_007990,2000,1500
img_007993,1400,1050
img_007994,1400,788
img_007995,1400,788
img_007996,1400,1050
img_007997,2000,1500
img_007999,1400,1050
img_008002,1400,788
img_008003,1920,1080
img_008005,1400,1050
img_008006,1400,1050
img_008008,1400,1050
img_008010,1400,788
img_008012,1400,1050
img_008013,1400,1050
img_008014,1400,788
img_008015,1400,1050
img_008016,1400,788
img_008017,1400,788
img_008018,1400,788
img_008019,1400,788
img_008020,1400,1050
img_008021,1400,1050
img_008022,1400,1050
img_008025,1400,1050
img_008026,1400,1050
img_008027,2000,1500
img_008028,1916,1078
img_008029,1916,1078
img_008030,960,540
img_008031,1400,788
img_008033,1400,1050
img_008035,1360,765
img_008036,1360,765
img_008037,1916,1078
img_008038,1400,1050
img_008039,1400,1050
img_008040,1398,1048
img_008041,2000,1500
img_008042,1400,788
img_008043,1400,1050
img_008044,1360,765
img_008045,1400,788
img_008046,2000,1500
img_008047,1916,1078
img_008048,1400,1050
img_008049,1400,1050
img_008050,1400,1050
img_008051,1400,1050
img_008055,1400,788
img_008056,1360,765
img_008057,1360,765
img_008059,1360,765
img_008060,2000,1500
img_008061,1916,1078
img_008063,1400,1050
img_008064,1916,1078
img_008065,960,540
img_008066,1400,788
img_008067,1400,1050
img_008068,1400,1050
img_008069,1400,1050
img_008070,1400,1050
img_008071,1400,1050
img_008073,1400,1050
img_008074,2000,1500
img_008075,960,540
img_008076,1400,788
img_008077,1400,1050
img_008080,1400,1050
img_008081,1360,765
img_008082,1400,1050
img_008083,1400,1050
img_008084,2000,1500
img_008085,1920,1080
img_008086,1360,765
img_008087,1400,788
img_008088,1400,788
img_008091,1400,788
img_008093,2000,1500
img_008095,1400,788
img_008096,1400,1050
img_008097,1400,1050
img_008098,1400,1050
img_008099,1400,788
img_008100,1360,765
img_008101,1400,1050
img_008102,2000,1500
img_008103,1916,1078
img_008104,1400,1050
img_008105,1360,765
img_008106,1916,1078
img_008107,2000,1500
img_008110,1360,765
img_008111,1400,788
img_008112,1400,1050
img_008113,1400,788
img_008114,1400,1050
img_008116,1400,1050
img_008117,1916,1078
img_008118,2000,1500
img_008119,1400,1050
img_008122,1400,1050
img_008124,1400,1050
img_008126,1400,1050
img_008128,2000,1500
img_008129,1400,1050
img_008130,1360,765
img_008131,1400,788
img_008132,1400,788
img_008133,1400,1050
img_008134,1400,788
img_008135,2000,1500
img_008136,1916,1078
img_008137,1920,1080
img_008138,1400,788
img_008139,1400,788
img_008140,1400,1050
img_008141,1400,1050
img_008142,1400,1050
img_008143,1400,788
img_008144,1400,1050
img_008145,1360,765
img_008146,2000,1500
img_008147,1916,1078
img_008148,1360,765
img_008150,1400,788
img_008151,1400,1050
img_008152,1400,1050
img_008154,1916,1078
img_008155,1360,765
img_008156,1400,1050
img_008157,1400,1050
img_008160,1400,1050
img_008161,1400,788
img_008162,1360,765
img_008164,1400,788
img_008165,1400,1050
img_008166,1400,1050
img_008167,1360,765
img_008168,2000,1500
img_008169,1400,1050
img_008170,1916,1078
img_008171,2000,1500
img_008172,1400,1050
img_008173,1360,765
img_008174,1400,1050
img_008175,1400,788
img_008176,1400,1050
img_008179,1400,788
img_008180,1400,788
img_008181,2000,1500
img_008182,2000,1500
img_008183,1400,788
img_008185,1400,1050
img_008187,1400,1050
img_008188,1400,1050
img_008190,1400,788
img_008191,1400,1050
img_008192,1400,1050
img_008195,1400,1050
img_008196,1400,1050
img_008198,1400,1050
img_008199,1400,788
img_008200,1400,1050
img_008201,1916,1078
img_008202,1400,1050
img_008204,1916,1078
img_008205,1360,765
img_008206,1400,1050
img_008207,1400,1050
img_008209,2000,1500
img_008210,1400,1050
img_008211,1400,1050
img_008214,2000,1500
img_008215,1400,1050
img_008216,1400,1050
img_008217,1916,1078
img_008218,2000,1500
img_008219,1360,765
img_008220,1400,1050
img_008222,1400,1050
img_008224,1400,1050
img_008225,1400,1050
img_008226,1400,788
img_008227,1400,1050
img_008228,1400,1050
img_008229,2000,1500
img_008230,1360,765
img_008231,2000,1500
img_008232,960,540
img_008233,1400,1050
img_008235,1400,788
img_008236,1400,788
img_008237,1400,1050
img_008238,1400,788
img_008239,1920,1080
img_008240,1400,788
img_008241,2000,1500
img_008244,960,540
img_008245,1400,788
img_008246,2000,1500
img_008247,1400,1050
img_008248,2000,1500
img_008249,1400,1050
img_008250,1400,1050
img_008251,1400,1050
img_008252,1400,788
img_008253,1400,788
img_008254,1360,765
img_008255,1400,1050
img_008256,1398,1048
img_008257,1400,1050
img_008258,2000,1500
img_008259,1400,1050
img_008260,1916,1078
img_008261,1400,1050
img_008262,1400,788
img_008263,2000,1500
img_008264,2000,1500
img_008266,1400,1050
img_008267,1400,1050
img_008268,1920,1080
img_008269,1400,788
img_008270,1400,1050
img_008271,1916,1078
img_008272,2000,1500
img_008273,1400,1050
img_008274,1916,1078
img_008275,1400,788
img_008276,960,540
img_008278,2000,1500
img_008279,1360,765
img_008281,1400,788
img_008283,1400,788
img_008284,1400,788
img_008285,1400,1050
img_008289,2000,1500
img_008290,2000,1500
img_008291,1400,788
img_008292,1400,1050
img_008293,1400,1050
img_008294,1400,1050
img_008297,1400,788
img_008298,1400,1050
img_008299,1360,765
img_008301,1400,1050
img_008302,1920,1080
img_008303,1360,765
img_008304,1400,1050
img_008305,1400,1050
img_008306,1916,1078
img_008308,1400,788
img_008309,1916,1078
img_008310,1400,1050
img_008311,1400,1050
img_008312,1916,1078
img_008315,1400,1050
img_008316,1920,1080
img_008317,1920,1080
img_008318,1400,1050
img_008319,1400,788
img_008320,1400,1050
img_008322,960,540
img_008323,1400,788
img_008324,1400,1050
img_008325,1400,1050
img_008327,1400,788
img_008328,2000,1500
img_008329,2000,1500
img_008331,2000,1500
img_008332,1400,1050
img_008334,960,540
img_008335,1400,1050
img_008336,2000,1500
img_008337,1400,1050
img_008338,960,540
img_008339,1400,1050
img_008340,1400,1050
img_008341,1400,788
img_008342,1400,1050
img_008343,1360,765
img_008344,1400,788
img_008345,1400,1050
img_008346,1920,1080
img_008347,1400,1050
img_008349,1400,1050
img_008350,1400,1050
img_008351,1400,1050
img_008352,1400,1050
img_008353,1916,1078
img_008354,1920,1080
img_008356,1360,765
img_008357,2000,1500
img_008358,1400,1050
img_008359,2000,1500
img_008360,1400,1050
img_008362,2000,1500
img_008363,1400,1050
img_008366,1400,1050
img_008367,1400,1050
img_008369,960,540
img_008371,1400,1050
img_008372,2000,1500
img_008373,1916,1078
img_008374,1400,1050
img_008375,1400,1050
img_008376,1920,1080
img_008377,1400,1050
img_008378,1400,788
img_008379,1360,765
img_008380,1920,1080
img_008382,1400,1050
img_008384,1920,1080
img_008385,1360,765
img_008386,1400,1050
img_008387,1398,1048
img_008388,1400,788
img_008389,1400,1050
img_008390,1400,1050
img_008391,1360,765
img_008392,1400,1050
img_008393,1400,1050
img_008395,1400,1050
img_008396,1400,788
img_008397,2000,1500
img_008398,1360,765
img_008399,1400,1050
img_008400,1400,788
img_008402,1400,788
img_008403,1916,1078
img_008404,1400,1050
img_008405,1400,1050
img_008406,1916,1078
img_008407,1400,1050
img_008408,1400,1050
img_008409,1916,1078
img_008410,1400,1050
img_008411,1400,1050
img_008412,2000,1500
img_008413,1400,788
img_008414,2000,1500
img_008415,960,540
img_008416,1400,788
img_008418,1400,1050
img_008420,1916,1078
img_008421,1360,765
img_008422,1400,1050
img_008423,1400,1050
img_008424,1916,1078
img_008425,1916,1078
img_008426,1400,1050
img_008429,1400,1050
img_008430,1400,788
img_008432,1400,1050
img_008436,1916,1078
img_008437,1400,788
img_008438,1400,1050
img_008439,1400,788
img_008440,1400,1050
img_008441,2000,1500
img_008442,1360,765
img_008445,1916,1078
img_008446,2000,1500
img_008447,1400,788
img_008448,1400,788
img_008449,1400,1050
img_008450,1400,1050
img_008451,1400,1050
img_008452,1920,1080
img_008454,1400,788
img_008456,1360,765
img_008457,1360,765
img_008458,1400,788
img_008459,1400,788
img_008460,1920,1080
img_008462,1360,765
img_008463,1400,1050
img_008465,1400,1050
img_008467,1400,788
img_008468,1400,788
img_008469,1400,788
img_008472,1400,1050
img_008473,1400,1050
img_008475,1400,1050
img_008476,1400,1050
img_008479,1920,1080
img_008480,1920,1080
img_008481,2000,1500
img_008482,1400,1050
img_008483,1360,765
img_008484,1360,765
img_008485,2000,1500
img_008486,1400,1050
img_008487,1920,1080
img_008488,2000,1500
img_008489,1400,788
img_008490,1400,788
img_008491,2000,1500
img_008494,1400,1050
img_008495,1400,1050
img_008496,1400,788
img_008498,1916,1078
img_008499,1400,1050
img_008501,1400,1050
img_008503,1400,1050
img_008504,1400,1050
img_008506,1400,1050
img_008507,1360,765
img_008508,1400,788
img_008509,2000,1500
img_008510,1916,1078
img_008511,1360,765
img_008512,1400,1050
img_008513,1400,1050
img_008514,1400,788
img_008515,1916,1078
img_008517,1360,765
img_008518,1916,1078
img_008519,1920,1080
img_008521,1400,788
img_008523,1400,788
img_008524,1400,788
img_008525,2000,1500
img_008527,1916,1078
img_008528,1360,765
img_008531,1400,788
img_008533,1400,1050
img_008536,1400,788
img_008538,1400,1050
img_008539,1400,1050
img_008540,1920,1080
img_008546,1398,1048
img_008547,1400,788
img_008548,2000,1500
img_008551,1400,788
img_008552,1920,1080
img_008553,960,540
img_008554,1916,1078
img_008555,1400,1050
img_008556,1400,788
img_008561,1400,1050
img_008563,1400,1050
img_008566,1400,1050
img_008567,1400,1050
img_008569,1400,788
img_008572,1400,1050
img_008574,1360,765
img_008575,1400,1050
img_008576,1400,1050
img_008577,1920,1080
img_008582,1400,1050
img_008587,1400,1050
img_008590,1916,1078
img_008593,2000,1500
img_008594,2000,1500
img_008595,960,540
img_008596,1400,1050
img_008597,1400,1050
img_008599,1400,1050
img_008600,1400,1050
img_008601,1916,1078
img_008602,1400,1050
img_008603,1360,765
img_008605,2000,1500
img_008606,2000,1500
img_008607,1400,1050
img_008608,1400,1050
img_008610,1400,788
img_008611,1400,1050
img_008613,1920,1080
img_008615,1400,788
img_008616,1400,1050
img_008617,1400,1050
img_008618,1360,765
img_008619,960,540
img_008620,1400,788
img_008624,1400,1050
img_008625,1400,1050
img_008628,1400,1050
img_008629,1400,1050
