track_id,time,lat,lon
T0001,10:15,39.988691,32.88075
T0001,10:20,39.978233,32.885015
T0001,10:25,39.978232,32.884969
T0001,10:30,39.978288,32.885002
T0001,10:35,39.978298,32.884976
T0001,10:40,39.978264,32.88494
T0001,10:45,39.978217,32.884977
T0001,10:50,39.966473,32.88411
T0001,10:55,39.96646,32.884086
T0001,11:00,39.96644,32.884035
T0001,11:05,39.96642,32.884114
T0001,11:10,39.966435,32.884154
T0001,11:15,39.966476,32.884201
T0001,11:20,39.966434,32.884221
T0001,11:25,39.974554,32.89447
T0001,11:30,39.974594,32.894443
T0001,11:35,39.974573,32.894404
T0001,11:40,39.974612,32.894388
T0001,11:45,39.974588,32.894446
T0001,11:50,39.974616,32.894438
T0001,11:55,39.974595,32.894427
T0001,12:00,39.972839,32.878606
T0001,12:05,39.969618,32.862378
T0001,12:10,39.955523,32.859629
T0001,12:15,39.945283,32.857632
T0002,12:15,39.885514,32.846873
T0002,12:20,39.885529,32.846901
T0002,12:25,39.885556,32.84692
T0002,12:30,39.863367,32.847952
T0002,12:35,39.8634,32.84797
T0002,12:40,39.863405,32.847965
T0002,12:45,39.863389,32.847931
T0002,12:50,39.863359,32.847878
T0002,12:55,39.863353,32.847856
T0002,13:00,39.863388,32.847913
T0002,13:05,39.86342,32.847958
T0002,13:10,39.8634,32.847999
T0002,13:15,39.884358,32.854992
T0002,13:20,39.884344,32.854998
T0002,13:25,39.884328,32.855089
T0002,13:30,39.884372,32.855043
T0002,13:35,39.884353,32.855018
T0002,13:40,39.901837,32.85627
T0002,13:45,39.881081,32.855135
T0002,13:50,39.861379,32.852908
T0002,13:55,39.861367,32.8529
T0002,14:00,39.861395,32.852859
T0002,14:05,39.861415,32.852809
T0002,14:10,39.871833,32.867079
T0002,14:15,39.887656,32.881245
T0003,09:15,39.909256,32.934152
T0003,09:20,39.90932,32.934113
T0003,09:25,39.909287,32.934145
T0003,09:30,39.909251,32.934153
T0003,09:35,39.909268,32.934144
T0003,09:40,39.919876,32.916114
T0003,09:45,39.919887,32.916127
T0003,09:50,39.91986,32.916118
T0003,09:55,39.919889,32.916083
T0003,10:00,39.919878,32.916076
T0003,10:05,39.927533,32.900042
T0003,10:10,39.927516,32.900003
T0003,10:15,39.927503,32.899964
T0003,10:20,39.92746,32.899911
T0003,10:25,39.927414,32.899922
T0003,10:30,39.927394,32.899882
T0003,10:35,39.927439,32.899903
T0003,10:40,39.927437,32.899929
T0003,10:45,39.920186,32.877719
T0003,10:50,39.920186,32.877765
T0003,10:55,39.920216,32.877779
T0003,11:00,39.920172,32.877828
T0003,11:05,39.922091,32.858755
T0003,11:10,39.923711,32.841699
T0003,11:15,39.924828,32.822744
T0004,13:25,39.919506,32.846096
T0004,13:30,39.919543,32.84608
T0004,13:35,39.919536,32.846022
T0004,13:40,39.919576,32.846094
T0004,13:45,39.919562,32.846096
T0004,13:50,39.919604,32.846109
T0004,13:55,39.919656,32.846146
T0004,14:00,39.919663,32.846134
T0004,14:05,39.919683,32.846142
T0004,14:10,39.919657,32.846156
T0004,14:15,39.919621,32.846197
T0004,14:20,39.919667,32.84615
T0004,14:25,39.919683,32.84613
T0004,14:30,39.91967,32.846105
T0004,14:35,39.919671,32.846127
T0004,14:40,39.919655,32.846113
T0004,14:45,39.916365,32.835655
T0004,14:50,39.909256,32.813058
T0004,14:55,39.903031,32.793268
T0004,15:00,39.895391,32.768983
T0004,15:05,39.895416,32.769041
T0004,15:10,39.895416,32.76906
T0004,15:15,39.891026,32.793408
T0004,15:20,39.885852,32.821298
T0004,15:25,39.881602,32.845452
T0005,13:10,39.970165,32.855882
T0005,13:15,39.970156,32.855883
T0005,13:20,39.970208,32.855873
T0005,13:25,39.9702,32.855902
T0005,13:30,39.970191,32.855865
T0005,13:35,39.970164,32.855855
T0005,13:40,39.970167,32.855819
T0005,13:45,39.970137,32.855874
T0005,13:50,39.970163,32.855887
T0005,13:55,39.970149,32.855874
T0005,14:00,39.970211,32.855814
T0005,14:05,39.970217,32.855826
T0005,14:10,39.970254,32.855833
T0005,14:15,39.970239,32.85584
T0005,14:20,39.970192,32.855842
T0005,14:25,39.970147,32.855888
T0005,14:30,39.970143,32.855907
T0005,14:35,39.970155,32.855861
T0005,14:40,39.970125,32.855841
T0005,14:45,39.97013,32.85587
T0005,14:50,39.970102,32.855869
T0005,14:55,39.970133,32.855843
T0005,15:00,39.970163,32.855803
T0005,15:05,39.970171,32.855781
T0005,15:10,39.970178,32.8558
T0006,08:45,39.884125,32.884545
T0006,08:50,39.88982,32.863602
T0006,08:55,39.889835,32.863521
T0006,09:00,39.88981,32.863571
T0006,09:05,39.889784,32.863593
T0006,09:10,39.889792,32.863634
T0006,09:15,39.889772,32.863599
T0006,09:20,39.889789,32.86353
T0006,09:25,39.909174,32.857634
T0006,09:30,39.909187,32.857653
T0006,09:35,39.909165,32.857703
T0006,09:40,39.909189,32.857698
T0006,09:45,39.909196,32.857702
T0006,09:50,39.909217,32.857748
T0006,09:55,39.909265,32.857791
T0006,10:00,39.894946,32.846755
T0006,10:05,39.87741,32.831619
T0006,10:10,39.859964,32.819762
T0006,10:15,39.859971,32.819785
T0006,10:20,39.859983,32.819832
T0006,10:25,39.859999,32.819831
T0006,10:30,39.859978,32.819871
T0006,10:35,39.876114,32.828632
T0006,10:40,39.892193,32.83932
T0006,10:45,39.906979,32.848932
T0007,11:20,39.963934,32.786053
T0007,11:25,39.96395,32.786031
T0007,11:30,39.963897,32.786091
T0007,11:35,39.960283,32.795956
T0007,11:40,39.960316,32.795959
T0007,11:45,39.96034,32.795937
T0007,11:50,39.960305,32.795938
T0007,11:55,39.960286,32.795973
T0007,12:00,39.960268,32.79599
T0007,12:05,39.965526,32.787439
T0007,12:10,39.965556,32.78741
T0007,12:15,39.965609,32.787377
T0007,12:20,39.9656,32.787357
T0007,12:25,39.965583,32.787319
T0007,12:30,39.965552,32.787405
T0007,12:35,39.965577,32.787361
T0007,12:40,39.964616,32.79674
T0007,12:45,39.964634,32.796765
T0007,12:50,39.964616,32.796753
T0007,12:55,39.964623,32.796794
T0007,13:00,39.969492,32.807529
T0007,13:05,39.965302,32.811532
T0007,13:10,39.959275,32.817291
T0007,13:15,39.953354,32.822948
T0007,13:20,39.946915,32.829101
T0008,08:10,39.875624,32.838524
T0008,08:15,39.875658,32.838586
T0008,08:20,39.875667,32.838567
T0008,08:25,39.87572,32.838572
T0008,08:30,39.85542,32.849268
T0008,08:35,39.85542,32.849315
T0008,08:40,39.855453,32.849318
T0008,08:45,39.855454,32.849326
T0008,08:50,39.85545,32.849324
T0008,08:55,39.855397,32.84925
T0008,09:00,39.876728,32.856228
T0008,09:05,39.876736,32.856242
T0008,09:10,39.876737,32.856162
T0008,09:15,39.876743,32.856181
T0008,09:20,39.859347,32.861826
T0008,09:25,39.859367,32.861839
T0008,09:30,39.859359,32.861867
T0008,09:35,39.859409,32.861856
T0008,09:40,39.880485,32.860576
T0008,09:45,39.904697,32.858752
T0008,09:50,39.904717,32.858746
T0008,09:55,39.904729,32.858743
T0008,10:00,39.904746,32.858758
T0008,10:05,39.923776,32.868031
T0008,10:10,39.940486,32.874696
T0009,12:05,39.927843,32.847738
T0009,12:10,39.92787,32.847692
T0009,12:15,39.927892,32.847683
T0009,12:20,39.927889,32.847739
T0009,12:25,39.92786,32.847726
T0009,12:30,39.927845,32.847646
T0009,12:35,39.927872,32.847632
T0009,12:40,39.927866,32.847614
T0009,12:45,39.927885,32.847697
T0009,12:50,39.927876,32.847679
T0009,12:55,39.927892,32.847656
T0009,13:00,39.92795,32.84762
T0009,13:05,39.927985,32.847585
T0009,13:10,39.927941,32.847617
T0009,13:15,39.92794,32.847617
T0009,13:20,39.92798,32.847603
T0009,13:25,39.928053,32.847561
T0009,13:30,39.928092,32.847535
T0009,13:35,39.928075,32.847548
T0009,13:40,39.928077,32.847586
T0009,13:45,39.930902,32.845106
T0009,13:50,39.942503,32.834924
T0009,13:55,39.954445,32.824442
T0009,14:00,39.954417,32.824405
T0009,14:05,39.944771,32.80968
T0010,12:00,39.979622,32.855981
T0010,12:05,39.979648,32.855938
T0010,12:10,39.979676,32.855971
T0010,12:15,39.979649,32.855977
T0010,12:20,39.97966,32.855986
T0010,12:25,39.979684,32.855981
T0010,12:30,39.987915,32.861601
T0010,12:35,39.987929,32.861594
T0010,12:40,39.98795,32.861511
T0010,12:45,39.987981,32.861555
T0010,12:50,39.980201,32.849716
T0010,12:55,39.980173,32.849764
T0010,13:00,39.980198,32.849761
T0010,13:05,39.980215,32.849735
T0010,13:10,39.980178,32.849679
T0010,13:15,39.980202,32.849715
T0010,13:20,39.980192,32.849727
T0010,13:25,39.988725,32.847514
T0010,13:30,39.988715,32.84751
T0010,13:35,39.988713,32.847474
T0010,13:40,39.988687,32.847475
T0010,13:45,39.988739,32.847442
T0010,13:50,39.98009,32.847459
T0010,13:55,39.969834,32.84787
T0010,14:00,39.961214,32.847781
T0011,13:35,39.883081,32.817313
T0011,13:40,39.883106,32.817334
T0011,13:45,39.883109,32.817352
T0011,13:50,39.888352,32.809256
T0011,13:55,39.896163,32.801055
T0011,14:00,39.904145,32.795674
T0011,14:05,39.904161,32.795708
T0011,14:10,39.904131,32.795721
T0011,14:15,39.904089,32.79575
T0011,14:20,39.895365,32.801791
T0011,14:25,39.889901,32.807389
T0011,14:30,39.88462,32.814786
T0011,14:35,39.884589,32.814824
T0011,14:40,39.88457,32.814794
T0011,14:45,39.884587,32.814763
T0011,14:50,39.884563,32.814747
T0011,14:55,39.891559,32.805401
T0011,15:00,39.899837,32.798221
T0011,15:05,39.908497,32.793666
T0011,15:10,39.908517,32.793618
T0011,15:15,39.908585,32.793635
T0011,15:20,39.908535,32.793602
T0011,15:25,39.899197,32.798613
T0011,15:30,39.893045,32.8038
T0011,15:35,39.885613,32.812999
T0012,08:20,39.91498,32.850248
T0012,08:25,39.914951,32.850146
T0012,08:30,39.914937,32.850132
T0012,08:35,39.914891,32.850106
T0012,08:40,39.914839,32.850064
T0012,08:45,39.914859,32.850056
T0012,08:50,39.914853,32.850056
T0012,08:55,39.914865,32.850042
T0012,09:00,39.91481,32.850028
T0012,09:05,39.914783,32.850009
T0012,09:10,39.914733,32.84996
T0012,09:15,39.914755,32.84991
T0012,09:20,39.914745,32.849959
T0012,09:25,39.914764,32.849944
T0012,09:30,39.914758,32.849976
T0012,09:35,39.914813,32.849981
T0012,09:40,39.914842,32.849953
T0012,09:45,39.914843,32.849895
T0012,09:50,39.914845,32.849905
T0012,09:55,39.914014,32.849531
T0012,10:00,39.898361,32.842472
T0012,10:05,39.898365,32.842463
T0012,10:10,39.898381,32.842514
T0012,10:15,39.898372,32.842501
T0012,10:20,39.909338,32.828154
T0013,12:15,39.887763,32.881201
T0013,12:20,39.887739,32.881208
T0013,12:25,39.887701,32.881163
T0013,12:30,39.887687,32.881192
T0013,12:35,39.887706,32.881203
T0013,12:40,39.887689,32.881155
T0013,12:45,39.887724,32.881188
T0013,12:50,39.887699,32.881193
T0013,12:55,39.887695,32.881271
T0013,13:00,39.88766,32.881264
T0013,13:05,39.887672,32.881277
T0013,13:10,39.887655,32.881234
T0013,13:15,39.887643,32.881236
T0013,13:20,39.88766,32.881228
T0013,13:25,39.887653,32.881162
T0013,13:30,39.887664,32.881154
T0013,13:35,39.887648,32.881159
T0013,13:40,39.887606,32.881196
T0013,13:45,39.887616,32.881216
T0013,13:50,39.887643,32.881271
T0013,13:55,39.887647,32.881206
T0013,14:00,39.887662,32.881211
T0013,14:05,39.887635,32.881268
T0013,14:10,39.887626,32.881261
T0013,14:15,39.887581,32.881275
T0014,11:05,39.947682,32.928666
T0014,11:10,39.957266,32.925932
T0014,11:15,39.957256,32.925918
T0014,11:20,39.957262,32.925901
T0014,11:25,39.957254,32.925888
T0014,11:30,39.957275,32.925907
T0014,11:35,39.957292,32.925895
T0014,11:40,39.957263,32.925893
T0014,11:45,39.964062,32.921855
T0014,11:50,39.971206,32.917452
T0014,11:55,39.968857,32.914388
T0014,12:00,39.963021,32.906775
T0014,12:05,39.957253,32.899251
T0014,12:10,39.950395,32.890306
T0014,12:15,39.950412,32.890287
T0014,12:20,39.950401,32.890298
T0014,12:25,39.950384,32.890276
T0014,12:30,39.95038,32.890157
T0014,12:35,39.950379,32.890114
T0014,12:40,39.950359,32.890164
T0014,12:45,39.950348,32.890156
T0014,12:50,39.950355,32.890179
T0014,12:55,39.95042,32.890205
T0014,13:00,39.950392,32.890204
T0014,13:05,39.950393,32.890171
T0015,09:15,39.904231,32.832956
T0015,09:20,39.913058,32.824771
T0015,09:25,39.913078,32.824777
T0015,09:30,39.913032,32.824778
T0015,09:35,39.904375,32.832734
T0015,09:40,39.898783,32.847773
T0015,09:45,39.899951,32.863885
T0015,09:50,39.899901,32.863901
T0015,09:55,39.899895,32.863918
T0015,10:00,39.898503,32.849782
T0015,10:05,39.902525,32.835671
T0015,10:10,39.913893,32.824262
T0015,10:15,39.913903,32.824254
T0015,10:20,39.913909,32.824333
T0015,10:25,39.913863,32.824275
T0015,10:30,39.91384,32.824304
T0015,10:35,39.90261,32.835539
T0015,10:40,39.898474,32.850339
T0015,10:45,39.898501,32.850286
T0015,10:50,39.898513,32.850321
T0015,10:55,39.898525,32.850324
T0015,11:00,39.898503,32.850355
T0015,11:05,39.902905,32.835069
T0015,11:10,39.914247,32.82416
T0015,11:15,39.92512,32.822812
T0016,08:45,39.90652,32.849715
T0016,08:50,39.906576,32.849668
T0016,08:55,39.906589,32.849633
T0016,09:00,39.906649,32.849651
T0016,09:05,39.906664,32.849608
T0016,09:10,39.906669,32.849629
T0016,09:15,39.906683,32.849678
T0016,09:20,39.906641,32.849697
T0016,09:25,39.906605,32.849625
T0016,09:30,39.90656,32.849608
T0016,09:35,39.906589,32.849576
T0016,09:40,39.906611,32.849539
T0016,09:45,39.906611,32.849549
T0016,09:50,39.906678,32.849611
T0016,09:55,39.906657,32.849619
T0016,10:00,39.906609,32.849587
T0016,10:05,39.906608,32.849609
T0016,10:10,39.906564,32.849645
T0016,10:15,39.906546,32.849659
T0016,10:20,39.906522,32.84968
T0016,10:25,39.906522,32.849695
T0016,10:30,39.906512,32.849684
T0016,10:35,39.906524,32.849684
T0016,10:40,39.906546,32.849679
T0016,10:45,39.906533,32.849722
T0017,08:40,39.927975,32.934284
T0017,08:45,39.927984,32.934265
T0017,08:50,39.928022,32.934283
T0017,08:55,39.92796,32.934272
T0017,09:00,39.927974,32.934359
T0017,09:05,39.927995,32.934389
T0017,09:10,39.9233,32.921106
T0017,09:15,39.923282,32.921086
T0017,09:20,39.923263,32.921073
T0017,09:25,39.923279,32.921036
T0017,09:30,39.923241,32.921039
T0017,09:35,39.923212,32.921056
T0017,09:40,39.917988,32.910251
T0017,09:45,39.918028,32.910265
T0017,09:50,39.918029,32.910311
T0017,09:55,39.918026,32.910338
T0017,10:00,39.918021,32.910301
T0017,10:05,39.918056,32.910378
T0017,10:10,39.922555,32.922133
T0017,10:15,39.926978,32.935127
T0017,10:20,39.926996,32.935108
T0017,10:25,39.926987,32.935121
T0017,10:30,39.927034,32.935087
T0017,10:35,39.930424,32.925006
T0017,10:40,39.933085,32.914638
T0018,12:25,39.977839,32.890258
T0018,12:30,39.977846,32.890305
T0018,12:35,39.977803,32.890325
T0018,12:40,39.977828,32.89031
T0018,12:45,39.977792,32.890344
T0018,12:50,39.977768,32.890366
T0018,12:55,39.977762,32.890302
T0018,13:00,39.977763,32.890316
T0018,13:05,39.960793,32.890077
T0018,13:10,39.960764,32.890129
T0018,13:15,39.960788,32.890116
T0018,13:20,39.960767,32.890106
T0018,13:25,39.960777,32.890093
T0018,13:30,39.960765,32.890029
T0018,13:35,39.941332,32.900066
T0018,13:40,39.941328,32.900077
T0018,13:45,39.941365,32.900096
T0018,13:50,39.941337,32.900124
T0018,13:55,39.941322,32.900175
T0018,14:00,39.941396,32.900132
T0018,14:05,39.941446,32.900163
T0018,14:10,39.947831,32.927348
T0018,14:15,39.927292,32.93156
T0018,14:20,39.926784,32.924243
T0018,14:25,39.925359,32.903725
T0019,08:25,39.925144,32.884375
T0019,08:30,39.925162,32.884398
T0019,08:35,39.925137,32.88434
T0019,08:40,39.925139,32.884246
T0019,08:45,39.925136,32.884232
T0019,08:50,39.925158,32.884213
T0019,08:55,39.92515,32.884176
T0019,09:00,39.925133,32.884163
T0019,09:05,39.925124,32.884154
T0019,09:10,39.925103,32.884145
T0019,09:15,39.925113,32.884182
T0019,09:20,39.925109,32.884169
T0019,09:25,39.925112,32.884141
T0019,09:30,39.925091,32.884118
T0019,09:35,39.925017,32.884104
T0019,09:40,39.925054,32.884124
T0019,09:45,39.92502,32.884096
T0019,09:50,39.92504,32.884088
T0019,09:55,39.925082,32.88411
T0019,10:00,39.925092,32.884083
T0019,10:05,39.925115,32.8841
T0019,10:10,39.925113,32.884058
T0019,10:15,39.925141,32.884029
T0019,10:20,39.925118,32.884056
T0019,10:25,39.925096,32.884068
T0020,12:10,39.895192,32.938022
T0020,12:15,39.895228,32.938037
T0020,12:20,39.895221,32.93806
T0020,12:25,39.895263,32.938134
T0020,12:30,39.895272,32.938122
T0020,12:35,39.908812,32.937892
T0020,12:40,39.908785,32.937884
T0020,12:45,39.908826,32.937847
T0020,12:50,39.908845,32.937841
T0020,12:55,39.923373,32.932058
T0020,13:00,39.935236,32.925645
T0020,13:05,39.934663,32.922539
T0020,13:10,39.932079,32.90854
T0020,13:15,39.928955,32.891614
T0020,13:20,39.925211,32.871328
T0020,13:25,39.925165,32.871269
T0020,13:30,39.925231,32.871238
T0020,13:35,39.925237,32.871223
T0020,13:40,39.92522,32.871205
T0020,13:45,39.925238,32.87123
T0020,13:50,39.925284,32.871278
T0020,13:55,39.92528,32.871275
T0020,14:00,39.925249,32.871336
T0020,14:05,39.925265,32.871306
T0020,14:10,39.925283,32.871309
T0021,12:35,39.951852,32.904209
T0021,12:40,39.951903,32.904143
T0021,12:45,39.951896,32.904107
T0021,12:50,39.951891,32.904083
T0021,12:55,39.951851,32.904123
T0021,13:00,39.95189,32.904152
T0021,13:05,39.951919,32.904231
T0021,13:10,39.951886,32.904271
T0021,13:15,39.951935,32.904277
T0021,13:20,39.951889,32.904219
T0021,13:25,39.95195,32.904234
T0021,13:30,39.951946,32.904208
T0021,13:35,39.951946,32.904217
T0021,13:40,39.951991,32.904158
T0021,13:45,39.952041,32.904178
T0021,13:50,39.952026,32.904135
T0021,13:55,39.952071,32.904151
T0021,14:00,39.952137,32.904147
T0021,14:05,39.952177,32.90416
T0021,14:10,39.952174,32.904182
T0021,14:15,39.952189,32.904173
T0021,14:20,39.952184,32.904141
T0021,14:25,39.952243,32.90413
T0021,14:30,39.952247,32.904062
T0021,14:35,39.952235,32.904005
T0022,13:45,39.873162,32.788366
T0022,13:50,39.873176,32.788343
T0022,13:55,39.873149,32.78835
T0022,14:00,39.873162,32.788335
T0022,14:05,39.88206,32.785059
T0022,14:10,39.882111,32.785027
T0022,14:15,39.882083,32.784988
T0022,14:20,39.88207,32.784969
T0022,14:25,39.882046,32.784981
T0022,14:30,39.882051,32.784981
T0022,14:35,39.882071,32.784952
T0022,14:40,39.89075,32.785306
T0022,14:45,39.890821,32.785306
T0022,14:50,39.890848,32.78535
T0022,14:55,39.890834,32.785354
T0022,15:00,39.890844,32.785305
T0022,15:05,39.890841,32.785242
T0022,15:10,39.89082,32.785242
T0022,15:15,39.890821,32.785222
T0022,15:20,39.890867,32.785234
T0022,15:25,39.898769,32.781306
T0022,15:30,39.909808,32.775899
T0022,15:35,39.918432,32.77178
T0022,15:40,39.918827,32.781212
T0022,15:45,39.91928,32.792006
T0023,13:15,39.93462,32.924142
T0023,13:20,39.943482,32.91569
T0023,13:25,39.94345,32.915729
T0023,13:30,39.943401,32.915708
T0023,13:35,39.943383,32.915682
T0023,13:40,39.949942,32.930671
T0023,13:45,39.949959,32.930659
T0023,13:50,39.949963,32.930624
T0023,13:55,39.949956,32.930591
T0023,14:00,39.946957,32.917073
T0023,14:05,39.946876,32.917109
T0023,14:10,39.94687,32.91709
T0023,14:15,39.946885,32.917074
T0023,14:20,39.946835,32.917035
T0023,14:25,39.946875,32.917076
T0023,14:30,39.946886,32.917027
T0023,14:35,39.956736,32.92306
T0023,14:40,39.947775,32.907303
T0023,14:45,39.939427,32.890922
T0023,14:50,39.939404,32.890868
T0023,14:55,39.939405,32.890906
T0023,15:00,39.939448,32.890865
T0023,15:05,39.925427,32.882666
T0023,15:10,39.91245,32.877315
T0023,15:15,39.901338,32.871388
T0024,13:25,39.881437,32.845776
T0024,13:30,39.881368,32.845837
T0024,13:35,39.881373,32.845787
T0024,13:40,39.881316,32.8458
T0024,13:45,39.88128,32.845845
T0024,13:50,39.8813,32.845859
T0024,13:55,39.881363,32.845833
T0024,14:00,39.881315,32.845814
T0024,14:05,39.881298,32.845853
T0024,14:10,39.881353,32.845853
T0024,14:15,39.881379,32.845857
T0024,14:20,39.881375,32.845826
T0024,14:25,39.881368,32.8458
T0024,14:30,39.881369,32.845818
T0024,14:35,39.881347,32.845827
T0024,14:40,39.881342,32.845877
T0024,14:45,39.881376,32.845886
T0024,14:50,39.881381,32.845902
T0024,14:55,39.881358,32.845913
T0024,15:00,39.881352,32.84591
T0024,15:05,39.881344,32.845856
T0024,15:10,39.881361,32.8459
T0024,15:15,39.881373,32.845895
T0024,15:20,39.881375,32.845904
T0024,15:25,39.881379,32.8459
T0025,10:10,39.938623,32.891799
T0025,10:15,39.938644,32.891835
T0025,10:20,39.938618,32.891828
T0025,10:25,39.938603,32.891806
T0025,10:30,39.938615,32.89181
T0025,10:35,39.938627,32.891782
T0025,10:40,39.938626,32.891745
T0025,10:45,39.929427,32.883459
T0025,10:50,39.929431,32.88348
T0025,10:55,39.929414,32.883538
T0025,11:00,39.929412,32.883464
T0025,11:05,39.929376,32.883487
T0025,11:10,39.921248,32.880869
T0025,11:15,39.92124,32.880915
T0025,11:20,39.921239,32.880921
T0025,11:25,39.92121,32.880934
T0025,11:30,39.921234,32.880962
T0025,11:35,39.921223,32.88099
T0025,11:40,39.921199,32.881008
T0025,11:45,39.921202,32.881002
T0025,11:50,39.915723,32.871055
T0025,11:55,39.915742,32.871061
T0025,12:00,39.915794,32.871074
T0025,12:05,39.906068,32.865354
T0025,12:10,39.897856,32.859096
T0026,08:35,39.930632,32.838476
T0026,08:40,39.930624,32.838444
T0026,08:45,39.930629,32.838455
T0026,08:50,39.930633,32.838486
T0026,08:55,39.930632,32.838413
T0026,09:00,39.930671,32.838435
T0026,09:05,39.930689,32.838432
T0026,09:10,39.93069,32.838453
T0026,09:15,39.930681,32.838392
T0026,09:20,39.930624,32.838426
T0026,09:25,39.93066,32.838423
T0026,09:30,39.93064,32.838409
T0026,09:35,39.930629,32.838389
T0026,09:40,39.930638,32.838383
T0026,09:45,39.93067,32.838377
T0026,09:50,39.930686,32.83839
T0026,09:55,39.930664,32.838354
T0026,10:00,39.930664,32.838317
T0026,10:05,39.930656,32.838299
T0026,10:10,39.930674,32.838306
T0026,10:15,39.930668,32.838297
T0026,10:20,39.930672,32.838323
T0026,10:25,39.930677,32.838246
T0026,10:30,39.930684,32.838219
T0026,10:35,39.930687,32.838228
T0027,11:50,39.872739,32.822446
T0027,11:55,39.872732,32.822426
T0027,12:00,39.872697,32.822436
T0027,12:05,39.872686,32.822473
T0027,12:10,39.872677,32.822473
T0027,12:15,39.883126,32.804834
T0027,12:20,39.883146,32.804829
T0027,12:25,39.883153,32.804811
T0027,12:30,39.88314,32.804798
T0027,12:35,39.883081,32.804763
T0027,12:40,39.88307,32.804725
T0027,12:45,39.883066,32.804718
T0027,12:50,39.883068,32.804692
T0027,12:55,39.883106,32.804726
T0027,13:00,39.894428,32.801988
T0027,13:05,39.894414,32.80198
T0027,13:10,39.894435,32.801924
T0027,13:15,39.894452,32.801982
T0027,13:20,39.894463,32.801931
T0027,13:25,39.894485,32.801949
T0027,13:30,39.893429,32.782653
T0027,13:35,39.907755,32.792312
T0027,13:40,39.918721,32.798596
T0027,13:45,39.919846,32.818232
T0027,13:50,39.92076,32.8342
T0028,10:15,39.975569,32.887966
T0028,10:20,39.975621,32.887955
T0028,10:25,39.975624,32.887906
T0028,10:30,39.98636,32.890128
T0028,10:35,39.986339,32.890183
T0028,10:40,39.986317,32.890163
T0028,10:45,39.98632,32.890175
T0028,10:50,39.986279,32.890225
T0028,10:55,39.986265,32.890179
T0028,11:00,39.978139,32.883485
T0028,11:05,39.978162,32.883482
T0028,11:10,39.9782,32.883483
T0028,11:15,39.978204,32.883493
T0028,11:20,39.978213,32.883478
T0028,11:25,39.9782,32.883486
T0028,11:30,39.978245,32.883494
T0028,11:35,39.97823,32.88355
T0028,11:40,39.978266,32.883523
T0028,11:45,39.987233,32.879687
T0028,11:50,39.984327,32.865877
T0028,11:55,39.983073,32.86562
T0028,12:00,39.973661,32.86369
T0028,12:05,39.964794,32.861871
T0028,12:10,39.954972,32.859856
T0028,12:15,39.945041,32.857819
T0029,13:20,39.870515,32.826488
T0029,13:25,39.870512,32.826499
T0029,13:30,39.862743,32.817878
T0029,13:35,39.862742,32.817881
T0029,13:40,39.862732,32.817843
T0029,13:45,39.862708,32.817842
T0029,13:50,39.86667,32.800694
T0029,13:55,39.867386,32.801375
T0029,14:00,39.875942,32.809495
T0029,14:05,39.886183,32.819216
T0029,14:10,39.896164,32.82869
T0029,14:15,39.896152,32.828659
T0029,14:20,39.896123,32.828683
T0029,14:25,39.896125,32.828652
T0029,14:30,39.896106,32.828636
T0029,14:35,39.896117,32.828619
T0029,14:40,39.896094,32.828693
T0029,14:45,39.896066,32.8287
T0029,14:50,39.896018,32.828768
T0029,14:55,39.895937,32.828822
T0029,15:00,39.895936,32.828787
T0029,15:05,39.895907,32.828751
T0029,15:10,39.895856,32.828759
T0029,15:15,39.895795,32.828797
T0029,15:20,39.895795,32.828792
T0030,13:45,39.937355,32.77024
T0030,13:50,39.937371,32.77029
T0030,13:55,39.937345,32.770256
T0030,14:00,39.937362,32.770271
T0030,14:05,39.937339,32.770331
T0030,14:10,39.937406,32.770403
T0030,14:15,39.937417,32.770421
T0030,14:20,39.943356,32.795588
T0030,14:25,39.943346,32.795626
T0030,14:30,39.943305,32.795565
T0030,14:35,39.943293,32.795599
T0030,14:40,39.943257,32.795564
T0030,14:45,39.93727,32.813083
T0030,14:50,39.937286,32.813043
T0030,14:55,39.937267,32.813061
T0030,15:00,39.937238,32.813071
T0030,15:05,39.937265,32.813097
T0030,15:10,39.930526,32.790668
T0030,15:15,39.923435,32.767882
T0030,15:20,39.912025,32.786663
T0030,15:25,39.912015,32.786693
T0030,15:30,39.912022,32.786771
T0030,15:35,39.912004,32.786741
T0030,15:40,39.918007,32.770227
T0030,15:45,39.919363,32.792148
T0031,13:15,39.855654,32.847352
T0031,13:20,39.855644,32.847326
T0031,13:25,39.855629,32.847374
T0031,13:30,39.855652,32.847362
T0031,13:35,39.855672,32.84742
T0031,13:40,39.868718,32.855517
T0031,13:45,39.868754,32.855484
T0031,13:50,39.86878,32.855454
T0031,13:55,39.868805,32.855467
T0031,14:00,39.868783,32.855489
T0031,14:05,39.86885,32.855517
T0031,14:10,39.868837,32.855503
T0031,14:15,39.868834,32.855526
T0031,14:20,39.868839,32.855486
T0031,14:25,39.883062,32.86254
T0031,14:30,39.883079,32.862528
T0031,14:35,39.883064,32.862509
T0031,14:40,39.88307,32.862478
T0031,14:45,39.869749,32.859668
T0031,14:50,39.855665,32.856182
T0031,14:55,39.873914,32.853167
T0031,15:00,39.873952,32.853218
T0031,15:05,39.87394,32.853212
T0031,15:10,39.889896,32.864263
T0031,15:15,39.901622,32.870261
T0032,12:10,39.943691,32.937683
T0032,12:15,39.943687,32.937726
T0032,12:20,39.943748,32.937805
T0032,12:25,39.943769,32.937837
T0032,12:30,39.943799,32.937869
T0032,12:35,39.943773,32.937857
T0032,12:40,39.94375,32.937818
T0032,12:45,39.942661,32.923145
T0032,12:50,39.942644,32.923144
T0032,12:55,39.942644,32.92317
T0032,13:00,39.94267,32.923199
T0032,13:05,39.942642,32.923202
T0032,13:10,39.942633,32.923226
T0032,13:15,39.945137,32.9375
T0032,13:20,39.945146,32.937494
T0032,13:25,39.945098,32.937445
T0032,13:30,39.945131,32.93743
T0032,13:35,39.945151,32.937389
T0032,13:40,39.945001,32.919864
T0032,13:45,39.944999,32.919852
T0032,13:50,39.944989,32.919813
T0032,13:55,39.945009,32.919839
T0032,14:00,39.94044,32.90589
T0032,14:05,39.933476,32.888329
T0032,14:10,39.925364,32.871362
T0033,11:20,39.928113,32.856234
T0033,11:25,39.92811,32.85622
T0033,11:30,39.928091,32.856268
T0033,11:35,39.928119,32.856258
T0033,11:40,39.928139,32.856262
T0033,11:45,39.9282,32.856268
T0033,11:50,39.928206,32.856301
T0033,11:55,39.928219,32.856291
T0033,12:00,39.928219,32.856337
T0033,12:05,39.928242,32.856332
T0033,12:10,39.928277,32.856315
T0033,12:15,39.928303,32.856294
T0033,12:20,39.928308,32.856305
T0033,12:25,39.928259,32.856305
T0033,12:30,39.928236,32.856302
T0033,12:35,39.928276,32.856329
T0033,12:40,39.92831,32.856309
T0033,12:45,39.92837,32.856361
T0033,12:50,39.933958,32.859186
T0033,12:55,39.943076,32.863796
T0033,13:00,39.94308,32.863761
T0033,13:05,39.943086,32.863762
T0033,13:10,39.944898,32.853243
T0033,13:15,39.94612,32.839631
T0033,13:20,39.946917,32.828826
T0034,13:25,39.962704,32.85762
T0034,13:30,39.962694,32.857633
T0034,13:35,39.962695,32.85767
T0034,13:40,39.962671,32.857645
T0034,13:45,39.962671,32.857574
T0034,13:50,39.970838,32.865546
T0034,13:55,39.97087,32.865536
T0034,14:00,39.97088,32.865503
T0034,14:05,39.970833,32.86546
T0034,14:10,39.970819,32.865475
T0034,14:15,39.970783,32.865446
T0034,14:20,39.970838,32.865456
T0034,14:25,39.969714,32.865172
T0034,14:30,39.959975,32.862708
T0034,14:35,39.94914,32.859967
T0034,14:40,39.937925,32.857129
T0034,14:45,39.926496,32.854238
T0034,14:50,39.917539,32.855666
T0034,14:55,39.924337,32.847802
T0034,15:00,39.922841,32.859105
T0034,15:05,39.91715,32.852139
T0034,15:10,39.914878,32.851693
T0034,15:15,39.903102,32.84938
T0034,15:20,39.892252,32.847249
T0034,15:25,39.881816,32.8452
T0035,08:35,39.90761,32.846965
T0035,08:40,39.91054,32.865879
T0035,08:45,39.923977,32.872391
T0035,08:50,39.923999,32.872356
T0035,08:55,39.923999,32.872391
T0035,09:00,39.923968,32.872417
T0035,09:05,39.92398,32.872376
T0035,09:10,39.910754,32.866173
T0035,09:15,39.908322,32.844681
T0035,09:20,39.908309,32.84466
T0035,09:25,39.908316,32.844654
T0035,09:30,39.908323,32.844594
T0035,09:35,39.912307,32.868153
T0035,09:40,39.930258,32.869241
T0035,09:45,39.936481,32.848835
T0035,09:50,39.936508,32.848816
T0035,09:55,39.936557,32.848815
T0035,10:00,39.936609,32.848811
T0035,10:05,39.930329,32.869381
T0035,10:10,39.911818,32.867829
T0035,10:15,39.911829,32.867799
T0035,10:20,39.911836,32.867815
T0035,10:25,39.928491,32.870743
T0035,10:30,39.936878,32.854897
T0035,10:35,39.930712,32.837121
T0036,08:20,39.926051,32.848713
T0036,08:25,39.926082,32.848698
T0036,08:30,39.926143,32.848703
T0036,08:35,39.92614,32.848704
T0036,08:40,39.926133,32.848633
T0036,08:45,39.926122,32.848647
T0036,08:50,39.926132,32.848665
T0036,08:55,39.926158,32.848682
T0036,09:00,39.926184,32.848691
T0036,09:05,39.926186,32.848673
T0036,09:10,39.926193,32.848736
T0036,09:15,39.926203,32.848718
T0036,09:20,39.926183,32.848645
T0036,09:25,39.926164,32.848628
T0036,09:30,39.926176,32.848619
T0036,09:35,39.926165,32.848676
T0036,09:40,39.926151,32.848606
T0036,09:45,39.926108,32.848665
T0036,09:50,39.926132,32.848665
T0036,09:55,39.93575,32.838817
T0036,10:00,39.948936,32.825317
T0036,10:05,39.9489,32.825268
T0036,10:10,39.948908,32.82533
T0036,10:15,39.929744,32.824405
T0036,10:20,39.909434,32.828152
T0037,10:05,39.913713,32.85039
T0037,10:10,39.913706,32.85038
T0037,10:15,39.913728,32.850315
T0037,10:20,39.91373,32.85031
T0037,10:25,39.913752,32.850307
T0037,10:30,39.91373,32.850275
T0037,10:35,39.913729,32.850255
T0037,10:40,39.913706,32.85021
T0037,10:45,39.91366,32.850177
T0037,10:50,39.913687,32.850104
T0037,10:55,39.913696,32.850136
T0037,11:00,39.913759,32.850191
T0037,11:05,39.91375,32.850214
T0037,11:10,39.913765,32.850182
T0037,11:15,39.913739,32.850244
T0037,11:20,39.913771,32.850273
T0037,11:25,39.907483,32.848101
T0037,11:30,39.899999,32.845516
T0037,11:35,39.892808,32.843033
T0037,11:40,39.88413,32.840036
T0037,11:45,39.884155,32.840052
T0037,11:50,39.884167,32.840054
T0037,11:55,39.884138,32.840084
T0037,12:00,39.888228,32.828391
T0037,12:05,39.891762,32.817865
T0038,11:45,39.878777,32.870428
T0038,11:50,39.878796,32.870401
T0038,11:55,39.878811,32.870359
T0038,12:00,39.878897,32.870387
T0038,12:05,39.878888,32.870388
T0038,12:10,39.878872,32.870395
T0038,12:15,39.878941,32.870349
T0038,12:20,39.878914,32.870328
T0038,12:25,39.861621,32.878773
T0038,12:30,39.861623,32.87872
T0038,12:35,39.861661,32.878701
T0038,12:40,39.86165,32.878665
T0038,12:45,39.87432,32.860977
T0038,12:50,39.874333,32.86099
T0038,12:55,39.874367,32.860983
T0038,13:00,39.874346,32.861
T0038,13:05,39.874344,32.860954
T0038,13:10,39.874371,32.860974
T0038,13:15,39.85299,32.866481
T0038,13:20,39.870437,32.855766
T0038,13:25,39.888815,32.846135
T0038,13:30,39.888801,32.846116
T0038,13:35,39.888763,32.846094
T0038,13:40,39.899429,32.827443
T0038,13:45,39.913527,32.803878
T0039,13:15,39.879859,32.80055
T0039,13:20,39.879887,32.800582
T0039,13:25,39.879805,32.800556
T0039,13:30,39.87979,32.800518
T0039,13:35,39.879755,32.800491
T0039,13:40,39.879709,32.800499
T0039,13:45,39.896032,32.812155
T0039,13:50,39.896054,32.812124
T0039,13:55,39.896017,32.812059
T0039,14:00,39.896001,32.812052
T0039,14:05,39.896027,32.812108
T0039,14:10,39.896026,32.812071
T0039,14:15,39.902835,32.834538
T0039,14:20,39.902898,32.83454
T0039,14:25,39.902899,32.834588
T0039,14:30,39.902824,32.834633
T0039,14:35,39.902803,32.834593
T0039,14:40,39.885494,32.820392
T0039,14:45,39.865549,32.803429
T0039,14:50,39.873295,32.82458
T0039,14:55,39.873317,32.824609
T0039,15:00,39.87333,32.824642
T0039,15:05,39.873352,32.824673
T0039,15:10,39.88832,32.848489
T0039,15:15,39.901394,32.869127
T0040,12:00,39.934284,32.793406
T0040,12:05,39.941671,32.805473
T0040,12:10,39.941676,32.805439
T0040,12:15,39.94169,32.80546
T0040,12:20,39.941708,32.805376
T0040,12:25,39.941706,32.805368
T0040,12:30,39.941684,32.805357
T0040,12:35,39.941667,32.805351
T0040,12:40,39.941649,32.8054
T0040,12:45,39.941648,32.8054
T0040,12:50,39.947046,32.817191
T0040,12:55,39.946997,32.817201
T0040,13:00,39.946999,32.817197
T0040,13:05,39.947034,32.817177
T0040,13:10,39.947036,32.817139
T0040,13:15,39.947048,32.817182
T0040,13:20,39.947057,32.817152
T0040,13:25,39.947021,32.817162
T0040,13:30,39.947495,32.827872
T0040,13:35,39.947462,32.827891
T0040,13:40,39.947459,32.827922
T0040,13:45,39.947485,32.827911
T0040,13:50,39.947506,32.827939
T0040,13:55,39.954248,32.837906
T0040,14:00,39.96137,32.848554
T0041,11:20,39.92287,32.796766
T0041,11:25,39.922846,32.796761
T0041,11:30,39.912315,32.771357
T0041,11:35,39.912293,32.771368
T0041,11:40,39.912316,32.771385
T0041,11:45,39.912341,32.771405
T0041,11:50,39.912303,32.771462
T0041,11:55,39.932472,32.785335
T0041,12:00,39.932512,32.785323
T0041,12:05,39.932447,32.785282
T0041,12:10,39.932445,32.785286
T0041,12:15,39.932456,32.785276
T0041,12:20,39.932449,32.785286
T0041,12:25,39.932459,32.78528
T0041,12:30,39.932498,32.785285
T0041,12:35,39.949385,32.800512
T0041,12:40,39.949395,32.800572
T0041,12:45,39.949376,32.800585
T0041,12:50,39.949377,32.800599
T0041,12:55,39.949365,32.800566
T0041,13:00,39.949343,32.800589
T0041,13:05,39.949318,32.800644
T0041,13:10,39.965017,32.8111
T0041,13:15,39.963595,32.812483
T0041,13:20,39.946907,32.8287
T0042,10:10,39.867537,32.893791
T0042,10:15,39.86752,32.893831
T0042,10:20,39.867532,32.893855
T0042,10:25,39.86751,32.893892
T0042,10:30,39.867495,32.893825
T0042,10:35,39.8675,32.893863
T0042,10:40,39.867434,32.893833
T0042,10:45,39.867405,32.893845
T0042,10:50,39.871213,32.87348
T0042,10:55,39.871239,32.87348
T0042,11:00,39.871221,32.873542
T0042,11:05,39.871255,32.873533
T0042,11:10,39.871286,32.873552
T0042,11:15,39.871295,32.873566
T0042,11:20,39.856527,32.878214
T0042,11:25,39.856498,32.878195
T0042,11:30,39.85651,32.878206
T0042,11:35,39.856543,32.878239
T0042,11:40,39.870752,32.874978
T0042,11:45,39.8882,32.872311
T0042,11:50,39.88821,32.87226
T0042,11:55,39.888217,32.87226
T0042,12:00,39.873502,32.886485
T0042,12:05,39.884268,32.873512
T0042,12:10,39.897862,32.859151
T0043,08:30,39.901796,32.832699
T0043,08:35,39.901767,32.832781
T0043,08:40,39.905019,32.852422
T0043,08:45,39.905011,32.852379
T0043,08:50,39.904991,32.852411
T0043,08:55,39.904955,32.85239
T0043,09:00,39.904933,32.852434
T0043,09:05,39.9071,32.87509
T0043,09:10,39.9071,32.875144
T0043,09:15,39.907091,32.875156
T0043,09:20,39.9071,32.875186
T0043,09:25,39.908028,32.900074
T0043,09:30,39.908078,32.900095
T0043,09:35,39.908133,32.900108
T0043,09:40,39.908161,32.900108
T0043,09:45,39.908176,32.900077
T0043,09:50,39.908193,32.900105
T0043,09:55,39.908215,32.900132
T0043,10:00,39.908255,32.900118
T0043,10:05,39.908251,32.900125
T0043,10:10,39.913213,32.882937
T0043,10:15,39.919842,32.85998
T0043,10:20,39.925661,32.847598
T0043,10:25,39.917699,32.858111
T0043,10:30,39.910247,32.867201
T0044,08:15,39.981151,32.875238
T0044,08:20,39.973037,32.879179
T0044,08:25,39.972997,32.879253
T0044,08:30,39.97304,32.879128
T0044,08:35,39.973085,32.879117
T0044,08:40,39.973039,32.879062
T0044,08:45,39.973053,32.879055
T0044,08:50,39.973064,32.879099
T0044,08:55,39.973083,32.879082
T0044,09:00,39.966201,32.87473
T0044,09:05,39.966158,32.874757
T0044,09:10,39.966121,32.874714
T0044,09:15,39.966074,32.874715
T0044,09:20,39.966085,32.874663
T0044,09:25,39.956427,32.880166
T0044,09:30,39.956417,32.880098
T0044,09:35,39.956417,32.880122
T0044,09:40,39.95642,32.880032
T0044,09:45,39.948641,32.888904
T0044,09:50,39.94171,32.894167
T0044,09:55,39.941732,32.894233
T0044,10:00,39.941727,32.894253
T0044,10:05,39.941696,32.894254
T0044,10:10,39.930774,32.896244
T0044,10:15,39.920564,32.897854
T0045,08:15,39.921001,32.895445
T0045,08:20,39.921005,32.895456
T0045,08:25,39.92104,32.895478
T0045,08:30,39.921061,32.895462
T0045,08:35,39.921033,32.895522
T0045,08:40,39.921022,32.895535
T0045,08:45,39.921015,32.895539
T0045,08:50,39.920972,32.895575
T0045,08:55,39.920941,32.89556
T0045,09:00,39.920962,32.895473
T0045,09:05,39.920966,32.895496
T0045,09:10,39.920986,32.895456
T0045,09:15,39.920999,32.895414
T0045,09:20,39.920968,32.895408
T0045,09:25,39.920982,32.895407
T0045,09:30,39.920987,32.895414
T0045,09:35,39.921,32.895392
T0045,09:40,39.920983,32.895418
T0045,09:45,39.921019,32.895388
T0045,09:50,39.920974,32.895417
T0045,09:55,39.92098,32.895431
T0045,10:00,39.920941,32.895391
T0045,10:05,39.920901,32.895389
T0045,10:10,39.920899,32.895402
T0045,10:15,39.920867,32.895357
T0046,08:40,39.984506,32.881395
T0046,08:45,39.984463,32.881381
T0046,08:50,39.984496,32.881381
T0046,08:55,39.984424,32.88142
T0046,09:00,39.984438,32.881408
T0046,09:05,39.984436,32.88137
T0046,09:10,39.978485,32.895414
T0046,09:15,39.97849,32.895424
T0046,09:20,39.978492,32.895501
T0046,09:25,39.978542,32.895467
T0046,09:30,39.978578,32.895461
T0046,09:35,39.978624,32.895445
T0046,09:40,39.978602,32.895473
T0046,09:45,39.978591,32.895493
T0046,09:50,39.978595,32.895473
T0046,09:55,39.96586,32.902068
T0046,10:00,39.965882,32.902076
T0046,10:05,39.965889,32.902039
T0046,10:10,39.965911,32.902061
T0046,10:15,39.965897,32.902001
T0046,10:20,39.95686,32.911669
T0046,10:25,39.947191,32.925165
T0046,10:30,39.937071,32.936002
T0046,10:35,39.935573,32.927846
T0046,10:40,39.933131,32.914548
T0047,11:25,39.932753,32.868065
T0047,11:30,39.932748,32.868024
T0047,11:35,39.93612,32.844143
T0047,11:40,39.916117,32.833811
T0047,11:45,39.916109,32.833744
T0047,11:50,39.916091,32.833763
T0047,11:55,39.916091,32.833817
T0047,12:00,39.916077,32.833839
T0047,12:05,39.935204,32.842005
T0047,12:10,39.934897,32.864723
T0047,12:15,39.912665,32.869875
T0047,12:20,39.91269,32.869864
T0047,12:25,39.912728,32.869879
T0047,12:30,39.929187,32.871288
T0047,12:35,39.935423,32.842556
T0047,12:40,39.919721,32.832654
T0047,12:45,39.919721,32.832673
T0047,12:50,39.919681,32.832696
T0047,12:55,39.937004,32.847433
T0047,13:00,39.929766,32.870832
T0047,13:05,39.90823,32.863437
T0047,13:10,39.908234,32.863453
T0047,13:15,39.908227,32.863535
T0047,13:20,39.925468,32.87312
T0047,13:25,39.937208,32.848238
T0048,10:10,39.966892,32.886056
T0048,10:15,39.965197,32.869717
T0048,10:20,39.9652,32.869612
T0048,10:25,39.965186,32.869591
T0048,10:30,39.965147,32.869556
T0048,10:35,39.965139,32.86955
T0048,10:40,39.965157,32.869562
T0048,10:45,39.965182,32.86957
T0048,10:50,39.956238,32.867256
T0048,10:55,39.956241,32.867225
T0048,11:00,39.956256,32.867231
T0048,11:05,39.95625,32.867216
T0048,11:10,39.956245,32.867206
T0048,11:15,39.956287,32.867148
T0048,11:20,39.956304,32.867194
T0048,11:25,39.956348,32.867164
T0048,11:30,39.946296,32.862055
T0048,11:35,39.938129,32.858809
T0048,11:40,39.927235,32.853697
T0048,11:45,39.927238,32.85366
T0048,11:50,39.927207,32.853692
T0048,11:55,39.927236,32.853702
T0048,12:00,39.915899,32.856611
T0048,12:05,39.906387,32.857774
T0048,12:10,39.897842,32.859056
T0049,08:20,39.923211,32.922454
T0049,08:25,39.929935,32.914115
T0049,08:30,39.929884,32.914125
T0049,08:35,39.929894,32.914142
T0049,08:40,39.929871,32.914179
T0049,08:45,39.92563,32.898453
T0049,08:50,39.925642,32.898476
T0049,08:55,39.92569,32.89851
T0049,09:00,39.925696,32.898494
T0049,09:05,39.925709,32.898488
T0049,09:10,39.925721,32.898462
T0049,09:15,39.925699,32.898505
T0049,09:20,39.917213,32.888508
T0049,09:25,39.917234,32.88846
T0049,09:30,39.917234,32.888431
T0049,09:35,39.917224,32.888423
T0049,09:40,39.912381,32.873792
T0049,09:45,39.908538,32.863053
T0049,09:50,39.904928,32.852366
T0049,09:55,39.904927,32.852328
T0049,10:00,39.904959,32.852327
T0049,10:05,39.90496,32.852388
T0049,10:10,39.905002,32.852453
T0049,10:15,39.906912,32.840205
T0049,10:20,39.909127,32.828249
T0050,11:20,39.900873,32.799395
T0050,11:25,39.900871,32.7994
T0050,11:30,39.900865,32.799405
T0050,11:35,39.90086,32.799431
T0050,11:40,39.900868,32.799388
T0050,11:45,39.895164,32.782561
T0050,11:50,39.895159,32.782609
T0050,11:55,39.895187,32.78263
T0050,12:00,39.895166,32.782666
T0050,12:05,39.895149,32.782698
T0050,12:10,39.895158,32.78266
T0050,12:15,39.895186,32.782683
T0050,12:20,39.902398,32.795804
T0050,12:25,39.902421,32.795818
T0050,12:30,39.902399,32.795775
T0050,12:35,39.902416,32.79576
T0050,12:40,39.902417,32.795732
T0050,12:45,39.912143,32.810916
T0050,12:50,39.912112,32.810908
T0050,12:55,39.912072,32.810899
T0050,13:00,39.912062,32.810928
T0050,13:05,39.912041,32.810967
T0050,13:10,39.924982,32.81651
T0050,13:15,39.935259,32.82182
T0050,13:20,39.946108,32.827182
T0051,09:15,39.924823,32.822714
T0051,09:20,39.924828,32.82269
T0051,09:25,39.924874,32.822652
T0051,09:30,39.924893,32.822669
T0051,09:35,39.924895,32.822657
T0051,09:40,39.924913,32.822667
T0051,09:45,39.924922,32.822655
T0051,09:50,39.924978,32.822628
T0051,09:55,39.924933,32.822619
T0051,10:00,39.924928,32.822624
T0051,10:05,39.924885,32.822637
T0051,10:10,39.924877,32.822575
T0051,10:15,39.924872,32.822613
T0051,10:20,39.924863,32.822586
T0051,10:25,39.924862,32.822559
T0051,10:30,39.924809,32.822521
T0051,10:35,39.924815,32.822514
T0051,10:40,39.924761,32.822532
T0051,10:45,39.924782,32.822567
T0051,10:50,39.924787,32.82257
T0051,10:55,39.924776,32.822546
T0051,11:00,39.924798,32.822527
T0051,11:05,39.924829,32.822501
T0051,11:10,39.92481,32.822498
T0051,11:15,39.924855,32.822509
T0052,13:00,39.970628,32.89607
T0052,13:05,39.970648,32.896095
T0052,13:10,39.970631,32.896107
T0052,13:15,39.970638,32.896043
T0052,13:20,39.970681,32.896075
T0052,13:25,39.96011,32.880202
T0052,13:30,39.960135,32.880218
T0052,13:35,39.960145,32.880242
T0052,13:40,39.960131,32.880234
T0052,13:45,39.960142,32.880212
T0052,13:50,39.960106,32.880191
T0052,13:55,39.960096,32.880176
T0052,14:00,39.971099,32.896742
T0052,14:05,39.97109,32.896786
T0052,14:10,39.971068,32.896833
T0052,14:15,39.971072,32.89686
T0052,14:20,39.957341,32.888853
T0052,14:25,39.95732,32.88884
T0052,14:30,39.957281,32.88885
T0052,14:35,39.957305,32.888857
T0052,14:40,39.970216,32.89625
T0052,14:45,39.970242,32.896288
T0052,14:50,39.970241,32.896266
T0052,14:55,39.954855,32.888931
T0052,15:00,39.943136,32.88274
T0053,12:00,39.961212,32.847562
T0053,12:05,39.961198,32.847509
T0053,12:10,39.961219,32.847565
T0053,12:15,39.96125,32.847599
T0053,12:20,39.96123,32.847636
T0053,12:25,39.961217,32.847719
T0053,12:30,39.961257,32.847737
T0053,12:35,39.96127,32.847745
T0053,12:40,39.961276,32.847732
T0053,12:45,39.961285,32.847729
T0053,12:50,39.961301,32.847734
T0053,12:55,39.961263,32.847757
T0053,13:00,39.961212,32.847721
T0053,13:05,39.961246,32.847704
T0053,13:10,39.961271,32.84775
T0053,13:15,39.961313,32.847691
T0053,13:20,39.961322,32.847682
T0053,13:25,39.961325,32.847656
T0053,13:30,39.961312,32.847709
T0053,13:35,39.961314,32.847743
T0053,13:40,39.961333,32.847716
T0053,13:45,39.961358,32.8477
T0053,13:50,39.961334,32.847667
T0053,13:55,39.961332,32.847588
T0053,14:00,39.961318,32.847608
T0054,12:25,39.872182,32.872421
T0054,12:30,39.857206,32.869815
T0054,12:35,39.857241,32.869877
T0054,12:40,39.857266,32.869874
T0054,12:45,39.857281,32.869892
T0054,12:50,39.857241,32.869842
T0054,12:55,39.857226,32.869829
T0054,13:00,39.857252,32.869872
T0054,13:05,39.85724,32.869899
T0054,13:10,39.866378,32.880695
T0054,13:15,39.866387,32.880792
T0054,13:20,39.866361,32.880792
T0054,13:25,39.866363,32.880797
T0054,13:30,39.866382,32.88075
T0054,13:35,39.877965,32.885455
T0054,13:40,39.877986,32.88549
T0054,13:45,39.877983,32.88548
T0054,13:50,39.877947,32.885514
T0054,13:55,39.877927,32.885484
T0054,14:00,39.8893,32.895452
T0054,14:05,39.900372,32.905548
T0054,14:10,39.900383,32.90563
T0054,14:15,39.900388,32.905652
T0054,14:20,39.912242,32.904321
T0054,14:25,39.925658,32.903898
T0055,10:15,39.924234,32.840584
T0055,10:20,39.924229,32.84057
T0055,10:25,39.924268,32.84062
T0055,10:30,39.924279,32.84066
T0055,10:35,39.924315,32.840672
T0055,10:40,39.924322,32.840682
T0055,10:45,39.924314,32.840687
T0055,10:50,39.924382,32.840696
T0055,10:55,39.924418,32.840706
T0055,11:00,39.924409,32.840695
T0055,11:05,39.924476,32.84069
T0055,11:10,39.924483,32.840677
T0055,11:15,39.92445,32.840709
T0055,11:20,39.924386,32.840709
T0055,11:25,39.924356,32.840632
T0055,11:30,39.924353,32.840576
T0055,11:35,39.924346,32.840574
T0055,11:40,39.924311,32.840546
T0055,11:45,39.925535,32.834352
T0055,11:50,39.929837,32.812569
T0055,11:55,39.933632,32.793352
T0055,12:00,39.933609,32.793339
T0055,12:05,39.937385,32.815433
T0055,12:10,39.941913,32.839635
T0055,12:15,39.945516,32.857085
T0056,13:15,39.899343,32.916574
T0056,13:20,39.899348,32.916553
T0056,13:25,39.899388,32.916536
T0056,13:30,39.897085,32.905628
T0056,13:35,39.897061,32.905576
T0056,13:40,39.897075,32.905608
T0056,13:45,39.89711,32.905605
T0056,13:50,39.887063,32.898648
T0056,13:55,39.887009,32.898646
T0056,14:00,39.887031,32.89866
T0056,14:05,39.887043,32.898606
T0056,14:10,39.887062,32.898703
T0056,14:15,39.887026,32.898738
T0056,14:20,39.886987,32.898707
T0056,14:25,39.886997,32.898729
T0056,14:30,39.876878,32.889812
T0056,14:35,39.882617,32.885121
T0056,14:40,39.892155,32.877324
T0056,14:45,39.90114,32.86998
T0056,14:50,39.901119,32.870025
T0056,14:55,39.90112,32.870029
T0056,15:00,39.901118,32.869966
T0056,15:05,39.901095,32.86995
T0056,15:10,39.901112,32.869911
T0056,15:15,39.901073,32.869978
T0057,08:35,39.898315,32.785205
T0057,08:40,39.898344,32.785188
T0057,08:45,39.917008,32.77498
T0057,08:50,39.916968,32.775033
T0057,08:55,39.916949,32.775032
T0057,09:00,39.916966,32.775004
T0057,09:05,39.916894,32.775061
T0057,09:10,39.916876,32.775092
T0057,09:15,39.937334,32.783954
T0057,09:20,39.956472,32.793234
T0057,09:25,39.945205,32.812697
T0057,09:30,39.930519,32.838066
T0057,09:35,39.930559,32.838135
T0057,09:40,39.930549,32.838162
T0057,09:45,39.930588,32.838148
T0057,09:50,39.930594,32.838124
T0057,09:55,39.930618,32.83812
T0057,10:00,39.930641,32.838138
T0057,10:05,39.930664,32.83807
T0057,10:10,39.930685,32.838137
T0057,10:15,39.930702,32.838122
T0057,10:20,39.930749,32.838109
T0057,10:25,39.930781,32.838137
T0057,10:30,39.930784,32.838195
T0057,10:35,39.930759,32.838233
T0058,13:00,39.911157,32.817998
T0058,13:05,39.911146,32.817968
T0058,13:10,39.911144,32.818012
T0058,13:15,39.911118,32.817948
T0058,13:20,39.911091,32.817949
T0058,13:25,39.911103,32.818006
T0058,13:30,39.911124,32.818008
T0058,13:35,39.911161,32.81799
T0058,13:40,39.911116,32.817953
T0058,13:45,39.910348,32.8346
T0058,13:50,39.910262,32.834603
T0058,13:55,39.910267,32.834642
T0058,14:00,39.910275,32.834679
T0058,14:05,39.910254,32.834696
T0058,14:10,39.910259,32.834733
T0058,14:15,39.910276,32.83478
T0058,14:20,39.910287,32.834824
T0058,14:25,39.920582,32.839633
T0058,14:30,39.928861,32.844787
T0058,14:35,39.928858,32.844695
T0058,14:40,39.928868,32.844689
T0058,14:45,39.928907,32.844714
T0058,14:50,39.933697,32.857111
T0058,14:55,39.937787,32.869023
T0058,15:00,39.942994,32.882699
T0059,08:20,39.925958,32.842994
T0059,08:25,39.925947,32.842928
T0059,08:30,39.925938,32.842925
T0059,08:35,39.925948,32.842933
T0059,08:40,39.925965,32.842965
T0059,08:45,39.925974,32.842932
T0059,08:50,39.926009,32.842973
T0059,08:55,39.925979,32.842966
T0059,09:00,39.925921,32.842945
T0059,09:05,39.925925,32.842916
T0059,09:10,39.925949,32.843009
T0059,09:15,39.925974,32.842981
T0059,09:20,39.925994,32.842947
T0059,09:25,39.925999,32.842968
T0059,09:30,39.926005,32.842894
T0059,09:35,39.925999,32.842925
T0059,09:40,39.925962,32.842964
T0059,09:45,39.925947,32.842924
T0059,09:50,39.925944,32.84291
T0059,09:55,39.932743,32.826094
T0059,10:00,39.940873,32.805989
T0059,10:05,39.940864,32.806003
T0059,10:10,39.940886,32.806023
T0059,10:15,39.922593,32.818514
T0059,10:20,39.909266,32.82814
T0060,13:20,39.863345,32.877049
T0060,13:25,39.863329,32.877071
T0060,13:30,39.863354,32.8771
T0060,13:35,39.863323,32.877035
T0060,13:40,39.863345,32.877045
T0060,13:45,39.863652,32.866916
T0060,13:50,39.863601,32.866871
T0060,13:55,39.863592,32.866822
T0060,14:00,39.863571,32.866732
T0060,14:05,39.86358,32.866762
T0060,14:10,39.863572,32.866685
T0060,14:15,39.870569,32.858379
T0060,14:20,39.870582,32.858315
T0060,14:25,39.8706,32.858259
T0060,14:30,39.870578,32.858295
T0060,14:35,39.870534,32.858301
T0060,14:40,39.870547,32.858285
T0060,14:45,39.870549,32.858302
T0060,14:50,39.870547,32.858294
T0060,14:55,39.878792,32.853055
T0060,15:00,39.878809,32.853075
T0060,15:05,39.878824,32.853039
T0060,15:10,39.885549,32.844454
T0060,15:15,39.89145,32.836309
T0060,15:20,39.895737,32.828908
T0061,11:05,39.928897,32.852686
T0061,11:10,39.928876,32.852647
T0061,11:15,39.928869,32.852589
T0061,11:20,39.928874,32.852613
T0061,11:25,39.928861,32.852612
T0061,11:30,39.928827,32.85259
T0061,11:35,39.928836,32.852632
T0061,11:40,39.928875,32.85266
T0061,11:45,39.928818,32.852673
T0061,11:50,39.928833,32.85263
T0061,11:55,39.928874,32.852647
T0061,12:00,39.928821,32.852667
T0061,12:05,39.928807,32.852641
T0061,12:10,39.928807,32.852607
T0061,12:15,39.928842,32.852633
T0061,12:20,39.928831,32.852573
T0061,12:25,39.928834,32.852506
T0061,12:30,39.93872,32.851722
T0061,12:35,39.952446,32.850634
T0061,12:40,39.966264,32.849539
T0061,12:45,39.96626,32.849535
T0061,12:50,39.966278,32.84959
T0061,12:55,39.962942,32.861082
T0061,13:00,39.955769,32.876436
T0061,13:05,39.950293,32.890378
T0062,08:10,39.938215,32.800192
T0062,08:15,39.938257,32.800139
T0062,08:20,39.938245,32.800153
T0062,08:25,39.938222,32.800138
T0062,08:30,39.953921,32.79277
T0062,08:35,39.953864,32.792759
T0062,08:40,39.953843,32.792744
T0062,08:45,39.953843,32.792736
T0062,08:50,39.953894,32.792711
T0062,08:55,39.953902,32.792678
T0062,09:00,39.953862,32.792726
T0062,09:05,39.968849,32.783586
T0062,09:10,39.968843,32.783547
T0062,09:15,39.968879,32.783539
T0062,09:20,39.968902,32.783544
T0062,09:25,39.968847,32.783511
T0062,09:30,39.968879,32.783487
T0062,09:35,39.955605,32.804181
T0062,09:40,39.94339,32.825462
T0062,09:45,39.943409,32.825442
T0062,09:50,39.943378,32.825485
T0062,09:55,39.943383,32.82547
T0062,10:00,39.943358,32.82549
T0062,10:05,39.942111,32.849968
T0062,10:10,39.940321,32.87404
T0063,09:00,39.891671,32.775939
T0063,09:05,39.891702,32.775948
T0063,09:10,39.891692,32.775906
T0063,09:15,39.891665,32.77587
T0063,09:20,39.891244,32.792536
T0063,09:25,39.891238,32.792545
T0063,09:30,39.89127,32.792584
T0063,09:35,39.891214,32.792583
T0063,09:40,39.891188,32.792604
T0063,09:45,39.891175,32.792685
T0063,09:50,39.890477,32.780392
T0063,09:55,39.890449,32.780359
T0063,10:00,39.890424,32.780386
T0063,10:05,39.890356,32.780375
T0063,10:10,39.894849,32.794195
T0063,10:15,39.89481,32.79423
T0063,10:20,39.894839,32.794217
T0063,10:25,39.894788,32.794218
T0063,10:30,39.887266,32.788635
T0063,10:35,39.877361,32.78026
T0063,10:40,39.884538,32.792008
T0063,10:45,39.890532,32.801819
T0063,10:50,39.897427,32.813103
T0063,10:55,39.904982,32.825468
T0063,11:00,39.912093,32.837107
T0064,08:10,39.899571,32.894584
T0064,08:15,39.899586,32.894598
T0064,08:20,39.88472,32.917282
T0064,08:25,39.88466,32.91728
T0064,08:30,39.884651,32.917277
T0064,08:35,39.884646,32.917261
T0064,08:40,39.884311,32.892581
T0064,08:45,39.88426,32.892569
T0064,08:50,39.884266,32.892568
T0064,08:55,39.884219,32.892577
T0064,09:00,39.866793,32.899744
T0064,09:05,39.86676,32.899775
T0064,09:10,39.86676,32.899767
T0064,09:15,39.866797,32.899694
T0064,09:20,39.866763,32.899688
T0064,09:25,39.866737,32.899642
T0064,09:30,39.866705,32.899662
T0064,09:35,39.866722,32.899695
T0064,09:40,39.879422,32.885622
T0064,09:45,39.879461,32.885628
T0064,09:50,39.879459,32.885622
T0064,09:55,39.879415,32.885608
T0064,10:00,39.901555,32.878377
T0064,10:05,39.918821,32.87741
T0064,10:10,39.940141,32.872868
T0065,13:00,39.960923,32.849229
T0065,13:05,39.960949,32.849185
T0065,13:10,39.960909,32.849212
T0065,13:15,39.961182,32.866733
T0065,13:20,39.961177,32.866677
T0065,13:25,39.961131,32.866635
T0065,13:30,39.961116,32.866644
T0065,13:35,39.961089,32.866666
T0065,13:40,39.961019,32.86678
T0065,13:45,39.966084,32.878054
T0065,13:50,39.96606,32.878002
T0065,13:55,39.96604,32.877983
T0065,14:00,39.966018,32.878014
T0065,14:05,39.965996,32.877975
T0065,14:10,39.965979,32.878002
T0065,14:15,39.958976,32.887819
T0065,14:20,39.952482,32.896372
T0065,14:25,39.952017,32.895715
T0065,14:30,39.942843,32.882748
T0065,14:35,39.942828,32.882772
T0065,14:40,39.942827,32.88276
T0065,14:45,39.942824,32.882766
T0065,14:50,39.942822,32.882807
T0065,14:55,39.94284,32.882788
T0065,15:00,39.942853,32.882784
T0066,08:15,39.921035,32.895342
T0066,08:20,39.921026,32.895409
T0066,08:25,39.921047,32.895427
T0066,08:30,39.921073,32.895387
T0066,08:35,39.921065,32.895396
T0066,08:40,39.921119,32.895399
T0066,08:45,39.921138,32.895442
T0066,08:50,39.921137,32.895446
T0066,08:55,39.921173,32.895419
T0066,09:00,39.921121,32.895459
T0066,09:05,39.921149,32.895455
T0066,09:10,39.921167,32.8955
T0066,09:15,39.921187,32.895472
T0066,09:20,39.921155,32.895502
T0066,09:25,39.921116,32.895477
T0066,09:30,39.921052,32.895415
T0066,09:35,39.921067,32.895479
T0066,09:40,39.92105,32.895547
T0066,09:45,39.921033,32.895538
T0066,09:50,39.921021,32.895523
T0066,09:55,39.921014,32.895483
T0066,10:00,39.921014,32.895441
T0066,10:05,39.921014,32.895443
T0066,10:10,39.920991,32.895483
T0066,10:15,39.920947,32.895455
T0067,10:10,39.969332,32.877538
T0067,10:15,39.969333,32.877579
T0067,10:20,39.969343,32.8776
T0067,10:25,39.969321,32.877618
T0067,10:30,39.956773,32.879473
T0067,10:35,39.95679,32.879482
T0067,10:40,39.956752,32.879551
T0067,10:45,39.956739,32.879551
T0067,10:50,39.956716,32.879543
T0067,10:55,39.956692,32.879507
T0067,11:00,39.956721,32.879547
T0067,11:05,39.956691,32.879585
T0067,11:10,39.956666,32.879585
T0067,11:15,39.944444,32.879722
T0067,11:20,39.94437,32.879738
T0067,11:25,39.944395,32.87975
T0067,11:30,39.944416,32.879798
T0067,11:35,39.944401,32.879775
T0067,11:40,39.944389,32.879721
T0067,11:45,39.931626,32.87705
T0067,11:50,39.931643,32.877019
T0067,11:55,39.931623,32.877045
T0067,12:00,39.920656,32.872576
T0067,12:05,39.907904,32.864786
T0067,12:10,39.897838,32.859002
T0068,10:15,39.935387,32.827384
T0068,10:20,39.935365,32.827346
T0068,10:25,39.935306,32.827343
T0068,10:30,39.935303,32.827393
T0068,10:35,39.935269,32.827415
T0068,10:40,39.93529,32.827382
T0068,10:45,39.928279,32.834704
T0068,10:50,39.928257,32.834722
T0068,10:55,39.928279,32.834717
T0068,11:00,39.928276,32.834675
T0068,11:05,39.93453,32.844786
T0068,11:10,39.934534,32.844749
T0068,11:15,39.934557,32.844702
T0068,11:20,39.934537,32.844696
T0068,11:25,39.934515,32.844661
T0068,11:30,39.934507,32.844725
T0068,11:35,39.934511,32.844648
T0068,11:40,39.934472,32.844613
T0068,11:45,39.934469,32.844629
T0068,11:50,39.92843,32.851333
T0068,11:55,39.928423,32.851336
T0068,12:00,39.92839,32.851311
T0068,12:05,39.928405,32.851329
T0068,12:10,39.938313,32.855622
T0068,12:15,39.945437,32.858766
T0069,11:50,39.963102,32.793674
T0069,11:55,39.963116,32.793695
T0069,12:00,39.950838,32.815615
T0069,12:05,39.950855,32.815623
T0069,12:10,39.950892,32.815584
T0069,12:15,39.950923,32.815535
T0069,12:20,39.950919,32.815538
T0069,12:25,39.950955,32.815538
T0069,12:30,39.951132,32.783822
T0069,12:35,39.951155,32.783851
T0069,12:40,39.951163,32.783926
T0069,12:45,39.951151,32.783909
T0069,12:50,39.934184,32.774824
T0069,12:55,39.9342,32.77485
T0069,13:00,39.934239,32.774913
T0069,13:05,39.934164,32.774835
T0069,13:10,39.934146,32.774861
T0069,13:15,39.934121,32.774876
T0069,13:20,39.934151,32.774837
T0069,13:25,39.934164,32.774888
T0069,13:30,39.9342,32.774907
T0069,13:35,39.915546,32.768256
T0069,13:40,39.916618,32.782704
T0069,13:45,39.918517,32.808287
T0069,13:50,39.920495,32.834939
T0070,08:25,39.959616,32.904363
T0070,08:30,39.959585,32.904302
T0070,08:35,39.959624,32.904321
T0070,08:40,39.959667,32.904342
T0070,08:45,39.959663,32.904385
T0070,08:50,39.95267,32.900036
T0070,08:55,39.95267,32.900089
T0070,09:00,39.952687,32.900091
T0070,09:05,39.952665,32.900082
T0070,09:10,39.952636,32.900123
T0070,09:15,39.952693,32.900041
T0070,09:20,39.952741,32.900043
T0070,09:25,39.944326,32.901768
T0070,09:30,39.944306,32.901762
T0070,09:35,39.944317,32.901782
T0070,09:40,39.944341,32.901727
T0070,09:45,39.944298,32.90166
T0070,09:50,39.944343,32.90168
T0070,09:55,39.944352,32.901677
T0070,10:00,39.94438,32.901711
T0070,10:05,39.944423,32.901744
T0070,10:10,39.936171,32.903452
T0070,10:15,39.926294,32.903861
T0070,10:20,39.925572,32.895628
T0070,10:25,39.924558,32.884059
T0071,12:05,39.927212,32.846549
T0071,12:10,39.927224,32.846498
T0071,12:15,39.927216,32.84645
T0071,12:20,39.927185,32.846486
T0071,12:25,39.927175,32.846469
T0071,12:30,39.927152,32.846376
T0071,12:35,39.927133,32.846329
T0071,12:40,39.927136,32.846277
T0071,12:45,39.927084,32.846336
T0071,12:50,39.92705,32.846343
T0071,12:55,39.927078,32.846371
T0071,13:00,39.927063,32.846336
T0071,13:05,39.927039,32.84628
T0071,13:10,39.927023,32.846283
T0071,13:15,39.927035,32.846353
T0071,13:20,39.927032,32.846388
T0071,13:25,39.927019,32.846391
T0071,13:30,39.927046,32.846476
T0071,13:35,39.927021,32.846494
T0071,13:40,39.928177,32.84503
T0071,13:45,39.93382,32.837878
T0071,13:50,39.940896,32.828912
T0071,13:55,39.948333,32.819488
T0071,14:00,39.948349,32.819456
T0071,14:05,39.944726,32.809624
T0072,11:00,39.869352,32.883418
T0072,11:05,39.85859,32.886092
T0072,11:10,39.858631,32.886055
T0072,11:15,39.85862,32.886023
T0072,11:20,39.858613,32.885992
T0072,11:25,39.858629,32.885962
T0072,11:30,39.858663,32.885922
T0072,11:35,39.858704,32.885926
T0072,11:40,39.858743,32.885976
T0072,11:45,39.858743,32.885918
T0072,11:50,39.869514,32.887134
T0072,11:55,39.869509,32.887144
T0072,12:00,39.869528,32.887096
T0072,12:05,39.869516,32.887046
T0072,12:10,39.869536,32.887096
T0072,12:15,39.86955,32.887105
T0072,12:20,39.869522,32.88714
T0072,12:25,39.869528,32.88712
T0072,12:30,39.872706,32.872378
T0072,12:35,39.872693,32.872403
T0072,12:40,39.87268,32.872433
T0072,12:45,39.872726,32.87243
T0072,12:50,39.872688,32.872471
T0072,12:55,39.880654,32.859967
T0072,13:00,39.890236,32.847477
T0073,13:45,39.916902,32.848584
T0073,13:50,39.916868,32.848556
T0073,13:55,39.91685,32.84861
T0073,14:00,39.916844,32.848612
T0073,14:05,39.916832,32.848618
T0073,14:10,39.916857,32.848669
T0073,14:15,39.916843,32.848666
T0073,14:20,39.916853,32.848617
T0073,14:25,39.916801,32.848596
T0073,14:30,39.916755,32.848613
T0073,14:35,39.916803,32.848648
T0073,14:40,39.916768,32.848662
T0073,14:45,39.91674,32.848646
T0073,14:50,39.916726,32.848596
T0073,14:55,39.91674,32.848629
T0073,15:00,39.916731,32.848641
T0073,15:05,39.916658,32.8486
T0073,15:10,39.916665,32.848559
T0073,15:15,39.916668,32.848584
T0073,15:20,39.914473,32.846685
T0073,15:25,39.894774,32.829639
T0073,15:30,39.876159,32.81353
T0073,15:35,39.876121,32.813563
T0073,15:40,39.898709,32.800587
T0073,15:45,39.919338,32.792216
T0074,09:10,39.919364,32.842494
T0074,09:15,39.919351,32.842472
T0074,09:20,39.919341,32.84244
T0074,09:25,39.919313,32.842386
T0074,09:30,39.919328,32.84236
T0074,09:35,39.919327,32.842357
T0074,09:40,39.919325,32.84232
T0074,09:45,39.919307,32.842382
T0074,09:50,39.919359,32.842384
T0074,09:55,39.919325,32.842325
T0074,10:00,39.919322,32.842335
T0074,10:05,39.91933,32.842363
T0074,10:10,39.919331,32.842292
T0074,10:15,39.919327,32.842256
T0074,10:20,39.919308,32.842322
T0074,10:25,39.919272,32.842298
T0074,10:30,39.919254,32.842346
T0074,10:35,39.919259,32.842381
T0074,10:40,39.919245,32.842344
T0074,10:45,39.919284,32.842318
T0074,10:50,39.914642,32.822804
T0074,10:55,39.914681,32.822811
T0074,11:00,39.914655,32.822823
T0074,11:05,39.914672,32.822875
T0074,11:10,39.927769,32.812008
T0075,13:35,39.856963,32.876947
T0075,13:40,39.856963,32.876981
T0075,13:45,39.856929,32.877013
T0075,13:50,39.856937,32.877015
T0075,13:55,39.869656,32.85772
T0075,14:00,39.869654,32.857746
T0075,14:05,39.869656,32.857744
T0075,14:10,39.86965,32.8577
T0075,14:15,39.869585,32.857655
T0075,14:20,39.869602,32.857678
T0075,14:25,39.86957,32.857643
T0075,14:30,39.877852,32.837606
T0075,14:35,39.877874,32.837628
T0075,14:40,39.877875,32.837581
T0075,14:45,39.877865,32.837588
T0075,14:50,39.877883,32.837538
T0075,14:55,39.890668,32.826507
T0075,15:00,39.890689,32.826559
T0075,15:05,39.890634,32.8265
T0075,15:10,39.890649,32.826482
T0075,15:15,39.890604,32.826433
T0075,15:20,39.879046,32.80981
T0075,15:25,39.86872,32.794533
T0075,15:30,39.870132,32.796088
T0075,15:35,39.885445,32.81296
T0076,13:50,39.961269,32.819996
T0076,13:55,39.961254,32.820013
T0076,14:00,39.961266,32.820016
T0076,14:05,39.961256,32.819934
T0076,14:10,39.961281,32.819926
T0076,14:15,39.961253,32.819924
T0076,14:20,39.961249,32.819856
T0076,14:25,39.961241,32.819869
T0076,14:30,39.961268,32.819841
T0076,14:35,39.961277,32.819857
T0076,14:40,39.961245,32.819857
T0076,14:45,39.961282,32.819897
T0076,14:50,39.961282,32.819921
T0076,14:55,39.961311,32.81994
T0076,15:00,39.961284,32.819902
T0076,15:05,39.961262,32.819899
T0076,15:10,39.961251,32.819903
T0076,15:15,39.961261,32.819988
T0076,15:20,39.961321,32.820007
T0076,15:25,39.961297,32.82005
T0076,15:30,39.961254,32.819976
T0076,15:35,39.961223,32.820007
T0076,15:40,39.961246,32.819969
T0076,15:45,39.961251,32.820026
T0076,15:50,39.961317,32.819993
T0077,12:55,39.892512,32.874363
T0077,13:00,39.892518,32.874335
T0077,13:05,39.892484,32.874405
T0077,13:10,39.89248,32.874412
T0077,13:15,39.892473,32.874406
T0077,13:20,39.892476,32.874423
T0077,13:25,39.892474,32.874375
T0077,13:30,39.876479,32.895576
T0077,13:35,39.876461,32.895586
T0077,13:40,39.876452,32.895549
T0077,13:45,39.87649,32.895515
T0077,13:50,39.876514,32.895499
T0077,13:55,39.873177,32.871667
T0077,14:00,39.873177,32.871643
T0077,14:05,39.873229,32.871647
T0077,14:10,39.873179,32.87161
T0077,14:15,39.873149,32.871613
T0077,14:20,39.873147,32.87162
T0077,14:25,39.873178,32.871613
T0077,14:30,39.873207,32.871636
T0077,14:35,39.873224,32.871622
T0077,14:40,39.857278,32.883416
T0077,14:45,39.852603,32.851905
T0077,14:50,39.852642,32.851905
T0077,14:55,39.873184,32.852248
T0078,13:20,39.945462,32.769678
T0078,13:25,39.945475,32.769703
T0078,13:30,39.926708,32.786521
T0078,13:35,39.926668,32.786479
T0078,13:40,39.926711,32.786536
T0078,13:45,39.926689,32.786504
T0078,13:50,39.926719,32.786381
T0078,13:55,39.929358,32.760372
T0078,14:00,39.929393,32.760334
T0078,14:05,39.92937,32.760347
T0078,14:10,39.929339,32.760291
T0078,14:15,39.929363,32.760304
T0078,14:20,39.929369,32.760316
T0078,14:25,39.929357,32.760298
T0078,14:30,39.929349,32.760282
T0078,14:35,39.929332,32.76028
T0078,14:40,39.912547,32.780239
T0078,14:45,39.912555,32.780246
T0078,14:50,39.912544,32.780258
T0078,14:55,39.912537,32.780229
T0078,15:00,39.912507,32.780268
T0078,15:05,39.912507,32.780319
T0078,15:10,39.897905,32.793212
T0078,15:15,39.879217,32.81384
T0078,15:20,39.895963,32.829249
T0079,08:20,39.902508,32.767167
T0079,08:25,39.902518,32.767175
T0079,08:30,39.902508,32.76723
T0079,08:35,39.905119,32.792555
T0079,08:40,39.905109,32.79256
T0079,08:45,39.90512,32.792561
T0079,08:50,39.905081,32.792605
T0079,08:55,39.915524,32.809944
T0079,09:00,39.915528,32.80986
T0079,09:05,39.915452,32.809874
T0079,09:10,39.915433,32.8099
T0079,09:15,39.915434,32.809941
T0079,09:20,39.915434,32.809967
T0079,09:25,39.915443,32.809976
T0079,09:30,39.923513,32.829814
T0079,09:35,39.92352,32.829813
T0079,09:40,39.923537,32.829842
T0079,09:45,39.923574,32.829835
T0079,09:50,39.909432,32.808809
T0079,09:55,39.895135,32.786909
T0079,10:00,39.895147,32.78691
T0079,10:05,39.895096,32.786906
T0079,10:10,39.895121,32.786891
T0079,10:15,39.902707,32.809404
T0079,10:20,39.909121,32.827934
T0080,12:55,39.872918,32.852303
T0080,13:00,39.872952,32.852309
T0080,13:05,39.872986,32.852304
T0080,13:10,39.872972,32.85231
T0080,13:15,39.872992,32.852286
T0080,13:20,39.872995,32.852256
T0080,13:25,39.873,32.852227
T0080,13:30,39.872998,32.852236
T0080,13:35,39.872988,32.852275
T0080,13:40,39.873008,32.852282
T0080,13:45,39.872989,32.852288
T0080,13:50,39.873042,32.852222
T0080,13:55,39.873032,32.852197
T0080,14:00,39.873063,32.852212
T0080,14:05,39.873056,32.852288
T0080,14:10,39.873071,32.852342
T0080,14:15,39.873103,32.852352
T0080,14:20,39.873135,32.852337
T0080,14:25,39.87315,32.852311
T0080,14:30,39.873144,32.852311
T0080,14:35,39.873178,32.852242
T0080,14:40,39.873181,32.852279
T0080,14:45,39.873152,32.852317
T0080,14:50,39.873148,32.852294
T0080,14:55,39.873144,32.852284
T0081,13:45,39.859912,32.842538
T0081,13:50,39.876384,32.836613
T0081,13:55,39.876386,32.836582
T0081,14:00,39.876395,32.836574
T0081,14:05,39.876403,32.836603
T0081,14:10,39.876443,32.836594
T0081,14:15,39.876417,32.836569
T0081,14:20,39.876374,32.836604
T0081,14:25,39.867757,32.813882
T0081,14:30,39.86773,32.813879
T0081,14:35,39.867722,32.81389
T0081,14:40,39.867744,32.813876
T0081,14:45,39.867717,32.81394
T0081,14:50,39.867748,32.813993
T0081,14:55,39.867725,32.813984
T0081,15:00,39.867763,32.814048
T0081,15:05,39.887642,32.818683
T0081,15:10,39.906276,32.820923
T0081,15:15,39.906288,32.820917
T0081,15:20,39.906301,32.820901
T0081,15:25,39.906322,32.820872
T0081,15:30,39.906265,32.820842
T0081,15:35,39.90503,32.794674
T0081,15:40,39.903976,32.773228
T0081,15:45,39.919349,32.792156
T0082,08:40,39.949881,32.917031
T0082,08:45,39.949851,32.917023
T0082,08:50,39.956116,32.931633
T0082,08:55,39.956102,32.931643
T0082,09:00,39.956069,32.931653
T0082,09:05,39.956079,32.931636
T0082,09:10,39.956079,32.93164
T0082,09:15,39.956049,32.931635
T0082,09:20,39.956071,32.93169
T0082,09:25,39.956063,32.931737
T0082,09:30,39.956025,32.931761
T0082,09:35,39.948437,32.919647
T0082,09:40,39.948445,32.919611
T0082,09:45,39.94846,32.919565
T0082,09:50,39.948429,32.919588
T0082,09:55,39.948426,32.919588
T0082,10:00,39.940037,32.909491
T0082,10:05,39.928453,32.896706
T0082,10:10,39.928488,32.896739
T0082,10:15,39.928488,32.896795
T0082,10:20,39.928506,32.896762
T0082,10:25,39.928492,32.896759
T0082,10:30,39.932497,32.913294
T0082,10:35,39.935517,32.930391
T0082,10:40,39.932965,32.914673
T0083,13:50,39.911357,32.77733
T0083,13:55,39.927277,32.772943
T0083,14:00,39.927273,32.772959
T0083,14:05,39.92729,32.772988
T0083,14:10,39.927331,32.773019
T0083,14:15,39.927319,32.773029
T0083,14:20,39.927363,32.773055
T0083,14:25,39.927339,32.773045
T0083,14:30,39.943391,32.780098
T0083,14:35,39.94338,32.780076
T0083,14:40,39.943372,32.780143
T0083,14:45,39.943373,32.780128
T0083,14:50,39.943381,32.780129
T0083,14:55,39.943368,32.780147
T0083,15:00,39.943395,32.780116
T0083,15:05,39.943372,32.780153
T0083,15:10,39.951936,32.796383
T0083,15:15,39.951943,32.796353
T0083,15:20,39.951939,32.796373
T0083,15:25,39.95196,32.796367
T0083,15:30,39.951986,32.796341
T0083,15:35,39.968519,32.786084
T0083,15:40,39.980826,32.80328
T0083,15:45,39.977093,32.80643
T0083,15:50,39.96085,32.820138
T0084,13:10,39.926852,32.857518
T0084,13:15,39.926837,32.857522
T0084,13:20,39.926759,32.857563
T0084,13:25,39.926712,32.857629
T0084,13:30,39.926701,32.857631
T0084,13:35,39.926697,32.857629
T0084,13:40,39.926702,32.857664
T0084,13:45,39.926681,32.857652
T0084,13:50,39.926655,32.857632
T0084,13:55,39.926649,32.857613
T0084,14:00,39.926646,32.857561
T0084,14:05,39.926657,32.857591
T0084,14:10,39.926665,32.857535
T0084,14:15,39.926709,32.857486
T0084,14:20,39.926744,32.857548
T0084,14:25,39.931074,32.861512
T0084,14:30,39.93932,32.869059
T0084,14:35,39.946743,32.875853
T0084,14:40,39.954763,32.883194
T0084,14:45,39.954763,32.883273
T0084,14:50,39.954754,32.883294
T0084,14:55,39.954755,32.883307
T0084,15:00,39.959175,32.874723
T0084,15:05,39.964136,32.865639
T0084,15:10,39.969625,32.85668
T0085,09:30,39.867542,32.876724
T0085,09:35,39.867575,32.876729
T0085,09:40,39.867608,32.876676
T0085,09:45,39.86758,32.876695
T0085,09:50,39.867639,32.8767
T0085,09:55,39.867611,32.876689
T0085,10:00,39.867601,32.87665
T0085,10:05,39.867637,32.876658
T0085,10:10,39.867653,32.876644
T0085,10:15,39.876687,32.892572
T0085,10:20,39.87669,32.892554
T0085,10:25,39.876695,32.892584
T0085,10:30,39.876668,32.892577
T0085,10:35,39.876674,32.892505
T0085,10:40,39.876716,32.892445
T0085,10:45,39.876722,32.892428
T0085,10:50,39.889001,32.907286
T0085,10:55,39.889016,32.907319
T0085,11:00,39.888984,32.907345
T0085,11:05,39.888984,32.90737
T0085,11:10,39.888964,32.90736
T0085,11:15,39.888956,32.907362
T0085,11:20,39.880348,32.920787
T0085,11:25,39.881142,32.91949
T0085,11:30,39.891613,32.902399
T0086,13:50,39.975489,32.868164
T0086,13:55,39.975479,32.868187
T0086,14:00,39.97544,32.86818
T0086,14:05,39.975382,32.868123
T0086,14:10,39.975364,32.868105
T0086,14:15,39.975414,32.868159
T0086,14:20,39.972761,32.845833
T0086,14:25,39.972789,32.845798
T0086,14:30,39.972783,32.845767
T0086,14:35,39.972753,32.845724
T0086,14:40,39.960951,32.826352
T0086,14:45,39.960951,32.826298
T0086,14:50,39.961027,32.826275
T0086,14:55,39.960998,32.826229
T0086,15:00,39.96097,32.826254
T0086,15:05,39.960989,32.826269
T0086,15:10,39.960945,32.826241
T0086,15:15,39.943871,32.832273
T0086,15:20,39.943893,32.832329
T0086,15:25,39.94391,32.832363
T0086,15:30,39.943961,32.832339
T0086,15:35,39.944035,32.832329
T0086,15:40,39.959568,32.827312
T0086,15:45,39.976745,32.821676
T0086,15:50,39.960963,32.820166
T0087,10:55,39.924595,32.864012
T0087,11:00,39.924564,32.864018
T0087,11:05,39.924508,32.86403
T0087,11:10,39.924449,32.864046
T0087,11:15,39.924475,32.864047
T0087,11:20,39.924483,32.864093
T0087,11:25,39.924476,32.864097
T0087,11:30,39.924504,32.864127
T0087,11:35,39.924491,32.86417
T0087,11:40,39.924476,32.864198
T0087,11:45,39.924462,32.864182
T0087,11:50,39.92446,32.864244
T0087,11:55,39.924441,32.864263
T0087,12:00,39.924467,32.864349
T0087,12:05,39.924458,32.864364
T0087,12:10,39.924432,32.864388
T0087,12:15,39.924425,32.864368
T0087,12:20,39.925795,32.870362
T0087,12:25,39.929595,32.886987
T0087,12:30,39.933764,32.905227
T0087,12:35,39.933759,32.905188
T0087,12:40,39.93377,32.905152
T0087,12:45,39.940754,32.887278
T0087,12:50,39.947833,32.866717
T0087,12:55,39.954396,32.845942
T0088,12:05,39.947774,32.768588
T0088,12:10,39.947835,32.768568
T0088,12:15,39.947817,32.768571
T0088,12:20,39.935461,32.786622
T0088,12:25,39.93549,32.786669
T0088,12:30,39.935493,32.786689
T0088,12:35,39.935475,32.786681
T0088,12:40,39.944146,32.766241
T0088,12:45,39.94411,32.766265
T0088,12:50,39.9441,32.766295
T0088,12:55,39.944104,32.766312
T0088,13:00,39.944147,32.766367
T0088,13:05,39.944164,32.76633
T0088,13:10,39.944173,32.766328
T0088,13:15,39.944161,32.766305
T0088,13:20,39.944161,32.766291
T0088,13:25,39.943266,32.796353
T0088,13:30,39.943264,32.796349
T0088,13:35,39.943315,32.796399
T0088,13:40,39.943334,32.796471
T0088,13:45,39.943292,32.796501
T0088,13:50,39.935221,32.768482
T0088,13:55,39.958035,32.782804
T0088,14:00,39.954587,32.789495
T0088,14:05,39.944117,32.809819
T0089,08:45,39.926792,32.901745
T0089,08:50,39.926772,32.901771
T0089,08:55,39.916759,32.905672
T0089,09:00,39.916782,32.905755
T0089,09:05,39.916793,32.90577
T0089,09:10,39.916778,32.905753
T0089,09:15,39.906647,32.909262
T0089,09:20,39.906651,32.90928
T0089,09:25,39.906633,32.909349
T0089,09:30,39.906623,32.909283
T0089,09:35,39.906621,32.909286
T0089,09:40,39.895355,32.896034
T0089,09:45,39.895374,32.896013
T0089,09:50,39.895365,32.89596
T0089,09:55,39.89533,32.89596
T0089,10:00,39.895345,32.895958
T0089,10:05,39.895348,32.895944
T0089,10:10,39.895331,32.89596
T0089,10:15,39.895381,32.895918
T0089,10:20,39.890888,32.878722
T0089,10:25,39.887327,32.864678
T0089,10:30,39.883701,32.847584
T0089,10:35,39.884209,32.847657
T0089,10:40,39.895202,32.849236
T0089,10:45,39.906391,32.850842
T0090,09:10,39.902871,32.786306
T0090,09:15,39.902886,32.786306
T0090,09:20,39.906361,32.809572
T0090,09:25,39.906349,32.809591
T0090,09:30,39.906348,32.809557
T0090,09:35,39.90633,32.809561
T0090,09:40,39.906293,32.809562
T0090,09:45,39.906263,32.809545
T0090,09:50,39.906284,32.809552
T0090,09:55,39.906304,32.809556
T0090,10:00,39.906323,32.809569
T0090,10:05,39.906039,32.834638
T0090,10:10,39.906011,32.834648
T0090,10:15,39.905974,32.834672
T0090,10:20,39.905975,32.834705
T0090,10:25,39.905991,32.834726
T0090,10:30,39.906003,32.834707
T0090,10:35,39.906011,32.83468
T0090,10:40,39.909167,32.814668
T0090,10:45,39.914017,32.791595
T0090,10:50,39.918191,32.764131
T0090,10:55,39.918178,32.764072
T0090,11:00,39.918162,32.764047
T0090,11:05,39.924414,32.78859
T0090,11:10,39.928375,32.812138
T0091,08:30,39.85836,32.825392
T0091,08:35,39.858341,32.825349
T0091,08:40,39.858392,32.825365
T0091,08:45,39.858384,32.82536
T0091,08:50,39.858404,32.825365
T0091,08:55,39.858414,32.825353
T0091,09:00,39.858366,32.825287
T0091,09:05,39.868642,32.834504
T0091,09:10,39.868639,32.834474
T0091,09:15,39.868608,32.834479
T0091,09:20,39.868578,32.834448
T0091,09:25,39.868605,32.834467
T0091,09:30,39.86858,32.834423
T0091,09:35,39.868544,32.834408
T0091,09:40,39.868511,32.834387
T0091,09:45,39.878628,32.847792
T0091,09:50,39.878602,32.847804
T0091,09:55,39.878635,32.847793
T0091,10:00,39.878657,32.847812
T0091,10:05,39.878646,32.847753
T0091,10:10,39.878659,32.847752
T0091,10:15,39.87862,32.84774
T0091,10:20,39.888278,32.864622
T0091,10:25,39.898029,32.88162
T0091,10:30,39.909467,32.867901
T0092,12:10,39.958696,32.839507
T0092,12:15,39.958704,32.839503
T0092,12:20,39.958732,32.839499
T0092,12:25,39.958726,32.83948
T0092,12:30,39.958748,32.839514
T0092,12:35,39.958705,32.839514
T0092,12:40,39.958177,32.862206
T0092,12:45,39.958172,32.862174
T0092,12:50,39.958204,32.86221
T0092,12:55,39.958243,32.862202
T0092,13:00,39.958245,32.862224
T0092,13:05,39.95826,32.862213
T0092,13:10,39.958252,32.862212
T0092,13:15,39.946717,32.883866
T0092,13:20,39.946714,32.883865
T0092,13:25,39.946711,32.883878
T0092,13:30,39.946719,32.883851
T0092,13:35,39.946719,32.883864
T0092,13:40,39.946704,32.88384
T0092,13:45,39.946697,32.883813
T0092,13:50,39.946697,32.883786
T0092,13:55,39.946703,32.883844
T0092,14:00,39.930985,32.903204
T0092,14:05,39.930869,32.902569
T0092,14:10,39.925172,32.87133
T0093,11:45,39.924485,32.846503
T0093,11:50,39.924443,32.84658
T0093,11:55,39.924433,32.846527
T0093,12:00,39.924395,32.846523
T0093,12:05,39.924418,32.846507
T0093,12:10,39.924426,32.846516
T0093,12:15,39.924405,32.846509
T0093,12:20,39.924394,32.846513
T0093,12:25,39.924419,32.846557
T0093,12:30,39.924467,32.846601
T0093,12:35,39.924468,32.846605
T0093,12:40,39.924488,32.8466
T0093,12:45,39.924519,32.846564
T0093,12:50,39.924518,32.846532
T0093,12:55,39.92453,32.846564
T0093,13:00,39.925119,32.845142
T0093,13:05,39.929068,32.835606
T0093,13:10,39.932745,32.826729
T0093,13:15,39.937054,32.816322
T0093,13:20,39.937046,32.816324
T0093,13:25,39.937057,32.816306
T0093,13:30,39.937011,32.816302
T0093,13:35,39.928278,32.811799
T0093,13:40,39.921163,32.80809
T0093,13:45,39.913352,32.803847
T0094,13:10,39.952879,32.835993
T0094,13:15,39.952872,32.835996
T0094,13:20,39.952903,32.835895
T0094,13:25,39.952896,32.835882
T0094,13:30,39.952921,32.835867
T0094,13:35,39.952955,32.835852
T0094,13:40,39.952963,32.835833
T0094,13:45,39.953012,32.83582
T0094,13:50,39.953017,32.835806
T0094,13:55,39.972755,32.832095
T0094,14:00,39.972751,32.83219
T0094,14:05,39.972717,32.832235
T0094,14:10,39.972732,32.832233
T0094,14:15,39.972697,32.83225
T0094,14:20,39.972696,32.832266
T0094,14:25,39.989477,32.834881
T0094,14:30,39.974179,32.842068
T0094,14:35,39.958992,32.853782
T0094,14:40,39.95897,32.853715
T0094,14:45,39.959015,32.853737
T0094,14:50,39.959005,32.853718
T0094,14:55,39.959007,32.853686
T0094,15:00,39.975543,32.853927
T0094,15:05,39.989668,32.852174
T0094,15:10,39.970415,32.856316
T0095,08:30,39.883013,32.919622
T0095,08:35,39.884222,32.903272
T0095,08:40,39.884233,32.903271
T0095,08:45,39.884229,32.90322
T0095,08:50,39.884197,32.903288
T0095,08:55,39.884169,32.903317
T0095,09:00,39.884122,32.903357
T0095,09:05,39.884147,32.903319
T0095,09:10,39.884157,32.903347
T0095,09:15,39.885316,32.887766
T0095,09:20,39.885308,32.887786
T0095,09:25,39.885282,32.88779
T0095,09:30,39.885304,32.887773
T0095,09:35,39.885271,32.887785
T0095,09:40,39.885316,32.887758
T0095,09:45,39.885322,32.887726
T0095,09:50,39.885315,32.887771
T0095,09:55,39.880928,32.908973
T0095,10:00,39.876677,32.925351
T0095,10:05,39.887008,32.914427
T0095,10:10,39.88702,32.914387
T0095,10:15,39.887001,32.914389
T0095,10:20,39.895286,32.896275
T0095,10:25,39.902188,32.883366
T0095,10:30,39.910219,32.867804
T0096,08:25,39.97778,32.896359
T0096,08:30,39.973314,32.880201
T0096,08:35,39.973297,32.880201
T0096,08:40,39.973346,32.880181
T0096,08:45,39.973328,32.88022
T0096,08:50,39.973312,32.880148
T0096,08:55,39.973301,32.880198
T0096,09:00,39.973314,32.88021
T0096,09:05,39.973339,32.880206
T0096,09:10,39.97332,32.880199
T0096,09:15,39.983854,32.889736
T0096,09:20,39.98388,32.889729
T0096,09:25,39.983919,32.889709
T0096,09:30,39.983881,32.889742
T0096,09:35,39.983874,32.889773
T0096,09:40,39.9839,32.88981
T0096,09:45,39.983879,32.889779
T0096,09:50,39.969267,32.88131
T0096,09:55,39.969329,32.881343
T0096,10:00,39.969336,32.881299
T0096,10:05,39.969306,32.881307
T0096,10:10,39.957703,32.88789
T0096,10:15,39.941602,32.898499
T0096,10:20,39.927286,32.904049
T0096,10:25,39.925157,32.884115
T0097,12:25,39.927555,32.859952
T0097,12:30,39.927611,32.860018
T0097,12:35,39.92761,32.860012
T0097,12:40,39.927563,32.860059
T0097,12:45,39.927573,32.860039
T0097,12:50,39.92757,32.860021
T0097,12:55,39.927593,32.860049
T0097,13:00,39.927617,32.860046
T0097,13:05,39.927587,32.860045
T0097,13:10,39.927604,32.860074
T0097,13:15,39.927573,32.860113
T0097,13:20,39.927576,32.860198
T0097,13:25,39.927565,32.860229
T0097,13:30,39.927591,32.860196
T0097,13:35,39.927589,32.860213
T0097,13:40,39.927602,32.860173
T0097,13:45,39.927627,32.860126
T0097,13:50,39.927589,32.860075
T0097,13:55,39.927591,32.860093
T0097,14:00,39.932966,32.866666
T0097,14:05,39.94793,32.884966
T0097,14:10,39.961098,32.901068
T0097,14:15,39.961081,32.901088
T0097,14:20,39.945293,32.904263
T0097,14:25,39.925641,32.903998
T0098,10:05,39.858896,32.847367
T0098,10:10,39.85889,32.847269
T0098,10:15,39.858893,32.847252
T0098,10:20,39.865387,32.835925
T0098,10:25,39.865376,32.835925
T0098,10:30,39.865361,32.835953
T0098,10:35,39.865339,32.835888
T0098,10:40,39.854322,32.841192
T0098,10:45,39.854299,32.841184
T0098,10:50,39.854273,32.841198
T0098,10:55,39.854284,32.841217
T0098,11:00,39.86657,32.832635
T0098,11:05,39.866587,32.832638
T0098,11:10,39.866581,32.832556
T0098,11:15,39.866579,32.832563
T0098,11:20,39.866623,32.832515
T0098,11:25,39.866566,32.832493
T0098,11:30,39.866595,32.832528
T0098,11:35,39.866599,32.832491
T0098,11:40,39.866599,32.832519
T0098,11:45,39.854194,32.824907
T0098,11:50,39.863767,32.813733
T0098,11:55,39.875206,32.801816
T0098,12:00,39.881929,32.809204
T0098,12:05,39.891865,32.820122
T0099,10:05,39.929754,32.778046
T0099,10:10,39.929797,32.778027
T0099,10:15,39.929787,32.777986
T0099,10:20,39.929711,32.777972
T0099,10:25,39.929729,32.777979
T0099,10:30,39.917983,32.798966
T0099,10:35,39.917989,32.798997
T0099,10:40,39.918012,32.798999
T0099,10:45,39.918006,32.799042
T0099,10:50,39.917217,32.77262
T0099,10:55,39.917225,32.772609
T0099,11:00,39.91725,32.772638
T0099,11:05,39.917233,32.772625
T0099,11:10,39.917207,32.772638
T0099,11:15,39.917173,32.772652
T0099,11:20,39.903242,32.791425
T0099,11:25,39.903229,32.791358
T0099,11:30,39.903196,32.791375
T0099,11:35,39.903183,32.791386
T0099,11:40,39.903187,32.791313
T0099,11:45,39.892297,32.77402
T0099,11:50,39.892293,32.774058
T0099,11:55,39.89226,32.774046
T0099,12:00,39.891046,32.797495
T0099,12:05,39.890896,32.81935
T0100,11:05,39.977757,32.86621
T0100,11:10,39.97779,32.86622
T0100,11:15,39.97782,32.866203
T0100,11:20,39.988486,32.870077
T0100,11:25,39.988453,32.870109
T0100,11:30,39.988433,32.870137
T0100,11:35,39.988401,32.870138
T0100,11:40,39.98841,32.870136
T0100,11:45,39.988417,32.870101
T0100,11:50,39.988426,32.870081
T0100,11:55,39.988421,32.870066
T0100,12:00,39.985095,32.884082
T0100,12:05,39.985129,32.884032
T0100,12:10,39.985134,32.884
T0100,12:15,39.985199,32.884022
T0100,12:20,39.985232,32.884059
T0100,12:25,39.985219,32.88408
T0100,12:30,39.985242,32.884057
T0100,12:35,39.985213,32.884115
T0100,12:40,39.979927,32.894147
T0100,12:45,39.974642,32.903401
T0100,12:50,39.968663,32.914055
T0100,12:55,39.964639,32.908813
T0100,13:00,39.956913,32.898747
T0100,13:05,39.950282,32.89011
T0101,13:05,39.903947,32.908919
T0101,13:10,39.903946,32.908914
T0101,13:15,39.903984,32.908895
T0101,13:20,39.903954,32.908861
T0101,13:25,39.903921,32.908795
T0101,13:30,39.903928,32.90883
T0101,13:35,39.916005,32.90448
T0101,13:40,39.915957,32.904468
T0101,13:45,39.915942,32.90451
T0101,13:50,39.915906,32.904521
T0101,13:55,39.91593,32.904481
T0101,14:00,39.915974,32.904503
T0101,14:05,39.927726,32.895572
T0101,14:10,39.927697,32.895591
T0101,14:15,39.927685,32.895653
T0101,14:20,39.927672,32.895664
T0101,14:25,39.927713,32.89566
T0101,14:30,39.927729,32.895638
T0101,14:35,39.927775,32.895655
T0101,14:40,39.926116,32.879401
T0101,14:45,39.925206,32.860866
T0101,14:50,39.925194,32.860866
T0101,14:55,39.925228,32.860855
T0101,15:00,39.930918,32.844605
T0101,15:05,39.934786,32.826339
T0102,08:30,39.894557,32.922399
T0102,08:35,39.894559,32.922385
T0102,08:40,39.89452,32.922365
T0102,08:45,39.894489,32.922353
T0102,08:50,39.894495,32.922282
T0102,08:55,39.89447,32.922307
T0102,09:00,39.894461,32.922307
T0102,09:05,39.894473,32.922283
T0102,09:10,39.895258,32.93994
T0102,09:15,39.895249,32.939929
T0102,09:20,39.895234,32.939914
T0102,09:25,39.895217,32.93988
T0102,09:30,39.895317,32.939891
T0102,09:35,39.895321,32.939896
T0102,09:40,39.895336,32.939906
T0102,09:45,39.89533,32.939942
T0102,09:50,39.895531,32.923331
T0102,09:55,39.896835,32.909062
T0102,10:00,39.897216,32.89088
T0102,10:05,39.897198,32.89091
T0102,10:10,39.897163,32.890903
T0102,10:15,39.897197,32.890878
T0102,10:20,39.897176,32.890922
T0102,10:25,39.902925,32.879305
T0102,10:30,39.909675,32.867505
T0103,12:35,39.931321,32.858325
T0103,12:40,39.931351,32.858321
T0103,12:45,39.931377,32.858352
T0103,12:50,39.931399,32.858386
T0103,12:55,39.931394,32.858383
T0103,13:00,39.931391,32.858323
T0103,13:05,39.931333,32.85837
T0103,13:10,39.931338,32.858332
T0103,13:15,39.931318,32.858331
T0103,13:20,39.931284,32.858339
T0103,13:25,39.931282,32.858327
T0103,13:30,39.931273,32.858302
T0103,13:35,39.931262,32.858256
T0103,13:40,39.931249,32.858295
T0103,13:45,39.931215,32.858307
T0103,13:50,39.931177,32.858303
T0103,13:55,39.931233,32.858281
T0103,14:00,39.931236,32.858254
T0103,14:05,39.931244,32.858295
T0103,14:10,39.931262,32.858307
T0103,14:15,39.943174,32.864941
T0103,14:20,39.961661,32.875238
T0103,14:25,39.961664,32.875289
T0103,14:30,39.961698,32.875326
T0103,14:35,39.952507,32.902502
T0104,09:10,39.89897,32.803413
T0104,09:15,39.898941,32.80341
T0104,09:20,39.883112,32.780276
T0104,09:25,39.883127,32.780251
T0104,09:30,39.883118,32.780305
T0104,09:35,39.883083,32.780377
T0104,09:40,39.883054,32.780417
T0104,09:45,39.90083,32.784008
T0104,09:50,39.900831,32.784024
T0104,09:55,39.900833,32.783983
T0104,10:00,39.900815,32.783978
T0104,10:05,39.900817,32.783979
T0104,10:10,39.900858,32.783946
T0104,10:15,39.900896,32.78399
T0104,10:20,39.900877,32.783986
T0104,10:25,39.921424,32.784571
T0104,10:30,39.921429,32.784603
T0104,10:35,39.921446,32.784632
T0104,10:40,39.921473,32.784691
T0104,10:45,39.921518,32.784666
T0104,10:50,39.921538,32.784656
T0104,10:55,39.916866,32.762916
T0104,11:00,39.9351,32.769426
T0104,11:05,39.933318,32.780668
T0104,11:10,39.928342,32.812052
T0105,12:05,39.861083,32.807727
T0105,12:10,39.861046,32.807639
T0105,12:15,39.861028,32.807653
T0105,12:20,39.861042,32.8077
T0105,12:25,39.861032,32.807743
T0105,12:30,39.861015,32.807757
T0105,12:35,39.861003,32.80772
T0105,12:40,39.861041,32.807734
T0105,12:45,39.872359,32.788475
T0105,12:50,39.872364,32.788484
T0105,12:55,39.872312,32.788464
T0105,13:00,39.872347,32.788509
T0105,13:05,39.87238,32.788485
T0105,13:10,39.872352,32.788529
T0105,13:15,39.884507,32.775763
T0105,13:20,39.88454,32.775805
T0105,13:25,39.884561,32.775812
T0105,13:30,39.884589,32.775776
T0105,13:35,39.884543,32.775731
T0105,13:40,39.899099,32.781923
T0105,13:45,39.916541,32.787861
T0105,13:50,39.91652,32.787923
T0105,13:55,39.916552,32.787952
T0105,14:00,39.930758,32.797007
T0105,14:05,39.94449,32.807747
T0106,11:45,39.912626,32.767601
T0106,11:50,39.912601,32.767637
T0106,11:55,39.912586,32.767639
T0106,12:00,39.912591,32.76764
T0106,12:05,39.912593,32.767619
T0106,12:10,39.912615,32.76754
T0106,12:15,39.910754,32.780088
T0106,12:20,39.910758,32.780107
T0106,12:25,39.910801,32.780044
T0106,12:30,39.910791,32.78008
T0106,12:35,39.910782,32.780091
T0106,12:40,39.910784,32.780118
T0106,12:45,39.910744,32.780129
T0106,12:50,39.916744,32.767771
T0106,12:55,39.916756,32.767774
T0106,13:00,39.916794,32.767742
T0106,13:05,39.916814,32.767762
T0106,13:10,39.916786,32.767764
T0106,13:15,39.916786,32.767749
T0106,13:20,39.916829,32.767773
T0106,13:25,39.916841,32.767764
T0106,13:30,39.908112,32.77232
T0106,13:35,39.908953,32.777264
T0106,13:40,39.911108,32.789941
T0106,13:45,39.913215,32.802332
T0107,13:20,39.880967,32.851885
T0107,13:25,39.880987,32.85192
T0107,13:30,39.88097,32.851914
T0107,13:35,39.892492,32.859391
T0107,13:40,39.892467,32.859452
T0107,13:45,39.892474,32.859436
T0107,13:50,39.89245,32.859438
T0107,13:55,39.894875,32.844982
T0107,14:00,39.894837,32.845034
T0107,14:05,39.894832,32.844975
T0107,14:10,39.894799,32.844982
T0107,14:15,39.894806,32.845011
T0107,14:20,39.894772,32.844995
T0107,14:25,39.894824,32.844979
T0107,14:30,39.89485,32.845027
T0107,14:35,39.886003,32.842169
T0107,14:40,39.875838,32.836313
T0107,14:45,39.864145,32.830402
T0107,14:50,39.864102,32.830433
T0107,14:55,39.86406,32.830406
T0107,15:00,39.864073,32.830405
T0107,15:05,39.864062,32.830366
T0107,15:10,39.873806,32.829324
T0107,15:15,39.885658,32.829472
T0107,15:20,39.895913,32.828656
T0108,09:00,39.912313,32.837477
T0108,09:05,39.912282,32.837428
T0108,09:10,39.9123,32.837414
T0108,09:15,39.912285,32.837411
T0108,09:20,39.912259,32.837448
T0108,09:25,39.912281,32.837454
T0108,09:30,39.912306,32.837412
T0108,09:35,39.912256,32.837473
T0108,09:40,39.912251,32.837438
T0108,09:45,39.91226,32.837446
T0108,09:50,39.912289,32.837489
T0108,09:55,39.91228,32.837499
T0108,10:00,39.912276,32.83756
T0108,10:05,39.912237,32.837565
T0108,10:10,39.912262,32.837565
T0108,10:15,39.912247,32.837661
T0108,10:20,39.912214,32.837672
T0108,10:25,39.912189,32.837652
T0108,10:30,39.912174,32.837629
T0108,10:35,39.912158,32.837557
T0108,10:40,39.912162,32.837559
T0108,10:45,39.912186,32.83754
T0108,10:50,39.9122,32.837549
T0108,10:55,39.912181,32.837522
T0108,11:00,39.912191,32.837544
T0109,08:30,39.87305,32.80299
T0109,08:35,39.873041,32.802957
T0109,08:40,39.873116,32.802975
T0109,08:45,39.873113,32.803009
T0109,08:50,39.873113,32.803052
T0109,08:55,39.882046,32.827896
T0109,09:00,39.881998,32.827966
T0109,09:05,39.881933,32.827994
T0109,09:10,39.881928,32.827928
T0109,09:15,39.881895,32.827957
T0109,09:20,39.881904,32.827982
T0109,09:25,39.881901,32.827948
T0109,09:30,39.881901,32.827988
T0109,09:35,39.881883,32.827994
T0109,09:40,39.892048,32.85591
T0109,09:45,39.892083,32.855895
T0109,09:50,39.892046,32.855904
T0109,09:55,39.892001,32.855912
T0109,10:00,39.891994,32.855973
T0109,10:05,39.891999,32.855952
T0109,10:10,39.891938,32.855907
T0109,10:15,39.891952,32.855853
T0109,10:20,39.891984,32.855828
T0109,10:25,39.898761,32.882398
T0109,10:30,39.909987,32.868128
T0110,10:05,39.916085,32.854197
T0110,10:10,39.916068,32.854182
T0110,10:15,39.916091,32.854125
T0110,10:20,39.916093,32.854116
T0110,10:25,39.916058,32.853997
T0110,10:30,39.916063,32.853973
T0110,10:35,39.916034,32.853972
T0110,10:40,39.915985,32.853972
T0110,10:45,39.915969,32.853979
T0110,10:50,39.915973,32.854014
T0110,10:55,39.916006,32.853982
T0110,11:00,39.915997,32.854036
T0110,11:05,39.916008,32.854033
T0110,11:10,39.916004,32.854098
T0110,11:15,39.916013,32.854089
T0110,11:20,39.916041,32.854055
T0110,11:25,39.915975,32.854067
T0110,11:30,39.912018,32.854746
T0110,11:35,39.892005,32.858181
T0110,11:40,39.874869,32.861122
T0110,11:45,39.874896,32.861103
T0110,11:50,39.874904,32.861066
T0110,11:55,39.874896,32.861046
T0110,12:00,39.882999,32.83694
T0110,12:05,39.891182,32.818102
T0111,10:10,39.962183,32.834523
T0111,10:15,39.962148,32.834498
T0111,10:20,39.96217,32.834567
T0111,10:25,39.962184,32.834562
T0111,10:30,39.962235,32.834537
T0111,10:35,39.964024,32.858873
T0111,10:40,39.964031,32.858841
T0111,10:45,39.964033,32.858795
T0111,10:50,39.964033,32.858713
T0111,10:55,39.964016,32.858702
T0111,11:00,39.964032,32.858711
T0111,11:05,39.983086,32.855473
T0111,11:10,39.983069,32.855525
T0111,11:15,39.983057,32.855521
T0111,11:20,39.983094,32.855558
T0111,11:25,39.983086,32.855554
T0111,11:30,39.968914,32.862761
T0111,11:35,39.955613,32.868765
T0111,11:40,39.941859,32.876511
T0111,11:45,39.941866,32.876488
T0111,11:50,39.941832,32.876533
T0111,11:55,39.941849,32.876508
T0111,12:00,39.926342,32.869591
T0111,12:05,39.911539,32.864937
T0111,12:10,39.897353,32.858247
T0112,09:10,39.976183,32.809734
T0112,09:15,39.976212,32.809733
T0112,09:20,39.976214,32.809752
T0112,09:25,39.976231,32.809737
T0112,09:30,39.967444,32.816369
T0112,09:35,39.967465,32.816394
T0112,09:40,39.967451,32.81641
T0112,09:45,39.967484,32.816431
T0112,09:50,39.975493,32.809182
T0112,09:55,39.975461,32.809138
T0112,10:00,39.975438,32.809166
T0112,10:05,39.97543,32.80919
T0112,10:10,39.975461,32.80922
T0112,10:15,39.975452,32.809235
T0112,10:20,39.975469,32.809225
T0112,10:25,39.965374,32.812868
T0112,10:30,39.96536,32.81287
T0112,10:35,39.965314,32.812902
T0112,10:40,39.96533,32.81291
T0112,10:45,39.965373,32.812902
T0112,10:50,39.953228,32.80476
T0112,10:55,39.94184,32.798141
T0112,11:00,39.93162,32.791354
T0112,11:05,39.930607,32.797748
T0112,11:10,39.928348,32.811998
T0113,10:05,39.90976,32.778597
T0113,10:10,39.909753,32.778587
T0113,10:15,39.909731,32.778532
T0113,10:20,39.909696,32.778522
T0113,10:25,39.909707,32.77855
T0113,10:30,39.906097,32.763804
T0113,10:35,39.906092,32.763803
T0113,10:40,39.906126,32.763801
T0113,10:45,39.906122,32.763865
T0113,10:50,39.901049,32.775596
T0113,10:55,39.901036,32.775648
T0113,11:00,39.901076,32.775643
T0113,11:05,39.901056,32.775584
T0113,11:10,39.901821,32.793524
T0113,11:15,39.901786,32.793483
T0113,11:20,39.901774,32.793476
T0113,11:25,39.901799,32.793466
T0113,11:30,39.901806,32.793487
T0113,11:35,39.898682,32.774937
T0113,11:40,39.901376,32.789368
T0113,11:45,39.901341,32.789377
T0113,11:50,39.901322,32.789402
T0113,11:55,39.901351,32.789378
T0113,12:00,39.896238,32.806073
T0113,12:05,39.891754,32.820034
T0114,12:05,39.944361,32.809743
T0114,12:10,39.944361,32.809779
T0114,12:15,39.944324,32.809755
T0114,12:20,39.944313,32.809778
T0114,12:25,39.944302,32.809755
T0114,12:30,39.944233,32.809759
T0114,12:35,39.944241,32.809768
T0114,12:40,39.944293,32.809821
T0114,12:45,39.944272,32.809848
T0114,12:50,39.944304,32.809819
T0114,12:55,39.944318,32.80979
T0114,13:00,39.944325,32.809773
T0114,13:05,39.944325,32.809754
T0114,13:10,39.944327,32.809744
T0114,13:15,39.944326,32.809769
T0114,13:20,39.944296,32.80975
T0114,13:25,39.944299,32.809669
T0114,13:30,39.944273,32.809663
T0114,13:35,39.944274,32.80968
T0114,13:40,39.944308,32.809715
T0114,13:45,39.944324,32.809732
T0114,13:50,39.944293,32.809672
T0114,13:55,39.944317,32.80968
T0114,14:00,39.944314,32.809689
T0114,14:05,39.944367,32.809661
T0115,11:25,39.937663,32.848798
T0115,11:30,39.937643,32.848786
T0115,11:35,39.937646,32.848789
T0115,11:40,39.937635,32.848787
T0115,11:45,39.937638,32.848734
T0115,11:50,39.937624,32.848774
T0115,11:55,39.937611,32.848798
T0115,12:00,39.937627,32.848762
T0115,12:05,39.937584,32.848775
T0115,12:10,39.937604,32.848807
T0115,12:15,39.937552,32.848854
T0115,12:20,39.937538,32.848907
T0115,12:25,39.937505,32.848924
T0115,12:30,39.937514,32.848928
T0115,12:35,39.937509,32.848914
T0115,12:40,39.937483,32.848938
T0115,12:45,39.937532,32.848922
T0115,12:50,39.937534,32.848909
T0115,12:55,39.937482,32.848953
T0115,13:00,39.937468,32.848916
T0115,13:05,39.937443,32.848937
T0115,13:10,39.937432,32.848911
T0115,13:15,39.937415,32.848911
T0115,13:20,39.937402,32.848989
T0115,13:25,39.937401,32.849032
T0116,11:05,39.884218,32.874952
T0116,11:10,39.884186,32.874985
T0116,11:15,39.884225,32.874984
T0116,11:20,39.884212,32.874921
T0116,11:25,39.867231,32.883991
T0116,11:30,39.867219,32.883952
T0116,11:35,39.867247,32.884019
T0116,11:40,39.867226,32.884055
T0116,11:45,39.867236,32.88409
T0116,11:50,39.867226,32.884113
T0116,11:55,39.867196,32.88413
T0116,12:00,39.867183,32.884136
T0116,12:05,39.883764,32.885311
T0116,12:10,39.88378,32.885285
T0116,12:15,39.883774,32.88535
T0116,12:20,39.883776,32.885266
T0116,12:25,39.883759,32.88527
T0116,12:30,39.899217,32.893312
T0116,12:35,39.917747,32.898263
T0116,12:40,39.917739,32.898184
T0116,12:45,39.917757,32.89819
T0116,12:50,39.917771,32.898123
T0116,12:55,39.917783,32.898087
T0116,13:00,39.933984,32.893143
T0116,13:05,39.950538,32.890048
T0117,08:25,39.925172,32.88423
T0117,08:30,39.925173,32.884259
T0117,08:35,39.925167,32.884309
T0117,08:40,39.925147,32.884288
T0117,08:45,39.925137,32.884239
T0117,08:50,39.925151,32.884289
T0117,08:55,39.925195,32.884241
T0117,09:00,39.925205,32.88423
T0117,09:05,39.925162,32.88421
T0117,09:10,39.925192,32.884229
T0117,09:15,39.925205,32.884186
T0117,09:20,39.925193,32.884225
T0117,09:25,39.925211,32.884249
T0117,09:30,39.925206,32.884198
T0117,09:35,39.92519,32.884213
T0117,09:40,39.925187,32.884238
T0117,09:45,39.925191,32.884193
T0117,09:50,39.925167,32.884213
T0117,09:55,39.925136,32.884178
T0117,10:00,39.925153,32.884116
T0117,10:05,39.925157,32.88409
T0117,10:10,39.925125,32.884085
T0117,10:15,39.925115,32.884065
T0117,10:20,39.925141,32.884028
T0117,10:25,39.925158,32.884064
T0118,09:15,39.908763,32.762025
T0118,09:20,39.9087,32.762058
T0118,09:25,39.908712,32.762057
T0118,09:30,39.908723,32.762015
T0118,09:35,39.917679,32.786911
T0118,09:40,39.917708,32.786898
T0118,09:45,39.917691,32.786819
T0118,09:50,39.917716,32.786834
T0118,09:55,39.917758,32.786822
T0118,10:00,39.917718,32.78675
T0118,10:05,39.929992,32.763952
T0118,10:10,39.929527,32.769028
T0118,10:15,39.926915,32.797584
T0118,10:20,39.924654,32.822301
T0118,10:25,39.924665,32.822283
T0118,10:30,39.924672,32.822252
T0118,10:35,39.924682,32.822223
T0118,10:40,39.924637,32.822211
T0118,10:45,39.924674,32.822261
T0118,10:50,39.924632,32.822232
T0118,10:55,39.924621,32.822217
T0118,11:00,39.924629,32.82222
T0118,11:05,39.924594,32.822309
T0118,11:10,39.924609,32.82232
T0118,11:15,39.924631,32.822304
T0119,08:10,39.959848,32.814543
T0119,08:15,39.959824,32.814572
T0119,08:20,39.959824,32.814616
T0119,08:25,39.959858,32.814628
T0119,08:30,39.959842,32.81465
T0119,08:35,39.959829,32.814641
T0119,08:40,39.971969,32.804383
T0119,08:45,39.971949,32.804443
T0119,08:50,39.971958,32.804388
T0119,08:55,39.971943,32.804385
T0119,09:00,39.971963,32.804378
T0119,09:05,39.971958,32.804391
T0119,09:10,39.971917,32.804417
T0119,09:15,39.96171,32.81806
T0119,09:20,39.961761,32.818015
T0119,09:25,39.961764,32.818008
T0119,09:30,39.961797,32.817955
T0119,09:35,39.969398,32.802889
T0119,09:40,39.961238,32.815274
T0119,09:45,39.953058,32.828791
T0119,09:50,39.953046,32.828801
T0119,09:55,39.953001,32.828744
T0119,10:00,39.948171,32.843128
T0119,10:05,39.945271,32.856541
T0119,10:10,39.940743,32.87247
T0120,09:10,39.927816,32.812187
T0120,09:15,39.927788,32.812197
T0120,09:20,39.927781,32.812209
T0120,09:25,39.927805,32.81222
T0120,09:30,39.927823,32.812183
T0120,09:35,39.943176,32.822111
T0120,09:40,39.953261,32.845763
T0120,09:45,39.949043,32.874824
T0120,09:50,39.949041,32.874792
T0120,09:55,39.949046,32.874832
T0120,10:00,39.953636,32.849383
T0120,10:05,39.945757,32.825493
T0120,10:10,39.929747,32.812735
T0120,10:15,39.929715,32.812733
T0120,10:20,39.929711,32.81273
T0120,10:25,39.929682,32.81272
T0120,10:30,39.946523,32.826678
T0120,10:35,39.953703,32.855452
T0120,10:40,39.947487,32.87783
T0120,10:45,39.947423,32.8779
T0120,10:50,39.947436,32.877869
T0120,10:55,39.947471,32.877916
T0120,11:00,39.953782,32.853206
T0120,11:05,39.946645,32.826819
T0120,11:10,39.927673,32.81211
T0121,13:05,39.979566,32.805024
T0121,13:10,39.979577,32.80494
T0121,13:15,39.979621,32.804998
T0121,13:20,39.979652,32.804946
T0121,13:25,39.979701,32.804892
T0121,13:30,39.979701,32.804843
T0121,13:35,39.979694,32.804844
T0121,13:40,39.964995,32.812373
T0121,13:45,39.964987,32.812416
T0121,13:50,39.965005,32.812444
T0121,13:55,39.965,32.812484
T0121,14:00,39.964973,32.81245
T0121,14:05,39.965013,32.812451
T0121,14:10,39.964996,32.812527
T0121,14:15,39.955456,32.820803
T0121,14:20,39.955451,32.820771
T0121,14:25,39.955486,32.820735
T0121,14:30,39.955498,32.820696
T0121,14:35,39.955571,32.820712
T0121,14:40,39.955575,32.820715
T0121,14:45,39.955557,32.820704
T0121,14:50,39.955575,32.820724
T0121,14:55,39.955596,32.820721
T0121,15:00,39.94164,32.811312
T0121,15:05,39.9345,32.826366
T0122,12:10,39.975093,32.860747
T0122,12:15,39.975064,32.86073
T0122,12:20,39.975061,32.860773
T0122,12:25,39.975005,32.860782
T0122,12:30,39.974997,32.860733
T0122,12:35,39.97503,32.860746
T0122,12:40,39.975031,32.860792
T0122,12:45,39.975044,32.860786
T0122,12:50,39.97504,32.860735
T0122,12:55,39.966753,32.879371
T0122,13:00,39.966761,32.879354
T0122,13:05,39.966724,32.879343
T0122,13:10,39.966759,32.87935
T0122,13:15,39.95228,32.903139
T0122,13:20,39.952257,32.903223
T0122,13:25,39.952295,32.90325
T0122,13:30,39.952264,32.903271
T0122,13:35,39.952246,32.903291
T0122,13:40,39.952204,32.903265
T0122,13:45,39.952205,32.903195
T0122,13:50,39.952194,32.903144
T0122,13:55,39.952198,32.90312
T0122,14:00,39.933097,32.913908
T0122,14:05,39.930496,32.899849
T0122,14:10,39.925313,32.871833
T0123,11:45,39.884924,32.895075
T0123,11:50,39.884889,32.89511
T0123,11:55,39.884889,32.89512
T0123,12:00,39.90392,32.908003
T0123,12:05,39.903918,32.908025
T0123,12:10,39.903927,32.908056
T0123,12:15,39.903937,32.908081
T0123,12:20,39.903933,32.908109
T0123,12:25,39.903977,32.908067
T0123,12:30,39.904033,32.908048
T0123,12:35,39.904043,32.908091
T0123,12:40,39.904057,32.908078
T0123,12:45,39.895983,32.928469
T0123,12:50,39.895993,32.928428
T0123,12:55,39.89597,32.92845
T0123,13:00,39.895934,32.928425
T0123,13:05,39.891508,32.900851
T0123,13:10,39.886726,32.870071
T0123,13:15,39.886723,32.87003
T0123,13:20,39.886732,32.870091
T0123,13:25,39.886738,32.870127
T0123,13:30,39.886811,32.870093
T0123,13:35,39.893563,32.849563
T0123,13:40,39.903237,32.825642
T0123,13:45,39.912978,32.802269
T0124,11:00,39.908216,32.784498
T0124,11:05,39.906233,32.763956
T0124,11:10,39.906161,32.763943
T0124,11:15,39.906184,32.763923
T0124,11:20,39.906166,32.763932
T0124,11:25,39.895919,32.782499
T0124,11:30,39.895912,32.782526
T0124,11:35,39.895898,32.782509
T0124,11:40,39.895851,32.782568
T0124,11:45,39.895829,32.782574
T0124,11:50,39.895821,32.782548
T0124,11:55,39.896049,32.805573
T0124,12:00,39.896063,32.805561
T0124,12:05,39.896091,32.805564
T0124,12:10,39.896093,32.805509
T0124,12:15,39.896206,32.83063
T0124,12:20,39.896201,32.830689
T0124,12:25,39.896209,32.8307
T0124,12:30,39.896239,32.830716
T0124,12:35,39.881595,32.83427
T0124,12:40,39.864435,32.837865
T0124,12:45,39.851244,32.840164
T0124,12:50,39.854508,32.840761
T0124,12:55,39.871315,32.843831
T0124,13:00,39.890674,32.847367
T0125,13:05,39.895299,32.822634
T0125,13:10,39.895262,32.822627
T0125,13:15,39.895229,32.822646
T0125,13:20,39.895219,32.822676
T0125,13:25,39.895203,32.822683
T0125,13:30,39.875136,32.823467
T0125,13:35,39.875157,32.823556
T0125,13:40,39.875137,32.823557
T0125,13:45,39.875089,32.823541
T0125,13:50,39.875097,32.823548
T0125,13:55,39.875088,32.823597
T0125,14:00,39.892903,32.822646
T0125,14:05,39.892877,32.822677
T0125,14:10,39.892844,32.82275
T0125,14:15,39.892794,32.822753
T0125,14:20,39.906992,32.84212
T0125,14:25,39.89044,32.830446
T0125,14:30,39.870538,32.814186
T0125,14:35,39.870538,32.814187
T0125,14:40,39.870505,32.814193
T0125,14:45,39.870493,32.814208
T0125,14:50,39.870536,32.814243
T0125,14:55,39.893713,32.820324
T0125,15:00,39.910999,32.822176
T0125,15:05,39.933959,32.826391
T0126,12:35,39.953078,32.902375
T0126,12:40,39.953044,32.902378
T0126,12:45,39.953057,32.902416
T0126,12:50,39.953074,32.902442
T0126,12:55,39.953106,32.90241
T0126,13:00,39.953147,32.902344
T0126,13:05,39.953148,32.902386
T0126,13:10,39.953115,32.902388
T0126,13:15,39.95316,32.902414
T0126,13:20,39.953185,32.902426
T0126,13:25,39.953157,32.902389
T0126,13:30,39.953137,32.902385
T0126,13:35,39.953121,32.902377
T0126,13:40,39.953088,32.902396
T0126,13:45,39.953045,32.902447
T0126,13:50,39.953029,32.902447
T0126,13:55,39.953032,32.902495
T0126,14:00,39.953071,32.902524
T0126,14:05,39.953106,32.902481
T0126,14:10,39.953111,32.902526
T0126,14:15,39.953123,32.902488
T0126,14:20,39.953151,32.902523
T0126,14:25,39.953144,32.90257
T0126,14:30,39.953124,32.902616
T0126,14:35,39.953118,32.902613
T0127,12:10,39.882677,32.78321
T0127,12:15,39.882694,32.783211
T0127,12:20,39.891316,32.8051
T0127,12:25,39.891323,32.805151
T0127,12:30,39.891323,32.80514
T0127,12:35,39.891355,32.80509
T0127,12:40,39.889903,32.783525
T0127,12:45,39.889908,32.78353
T0127,12:50,39.889903,32.783485
T0127,12:55,39.889948,32.783508
T0127,13:00,39.889965,32.783561
T0127,13:05,39.889956,32.783529
T0127,13:10,39.889548,32.805146
T0127,13:15,39.889507,32.805134
T0127,13:20,39.889443,32.80514
T0127,13:25,39.889442,32.805172
T0127,13:30,39.889439,32.805235
T0127,13:35,39.88944,32.805231
T0127,13:40,39.895494,32.822578
T0127,13:45,39.90323,32.844802
T0127,13:50,39.903239,32.844792
T0127,13:55,39.903271,32.844805
T0127,14:00,39.903253,32.84486
T0127,14:05,39.912712,32.857385
T0127,14:10,39.925466,32.87128
T0128,12:20,39.894434,32.874562
T0128,12:25,39.89448,32.874575
T0128,12:30,39.894436,32.874503
T0128,12:35,39.894462,32.874512
T0128,12:40,39.89445,32.874577
T0128,12:45,39.894491,32.874579
T0128,12:50,39.894524,32.874588
T0128,12:55,39.894517,32.874587
T0128,13:00,39.894509,32.874591
T0128,13:05,39.894528,32.874586
T0128,13:10,39.894525,32.874544
T0128,13:15,39.894567,32.874585
T0128,13:20,39.894596,32.87459
T0128,13:25,39.894619,32.874556
T0128,13:30,39.894623,32.874497
T0128,13:35,39.894585,32.874443
T0128,13:40,39.894604,32.874343
T0128,13:45,39.894647,32.87434
T0128,13:50,39.894606,32.874287
T0128,13:55,39.894618,32.87424
T0128,14:00,39.894648,32.874225
T0128,14:05,39.894675,32.874264
T0128,14:10,39.894708,32.874237
T0128,14:15,39.89471,32.874231
T0128,14:20,39.894723,32.874272
T0129,12:00,39.926537,32.855299
T0129,12:05,39.926564,32.855278
T0129,12:10,39.926525,32.855245
T0129,12:15,39.926526,32.855303
T0129,12:20,39.926515,32.855274
T0129,12:25,39.926459,32.855298
T0129,12:30,39.926474,32.855304
T0129,12:35,39.926488,32.855313
T0129,12:40,39.926474,32.855308
T0129,12:45,39.926506,32.855326
T0129,12:50,39.926495,32.85536
T0129,12:55,39.926529,32.855365
T0129,13:00,39.926527,32.855367
T0129,13:05,39.926542,32.855362
T0129,13:10,39.926493,32.855389
T0129,13:15,39.926532,32.855363
T0129,13:20,39.92651,32.855339
T0129,13:25,39.926541,32.855302
T0129,13:30,39.926563,32.855281
T0129,13:35,39.926614,32.855247
T0129,13:40,39.929275,32.856467
T0129,13:45,39.942475,32.862515
T0129,13:50,39.956834,32.869095
T0129,13:55,39.956831,32.869099
T0129,14:00,39.96127,32.847516
T0130,13:00,39.943157,32.882044
T0130,13:05,39.943174,32.882083
T0130,13:10,39.943195,32.882083
T0130,13:15,39.94319,32.882103
T0130,13:20,39.943191,32.882111
T0130,13:25,39.943208,32.88214
T0130,13:30,39.943194,32.882118
T0130,13:35,39.943198,32.882149
T0130,13:40,39.943171,32.882129
T0130,13:45,39.943199,32.882142
T0130,13:50,39.943174,32.882141
T0130,13:55,39.943188,32.882138
T0130,14:00,39.943177,32.882162
T0130,14:05,39.94317,32.882141
T0130,14:10,39.943165,32.882137
T0130,14:15,39.943198,32.882148
T0130,14:20,39.943221,32.882169
T0130,14:25,39.943212,32.882125
T0130,14:30,39.943221,32.882158
T0130,14:35,39.943197,32.882166
T0130,14:40,39.943218,32.882152
T0130,14:45,39.943244,32.882187
T0130,14:50,39.943218,32.882184
T0130,14:55,39.943204,32.882244
T0130,15:00,39.943158,32.882246
T0131,13:15,39.921043,32.84069
T0131,13:20,39.921033,32.840728
T0131,13:25,39.921051,32.840709
T0131,13:30,39.921058,32.840687
T0131,13:35,39.903919,32.832335
T0131,13:40,39.903931,32.832287
T0131,13:45,39.903951,32.832276
T0131,13:50,39.903937,32.83226
T0131,13:55,39.903931,32.832237
T0131,14:00,39.903964,32.832226
T0131,14:05,39.903934,32.832246
T0131,14:10,39.880945,32.844233
T0131,14:15,39.880918,32.844205
T0131,14:20,39.880928,32.84413
T0131,14:25,39.8809,32.844123
T0131,14:30,39.880915,32.844124
T0131,14:35,39.880907,32.844134
T0131,14:40,39.880877,32.844144
T0131,14:45,39.873807,32.863948
T0131,14:50,39.873793,32.863942
T0131,14:55,39.873745,32.86397
T0131,15:00,39.873772,32.863977
T0131,15:05,39.882045,32.8868
T0131,15:10,39.883727,32.885374
T0131,15:15,39.90152,32.870288
T0132,10:55,39.891142,32.796484
T0132,11:00,39.891128,32.796475
T0132,11:05,39.891106,32.796509
T0132,11:10,39.911021,32.789116
T0132,11:15,39.911036,32.789123
T0132,11:20,39.91105,32.789164
T0132,11:25,39.911056,32.789131
T0132,11:30,39.91101,32.789188
T0132,11:35,39.911021,32.789131
T0132,11:40,39.911017,32.789078
T0132,11:45,39.911018,32.789066
T0132,11:50,39.91104,32.789076
T0132,11:55,39.901666,32.770521
T0132,12:00,39.901663,32.770608
T0132,12:05,39.901704,32.770598
T0132,12:10,39.901672,32.770567
T0132,12:15,39.901675,32.770588
T0132,12:20,39.910971,32.79162
T0132,12:25,39.910989,32.791586
T0132,12:30,39.91098,32.791625
T0132,12:35,39.910912,32.791595
T0132,12:40,39.910886,32.791607
T0132,12:45,39.923443,32.807946
T0132,12:50,39.939646,32.827295
T0132,12:55,39.954219,32.846139
T0133,08:30,39.874151,32.868898
T0133,08:35,39.874156,32.868861
T0133,08:40,39.874168,32.868852
T0133,08:45,39.874228,32.868833
T0133,08:50,39.874201,32.868809
T0133,08:55,39.874182,32.868779
T0133,09:00,39.874136,32.868797
T0133,09:05,39.87413,32.868797
T0133,09:10,39.858699,32.875751
T0133,09:15,39.858673,32.875735
T0133,09:20,39.858655,32.875756
T0133,09:25,39.858637,32.875767
T0133,09:30,39.870288,32.874049
T0133,09:35,39.870292,32.874136
T0133,09:40,39.87028,32.874159
T0133,09:45,39.8703,32.874104
T0133,09:50,39.870271,32.874088
T0133,09:55,39.87033,32.874161
T0133,10:00,39.870309,32.874137
T0133,10:05,39.870327,32.874131
T0133,10:10,39.883245,32.86422
T0133,10:15,39.88326,32.864252
T0133,10:20,39.88326,32.864228
T0133,10:25,39.894997,32.866553
T0133,10:30,39.910415,32.868352
T0134,08:15,39.907661,32.888273
T0134,08:20,39.907641,32.888231
T0134,08:25,39.907633,32.888224
T0134,08:30,39.907614,32.888119
T0134,08:35,39.905515,32.902699
T0134,08:40,39.90549,32.902677
T0134,08:45,39.905479,32.902615
T0134,08:50,39.905472,32.90265
T0134,08:55,39.905501,32.902687
T0134,09:00,39.905476,32.902684
T0134,09:05,39.905456,32.902682
T0134,09:10,39.905458,32.902758
T0134,09:15,39.907749,32.920726
T0134,09:20,39.907765,32.920714
T0134,09:25,39.907762,32.920716
T0134,09:30,39.9078,32.920728
T0134,09:35,39.907821,32.920683
T0134,09:40,39.907814,32.920676
T0134,09:45,39.907814,32.920709
T0134,09:50,39.907842,32.920706
T0134,09:55,39.907859,32.920737
T0134,10:00,39.920345,32.928572
T0134,10:05,39.920389,32.926348
T0134,10:10,39.920669,32.912205
T0134,10:15,39.921004,32.895296
T0135,10:15,39.962952,32.873138
T0135,10:20,39.962917,32.873121
T0135,10:25,39.962928,32.87305
T0135,10:30,39.962955,32.873079
T0135,10:35,39.962963,32.873129
T0135,10:40,39.979486,32.883661
T0135,10:45,39.979493,32.883627
T0135,10:50,39.979486,32.883612
T0135,10:55,39.979439,32.883674
T0135,11:00,39.979395,32.883644
T0135,11:05,39.979415,32.883693
T0135,11:10,39.979435,32.883681
T0135,11:15,39.979439,32.883706
T0135,11:20,39.979378,32.883728
T0135,11:25,39.963151,32.877041
T0135,11:30,39.963118,32.877048
T0135,11:35,39.963083,32.877086
T0135,11:40,39.96308,32.877093
T0135,11:45,39.977542,32.88001
T0135,11:50,39.977509,32.880041
T0135,11:55,39.977561,32.880058
T0135,12:00,39.977542,32.880084
T0135,12:05,39.977567,32.880117
T0135,12:10,39.962622,32.871175
T0135,12:15,39.945326,32.858524
T0136,09:10,39.989655,32.858513
T0136,09:15,39.984988,32.835666
T0136,09:20,39.984932,32.835605
T0136,09:25,39.984948,32.835621
T0136,09:30,39.984956,32.835637
T0136,09:35,39.985,32.835633
T0136,09:40,39.984962,32.835627
T0136,09:45,39.984978,32.835628
T0136,09:50,39.970386,32.825809
T0136,09:55,39.970406,32.825818
T0136,10:00,39.970405,32.825846
T0136,10:05,39.97041,32.825786
T0136,10:10,39.970407,32.825758
T0136,10:15,39.97038,32.825762
T0136,10:20,39.982625,32.803691
T0136,10:25,39.982649,32.803696
T0136,10:30,39.982694,32.803802
T0136,10:35,39.982709,32.803778
T0136,10:40,39.982751,32.803806
T0136,10:45,39.982734,32.803836
T0136,10:50,39.969371,32.796415
T0136,10:55,39.951816,32.785843
T0136,11:00,39.934237,32.77562
T0136,11:05,39.932084,32.78907
T0136,11:10,39.928412,32.812006
T0137,10:55,39.933154,32.796293
T0137,11:00,39.933111,32.796291
T0137,11:05,39.942062,32.783751
T0137,11:10,39.942069,32.7838
T0137,11:15,39.942076,32.783755
T0137,11:20,39.942106,32.783771
T0137,11:25,39.942066,32.783762
T0137,11:30,39.942115,32.783822
T0137,11:35,39.955224,32.791438
T0137,11:40,39.955227,32.791451
T0137,11:45,39.955221,32.7915
T0137,11:50,39.955192,32.791478
T0137,11:55,39.955236,32.791471
T0137,12:00,39.965529,32.804641
T0137,12:05,39.965525,32.804669
T0137,12:10,39.965544,32.804723
T0137,12:15,39.965581,32.804695
T0137,12:20,39.965571,32.80474
T0137,12:25,39.965567,32.80469
T0137,12:30,39.978835,32.798306
T0137,12:35,39.979976,32.817589
T0137,12:40,39.982663,32.836458
T0137,12:45,39.976793,32.83806
T0137,12:50,39.966963,32.840744
T0137,12:55,39.953948,32.844296
T0138,12:35,39.883632,32.918881
T0138,12:40,39.883631,32.918848
T0138,12:45,39.906027,32.909384
T0138,12:50,39.906012,32.909444
T0138,12:55,39.906081,32.90942
T0138,13:00,39.90608,32.90941
T0138,13:05,39.906062,32.909374
T0138,13:10,39.906058,32.909384
T0138,13:15,39.906084,32.909367
T0138,13:20,39.906071,32.909328
T0138,13:25,39.905622,32.881587
T0138,13:30,39.905626,32.881598
T0138,13:35,39.905649,32.881575
T0138,13:40,39.905683,32.881568
T0138,13:45,39.905698,32.881592
T0138,13:50,39.905681,32.881547
T0138,13:55,39.905662,32.881566
T0138,14:00,39.905647,32.881559
T0138,14:05,39.905637,32.881523
T0138,14:10,39.919893,32.898384
T0138,14:15,39.938253,32.919572
T0138,14:20,39.938258,32.919581
T0138,14:25,39.938238,32.9196
T0138,14:30,39.961559,32.927691
T0138,14:35,39.952567,32.900724
T0139,10:05,39.935894,32.891218
T0139,10:10,39.927572,32.895883
T0139,10:15,39.92755,32.895899
T0139,10:20,39.927522,32.895892
T0139,10:25,39.927534,32.895958
T0139,10:30,39.927523,32.895972
T0139,10:35,39.927512,32.895968
T0139,10:40,39.927493,32.89593
T0139,10:45,39.927503,32.89588
T0139,10:50,39.927495,32.895915
T0139,10:55,39.917803,32.894029
T0139,11:00,39.917802,32.89402
T0139,11:05,39.917831,32.894008
T0139,11:10,39.917847,32.893946
T0139,11:15,39.917782,32.893953
T0139,11:20,39.917746,32.893969
T0139,11:25,39.917777,32.894007
T0139,11:30,39.916529,32.877381
T0139,11:35,39.915276,32.865879
T0139,11:40,39.913997,32.850756
T0139,11:45,39.913998,32.850709
T0139,11:50,39.913998,32.850691
T0139,11:55,39.906031,32.838691
T0139,12:00,39.899789,32.830033
T0139,12:05,39.891673,32.818288
T0140,13:45,39.916788,32.775474
T0140,13:50,39.911569,32.784338
T0140,13:55,39.911538,32.78432
T0140,14:00,39.911521,32.784323
T0140,14:05,39.911519,32.784364
T0140,14:10,39.911485,32.784374
T0140,14:15,39.9115,32.784343
T0140,14:20,39.911504,32.784364
T0140,14:25,39.911483,32.784328
T0140,14:30,39.917069,32.794125
T0140,14:35,39.91706,32.79417
T0140,14:40,39.917016,32.794253
T0140,14:45,39.917006,32.794278
T0140,14:50,39.916991,32.794295
T0140,14:55,39.916976,32.794255
T0140,15:00,39.916938,32.794249
T0140,15:05,39.916916,32.794226
T0140,15:10,39.911466,32.785618
T0140,15:15,39.905824,32.77668
T0140,15:20,39.899599,32.76768
T0140,15:25,39.89964,32.767611
T0140,15:30,39.899646,32.767613
T0140,15:35,39.905215,32.775563
T0140,15:40,39.913418,32.784371
T0140,15:45,39.919301,32.792107
T0141,10:55,39.956205,32.798055
T0141,11:00,39.956214,32.798063
T0141,11:05,39.95618,32.79808
T0141,11:10,39.96162,32.810463
T0141,11:15,39.961622,32.810527
T0141,11:20,39.961643,32.810564
T0141,11:25,39.96163,32.810527
T0141,11:30,39.961612,32.810579
T0141,11:35,39.961645,32.81053
T0141,11:40,39.96157,32.810574
T0141,11:45,39.961573,32.810617
T0141,11:50,39.961564,32.810646
T0141,11:55,39.970482,32.820587
T0141,12:00,39.970463,32.820582
T0141,12:05,39.97047,32.820544
T0141,12:10,39.970444,32.820667
T0141,12:15,39.970412,32.820696
T0141,12:20,39.983033,32.817257
T0141,12:25,39.97468,32.833045
T0141,12:30,39.974666,32.833017
T0141,12:35,39.974631,32.833027
T0141,12:40,39.974661,32.833017
T0141,12:45,39.97467,32.833001
T0141,12:50,39.963907,32.839688
T0141,12:55,39.954215,32.844623
T0142,12:15,39.899741,32.914884
T0142,12:20,39.899791,32.914917
T0142,12:25,39.899796,32.914925
T0142,12:30,39.899764,32.914989
T0142,12:35,39.898202,32.936388
T0142,12:40,39.898227,32.936408
T0142,12:45,39.89822,32.93644
T0142,12:50,39.898226,32.936407
T0142,12:55,39.889994,32.92016
T0142,13:00,39.889952,32.920134
T0142,13:05,39.889892,32.920133
T0142,13:10,39.889917,32.92014
T0142,13:15,39.889903,32.920112
T0142,13:20,39.889847,32.920094
T0142,13:25,39.88981,32.92004
T0142,13:30,39.88979,32.920056
T0142,13:35,39.889814,32.920063
T0142,13:40,39.878181,32.9105
T0142,13:45,39.87819,32.910499
T0142,13:50,39.878239,32.910553
T0142,13:55,39.878223,32.910552
T0142,14:00,39.878249,32.910534
T0142,14:05,39.87567,32.890096
T0142,14:10,39.875676,32.890091
T0142,14:15,39.887761,32.880397
T0143,13:50,39.925527,32.937485
T0143,13:55,39.925535,32.93751
T0143,14:00,39.925538,32.937559
T0143,14:05,39.925522,32.937587
T0143,14:10,39.925546,32.937601
T0143,14:15,39.925535,32.937636
T0143,14:20,39.92551,32.937664
T0143,14:25,39.9255,32.937646
T0143,14:30,39.930451,32.910566
T0143,14:35,39.930454,32.910524
T0143,14:40,39.930438,32.910529
T0143,14:45,39.93045,32.910531
T0143,14:50,39.939836,32.886442
T0143,14:55,39.939789,32.886493
T0143,15:00,39.939741,32.886433
T0143,15:05,39.939766,32.886413
T0143,15:10,39.939781,32.886437
T0143,15:15,39.960706,32.881439
T0143,15:20,39.979408,32.87785
T0143,15:25,39.968234,32.855541
T0143,15:30,39.96824,32.855599
T0143,15:35,39.968244,32.855564
T0143,15:40,39.989082,32.851553
T0143,15:45,39.974168,32.833827
T0143,15:50,39.961149,32.819961
T0144,09:10,39.95916,32.811765
T0144,09:15,39.95919,32.811711
T0144,09:20,39.959136,32.811717
T0144,09:25,39.959122,32.81175
T0144,09:30,39.959141,32.811701
T0144,09:35,39.959158,32.811758
T0144,09:40,39.959142,32.811743
T0144,09:45,39.971729,32.794814
T0144,09:50,39.971713,32.794816
T0144,09:55,39.971688,32.794848
T0144,10:00,39.971674,32.794842
T0144,10:05,39.971703,32.79484
T0144,10:10,39.958512,32.802036
T0144,10:15,39.958482,32.801988
T0144,10:20,39.958475,32.801998
T0144,10:25,39.9585,32.801992
T0144,10:30,39.958486,32.802063
T0144,10:35,39.965396,32.779701
T0144,10:40,39.951717,32.783664
T0144,10:45,39.951692,32.783694
T0144,10:50,39.951675,32.783713
T0144,10:55,39.951671,32.783712
T0144,11:00,39.951691,32.783719
T0144,11:05,39.939144,32.798866
T0144,11:10,39.928483,32.811959
T0145,12:00,39.990594,32.849742
T0145,12:05,39.990568,32.849708
T0145,12:10,39.990566,32.849702
T0145,12:15,39.990521,32.849744
T0145,12:20,39.990498,32.849769
T0145,12:25,39.981074,32.841548
T0145,12:30,39.981091,32.841524
T0145,12:35,39.981058,32.841486
T0145,12:40,39.981062,32.841443
T0145,12:45,39.981059,32.841502
T0145,12:50,39.981061,32.841544
T0145,12:55,39.972554,32.835159
T0145,13:00,39.972565,32.835172
T0145,13:05,39.972569,32.835179
T0145,13:10,39.972544,32.835148
T0145,13:15,39.972523,32.835163
T0145,13:20,39.972532,32.835173
T0145,13:25,39.972448,32.835158
T0145,13:30,39.972431,32.835115
T0145,13:35,39.972433,32.835092
T0145,13:40,39.982161,32.83962
T0145,13:45,39.991651,32.843111
T0145,13:50,39.983487,32.844275
T0145,13:55,39.971187,32.846028
T0145,14:00,39.960904,32.847493
T0146,08:35,39.929703,32.83716
T0146,08:40,39.935747,32.858455
T0146,08:45,39.935731,32.858513
T0146,08:50,39.93569,32.858506
T0146,08:55,39.931383,32.838884
T0146,09:00,39.914324,32.836944
T0146,09:05,39.908029,32.858669
T0146,09:10,39.90801,32.858664
T0146,09:15,39.908028,32.858719
T0146,09:20,39.908021,32.85876
T0146,09:25,39.90801,32.858781
T0146,09:30,39.913547,32.837536
T0146,09:35,39.927862,32.835848
T0146,09:40,39.927864,32.835848
T0146,09:45,39.927868,32.835793
T0146,09:50,39.927832,32.83573
T0146,09:55,39.92781,32.835738
T0146,10:00,39.913588,32.837411
T0146,10:05,39.907925,32.858668
T0146,10:10,39.919629,32.87183
T0146,10:15,39.919593,32.871822
T0146,10:20,39.91961,32.871829
T0146,10:25,39.908859,32.861677
T0146,10:30,39.912135,32.838897
T0146,10:35,39.930572,32.837858
T0147,08:25,39.9553,32.801222
T0147,08:30,39.955303,32.801199
T0147,08:35,39.955314,32.801269
T0147,08:40,39.965456,32.778778
T0147,08:45,39.965479,32.778757
T0147,08:50,39.965427,32.77881
T0147,08:55,39.965429,32.778823
T0147,09:00,39.965418,32.778767
T0147,09:05,39.965447,32.778775
T0147,09:10,39.965471,32.778729
T0147,09:15,39.965509,32.778754
T0147,09:20,39.965501,32.778757
T0147,09:25,39.951655,32.797868
T0147,09:30,39.951595,32.797865
T0147,09:35,39.951637,32.797914
T0147,09:40,39.951579,32.797903
T0147,09:45,39.951558,32.797923
T0147,09:50,39.955927,32.772117
T0147,09:55,39.953182,32.798581
T0147,10:00,39.951543,32.825679
T0147,10:05,39.95158,32.825675
T0147,10:10,39.951607,32.825645
T0147,10:15,39.943212,32.845501
T0147,10:20,39.932924,32.867461
T0147,10:25,39.924877,32.884921
T0148,09:30,39.885095,32.850069
T0148,09:35,39.86853,32.83211
T0148,09:40,39.868521,32.832101
T0148,09:45,39.868503,32.832176
T0148,09:50,39.868512,32.832131
T0148,09:55,39.868443,32.832146
T0148,10:00,39.88452,32.843804
T0148,10:05,39.884542,32.843769
T0148,10:10,39.884528,32.84376
T0148,10:15,39.884522,32.843717
T0148,10:20,39.884508,32.843694
T0148,10:25,39.884544,32.84369
T0148,10:30,39.884549,32.843754
T0148,10:35,39.90399,32.842196
T0148,10:40,39.904008,32.842193
T0148,10:45,39.903995,32.842207
T0148,10:50,39.903999,32.842175
T0148,10:55,39.904017,32.842134
T0148,11:00,39.903972,32.842122
T0148,11:05,39.903958,32.842167
T0148,11:10,39.903958,32.842109
T0148,11:15,39.89629,32.868307
T0148,11:20,39.886902,32.89455
T0148,11:25,39.879651,32.919482
T0148,11:30,39.891163,32.901358
T0149,12:25,39.868346,32.888761
T0149,12:30,39.868328,32.888689
T0149,12:35,39.868324,32.888687
T0149,12:40,39.868327,32.888719
T0149,12:45,39.868401,32.888729
T0149,12:50,39.868392,32.888716
T0149,12:55,39.8684,32.888644
T0149,13:00,39.879779,32.899645
T0149,13:05,39.879764,32.899662
T0149,13:10,39.879765,32.899619
T0149,13:15,39.879776,32.89964
T0149,13:20,39.879776,32.899622
T0149,13:25,39.879764,32.899673
T0149,13:30,39.879723,32.899623
T0149,13:35,39.879744,32.899642
T0149,13:40,39.879789,32.899697
T0149,13:45,39.884596,32.918039
T0149,13:50,39.884599,32.918049
T0149,13:55,39.884637,32.918065
T0149,14:00,39.884624,32.918045
T0149,14:05,39.899082,32.924784
T0149,14:10,39.913972,32.929832
T0149,14:15,39.928027,32.936652
T0149,14:20,39.927142,32.924694
T0149,14:25,39.92558,32.903589
T0150,10:10,39.921542,32.86043
T0150,10:15,39.921517,32.860438
T0150,10:20,39.921501,32.860409
T0150,10:25,39.921492,32.860462
T0150,10:30,39.921463,32.860465
T0150,10:35,39.921452,32.860486
T0150,10:40,39.921458,32.860543
T0150,10:45,39.92145,32.860546
T0150,10:50,39.9215,32.860549
T0150,10:55,39.921499,32.860655
T0150,11:00,39.921504,32.860736
T0150,11:05,39.921478,32.86081
T0150,11:10,39.921465,32.86086
T0150,11:15,39.921475,32.86086
T0150,11:20,39.9215,32.860859
T0150,11:25,39.92148,32.86085
T0150,11:30,39.921473,32.86085
T0150,11:35,39.921473,32.860838
T0150,11:40,39.920912,32.872734
T0150,11:45,39.919961,32.892892
T0150,11:50,39.919028,32.912668
T0150,11:55,39.919059,32.912644
T0150,12:00,39.912625,32.895345
T0150,12:05,39.903,32.875051
T0150,12:10,39.897826,32.85895
T0151,08:45,39.85932,32.863318
T0151,08:50,39.859297,32.863371
T0151,08:55,39.859296,32.863461
T0151,09:00,39.859295,32.863401
T0151,09:05,39.871499,32.864377
T0151,09:10,39.871514,32.864417
T0151,09:15,39.871512,32.864423
T0151,09:20,39.871556,32.864469
T0151,09:25,39.871595,32.864441
T0151,09:30,39.871609,32.864456
T0151,09:35,39.871566,32.864473
T0151,09:40,39.871567,32.864459
T0151,09:45,39.871542,32.86443
T0151,09:50,39.863398,32.876635
T0151,09:55,39.863411,32.876634
T0151,10:00,39.863433,32.876654
T0151,10:05,39.863421,32.876656
T0151,10:10,39.863424,32.876615
T0151,10:15,39.863418,32.876609
T0151,10:20,39.863441,32.876598
T0151,10:25,39.868057,32.857197
T0151,10:30,39.871563,32.841345
T0151,10:35,39.876959,32.842603
T0151,10:40,39.891501,32.845991
T0151,10:45,39.906269,32.849432
T0152,13:45,39.908679,32.912453
T0152,13:50,39.905455,32.895797
T0152,13:55,39.905506,32.895808
T0152,14:00,39.905513,32.895777
T0152,14:05,39.905498,32.895782
T0152,14:10,39.905485,32.895784
T0152,14:15,39.905504,32.895746
T0152,14:20,39.905488,32.895735
T0152,14:25,39.905883,32.875489
T0152,14:30,39.905888,32.875533
T0152,14:35,39.905864,32.875508
T0152,14:40,39.905823,32.875541
T0152,14:45,39.905818,32.875521
T0152,14:50,39.909909,32.862406
T0152,14:55,39.909913,32.862384
T0152,15:00,39.909923,32.862299
T0152,15:05,39.909888,32.862273
T0152,15:10,39.909867,32.86225
T0152,15:15,39.909838,32.862266
T0152,15:20,39.908258,32.842414
T0152,15:25,39.908301,32.842396
T0152,15:30,39.908286,32.842383
T0152,15:35,39.911636,32.827061
T0152,15:40,39.91608,32.811504
T0152,15:45,39.919058,32.792538
T0153,08:20,39.909367,32.828048
T0153,08:25,39.909408,32.828011
T0153,08:30,39.909365,32.828103
T0153,08:35,39.909383,32.828059
T0153,08:40,39.909374,32.828149
T0153,08:45,39.909404,32.828083
T0153,08:50,39.909376,32.828092
T0153,08:55,39.909395,32.828109
T0153,09:00,39.909429,32.828146
T0153,09:05,39.909445,32.82812
T0153,09:10,39.909442,32.828154
T0153,09:15,39.909418,32.828133
T0153,09:20,39.909399,32.8281
T0153,09:25,39.909415,32.828083
T0153,09:30,39.909426,32.828047
T0153,09:35,39.909423,32.828081
T0153,09:40,39.90937,32.828095
T0153,09:45,39.909389,32.828097
T0153,09:50,39.909374,32.828119
T0153,09:55,39.909382,32.828172
T0153,10:00,39.909423,32.828159
T0153,10:05,39.909419,32.828127
T0153,10:10,39.909438,32.828102
T0153,10:15,39.909428,32.828079
T0153,10:20,39.90944,32.828079
T0154,09:35,39.931544,32.867894
T0154,09:40,39.931544,32.86786
T0154,09:45,39.931549,32.86783
T0154,09:50,39.931555,32.867787
T0154,09:55,39.931548,32.867813
T0154,10:00,39.931519,32.867823
T0154,10:05,39.931538,32.867837
T0154,10:10,39.931512,32.867779
T0154,10:15,39.931533,32.86778
T0154,10:20,39.931528,32.867763
T0154,10:25,39.931549,32.867786
T0154,10:30,39.931506,32.867823
T0154,10:35,39.931508,32.867876
T0154,10:40,39.931506,32.867943
T0154,10:45,39.931476,32.867892
T0154,10:50,39.931447,32.867877
T0154,10:55,39.931443,32.86782
T0154,11:00,39.931439,32.867824
T0154,11:05,39.931408,32.867834
T0154,11:10,39.931387,32.867846
T0154,11:15,39.931379,32.86784
T0154,11:20,39.931383,32.867865
T0154,11:25,39.931392,32.86784
T0154,11:30,39.931385,32.867871
T0154,11:35,39.931393,32.867863
T0155,08:40,39.917282,32.86514
T0155,08:45,39.91731,32.865162
T0155,08:50,39.917322,32.865143
T0155,08:55,39.917367,32.865164
T0155,09:00,39.917382,32.865199
T0155,09:05,39.917335,32.865267
T0155,09:10,39.917384,32.865227
T0155,09:15,39.917378,32.865188
T0155,09:20,39.917358,32.865168
T0155,09:25,39.917376,32.865148
T0155,09:30,39.917406,32.865102
T0155,09:35,39.917356,32.865074
T0155,09:40,39.917378,32.865043
T0155,09:45,39.91737,32.865018
T0155,09:50,39.91736,32.864971
T0155,09:55,39.917341,32.865033
T0155,10:00,39.917336,32.865069
T0155,10:05,39.917319,32.86504
T0155,10:10,39.917322,32.865043
T0155,10:15,39.916706,32.866679
T0155,10:20,39.909374,32.886126
T0155,10:25,39.909413,32.886086
T0155,10:30,39.909416,32.886026
T0155,10:35,39.921174,32.899398
T0155,10:40,39.933054,32.914817
T0156,12:55,39.870483,32.82522
T0156,13:00,39.870475,32.825243
T0156,13:05,39.863532,32.83691
T0156,13:10,39.863513,32.836873
T0156,13:15,39.863477,32.836843
T0156,13:20,39.863466,32.836868
T0156,13:25,39.863433,32.836862
T0156,13:30,39.863371,32.836858
T0156,13:35,39.863398,32.836832
T0156,13:40,39.863411,32.83681
T0156,13:45,39.863451,32.836725
T0156,13:50,39.869034,32.851498
T0156,13:55,39.869065,32.851545
T0156,14:00,39.869097,32.851517
T0156,14:05,39.869114,32.851555
T0156,14:10,39.869136,32.851553
T0156,14:15,39.869172,32.851605
T0156,14:20,39.869178,32.851612
T0156,14:25,39.869181,32.851645
T0156,14:30,39.869158,32.85161
T0156,14:35,39.860857,32.845369
T0156,14:40,39.851869,32.83716
T0156,14:45,39.854648,32.851571
T0156,14:50,39.864609,32.851792
T0156,14:55,39.873156,32.851981
T0157,13:35,39.885474,32.813327
T0157,13:40,39.885437,32.813328
T0157,13:45,39.885421,32.813349
T0157,13:50,39.88543,32.813336
T0157,13:55,39.885414,32.813386
T0157,14:00,39.885447,32.813351
T0157,14:05,39.885457,32.813375
T0157,14:10,39.885486,32.813333
T0157,14:15,39.885487,32.813337
T0157,14:20,39.885503,32.813286
T0157,14:25,39.885477,32.813248
T0157,14:30,39.885483,32.813198
T0157,14:35,39.885488,32.813207
T0157,14:40,39.885515,32.813238
T0157,14:45,39.885531,32.813225
T0157,14:50,39.885555,32.813247
T0157,14:55,39.88558,32.813271
T0157,15:00,39.885624,32.813207
T0157,15:05,39.885601,32.813225
T0157,15:10,39.885604,32.813253
T0157,15:15,39.885604,32.813207
T0157,15:20,39.885595,32.813202
T0157,15:25,39.885566,32.813182
T0157,15:30,39.885588,32.813161
T0157,15:35,39.88559,32.813198
T0158,09:00,39.919785,32.779383
T0158,09:05,39.919814,32.779412
T0158,09:10,39.919828,32.779447
T0158,09:15,39.921426,32.764155
T0158,09:20,39.921421,32.764179
T0158,09:25,39.921435,32.764217
T0158,09:30,39.921495,32.76426
T0158,09:35,39.921511,32.764304
T0158,09:40,39.921547,32.764375
T0158,09:45,39.921499,32.764352
T0158,09:50,39.921569,32.764338
T0158,09:55,39.921565,32.764322
T0158,10:00,39.912897,32.775909
T0158,10:05,39.912906,32.775892
T0158,10:10,39.912891,32.77594
T0158,10:15,39.912894,32.775977
T0158,10:20,39.912884,32.776002
T0158,10:25,39.91477,32.792233
T0158,10:30,39.917072,32.812036
T0158,10:35,39.918695,32.825998
T0158,10:40,39.920901,32.844979
T0158,10:45,39.928019,32.854433
T0158,10:50,39.91779,32.859298
T0158,10:55,39.917902,32.846701
T0158,11:00,39.912214,32.837517
T0159,11:00,39.862209,32.829429
T0159,11:05,39.862202,32.829386
T0159,11:10,39.881548,32.832322
T0159,11:15,39.881567,32.832372
T0159,11:20,39.881515,32.832334
T0159,11:25,39.881544,32.832366
T0159,11:30,39.881546,32.83236
T0159,11:35,39.881577,32.832384
T0159,11:40,39.898445,32.845985
T0159,11:45,39.898485,32.845955
T0159,11:50,39.898513,32.845974
T0159,11:55,39.898476,32.846014
T0159,12:00,39.898418,32.846042
T0159,12:05,39.898417,32.846043
T0159,12:10,39.908618,32.862224
T0159,12:15,39.908645,32.862294
T0159,12:20,39.908616,32.862305
T0159,12:25,39.908572,32.862283
T0159,12:30,39.889667,32.845543
T0159,12:35,39.874482,32.829048
T0159,12:40,39.858753,32.816357
T0159,12:45,39.858779,32.816339
T0159,12:50,39.858792,32.816282
T0159,12:55,39.873733,32.831456
T0159,13:00,39.890844,32.847275
T0160,13:25,39.949048,32.791382
T0160,13:30,39.937668,32.788667
T0160,13:35,39.937663,32.788678
T0160,13:40,39.93767,32.788649
T0160,13:45,39.937673,32.788611
T0160,13:50,39.937685,32.788591
T0160,13:55,39.937718,32.788641
T0160,14:00,39.937727,32.788692
T0160,14:05,39.937753,32.788737
T0160,14:10,39.926607,32.798522
T0160,14:15,39.926584,32.798503
T0160,14:20,39.926565,32.798472
T0160,14:25,39.926563,32.798507
T0160,14:30,39.915276,32.810647
T0160,14:35,39.915294,32.810657
T0160,14:40,39.915304,32.810713
T0160,14:45,39.915307,32.810682
T0160,14:50,39.915283,32.810687
T0160,14:55,39.908945,32.827058
T0160,15:00,39.908959,32.827049
T0160,15:05,39.908987,32.82704
T0160,15:10,39.908978,32.827055
T0160,15:15,39.909041,32.827049
T0160,15:20,39.894823,32.835819
T0160,15:25,39.881446,32.845819
T0161,08:40,39.972412,32.917766
T0161,08:45,39.972406,32.917767
T0161,08:50,39.972399,32.917729
T0161,08:55,39.965528,32.900918
T0161,09:00,39.965531,32.900988
T0161,09:05,39.965523,32.900969
T0161,09:10,39.965525,32.900987
T0161,09:15,39.96556,32.90097
T0161,09:20,39.96562,32.90093
T0161,09:25,39.965564,32.900955
T0161,09:30,39.975476,32.910375
T0161,09:35,39.975419,32.910353
T0161,09:40,39.975458,32.910395
T0161,09:45,39.975497,32.910432
T0161,09:50,39.975524,32.910442
T0161,09:55,39.975554,32.910484
T0161,10:00,39.975549,32.91046
T0161,10:05,39.958197,32.915138
T0161,10:10,39.958222,32.915195
T0161,10:15,39.958195,32.915148
T0161,10:20,39.958213,32.915183
T0161,10:25,39.948431,32.92481
T0161,10:30,39.936732,32.933725
T0161,10:35,39.936428,32.932078
T0161,10:40,39.933216,32.914678
T0162,12:15,39.863012,32.88482
T0162,12:20,39.862988,32.884901
T0162,12:25,39.863003,32.884921
T0162,12:30,39.856622,32.889523
T0162,12:35,39.856567,32.889511
T0162,12:40,39.856577,32.889564
T0162,12:45,39.85658,32.889539
T0162,12:50,39.856606,32.88963
T0162,12:55,39.856625,32.889598
T0162,13:00,39.856614,32.88956
T0162,13:05,39.856605,32.889509
T0162,13:10,39.867094,32.888983
T0162,13:15,39.867101,32.888989
T0162,13:20,39.867142,32.889086
T0162,13:25,39.867142,32.889099
T0162,13:30,39.867198,32.889052
T0162,13:35,39.867184,32.889032
T0162,13:40,39.867194,32.889071
T0162,13:45,39.867241,32.888987
T0162,13:50,39.867268,32.889049
T0162,13:55,39.858161,32.893701
T0162,14:00,39.864333,32.899458
T0162,14:05,39.871695,32.893518
T0162,14:10,39.879417,32.887288
T0162,14:15,39.887819,32.880509
T0163,09:00,39.901108,32.873999
T0163,09:05,39.901061,32.873973
T0163,09:10,39.891212,32.871542
T0163,09:15,39.89122,32.871544
T0163,09:20,39.891189,32.871584
T0163,09:25,39.891234,32.871612
T0163,09:30,39.888923,32.860251
T0163,09:35,39.888901,32.860282
T0163,09:40,39.888957,32.860313
T0163,09:45,39.888928,32.860261
T0163,09:50,39.888941,32.860256
T0163,09:55,39.888905,32.860247
T0163,10:00,39.888887,32.860266
T0163,10:05,39.888885,32.860187
T0163,10:10,39.888852,32.860148
T0163,10:15,39.88829,32.846506
T0163,10:20,39.888236,32.846425
T0163,10:25,39.888249,32.846478
T0163,10:30,39.888236,32.846444
T0163,10:35,39.891383,32.836842
T0163,10:40,39.895028,32.827359
T0163,10:45,39.898232,32.81514
T0163,10:50,39.900005,32.817988
T0163,10:55,39.906202,32.827942
T0163,11:00,39.912242,32.837643
T0164,12:25,39.919894,32.858985
T0164,12:30,39.919879,32.858941
T0164,12:35,39.919885,32.858977
T0164,12:40,39.919884,32.858988
T0164,12:45,39.919891,32.858973
T0164,12:50,39.919877,32.858953
T0164,12:55,39.919876,32.858958
T0164,13:00,39.919874,32.858966
T0164,13:05,39.919902,32.859048
T0164,13:10,39.919921,32.859088
T0164,13:15,39.919942,32.859107
T0164,13:20,39.919989,32.859116
T0164,13:25,39.919992,32.859141
T0164,13:30,39.920008,32.859125
T0164,13:35,39.919957,32.859108
T0164,13:40,39.919958,32.859053
T0164,13:45,39.917591,32.86659
T0164,13:50,39.914993,32.874864
T0164,13:55,39.912277,32.883514
T0164,14:00,39.909521,32.892292
T0164,14:05,39.909517,32.892295
T0164,14:10,39.909531,32.892342
T0164,14:15,39.909509,32.892314
T0164,14:20,39.917025,32.897913
T0164,14:25,39.925553,32.903583
T0165,08:45,39.871698,32.835447
T0165,08:50,39.871746,32.835408
T0165,08:55,39.858885,32.837993
T0165,09:00,39.858864,32.837962
T0165,09:05,39.858884,32.837976
T0165,09:10,39.858891,32.837914
T0165,09:15,39.858868,32.837882
T0165,09:20,39.858878,32.837848
T0165,09:25,39.858907,32.837855
T0165,09:30,39.873593,32.83749
T0165,09:35,39.873603,32.837478
T0165,09:40,39.873566,32.837477
T0165,09:45,39.873587,32.837439
T0165,09:50,39.873556,32.837401
T0165,09:55,39.873557,32.837427
T0165,10:00,39.860331,32.831881
T0165,10:05,39.860297,32.831915
T0165,10:10,39.860339,32.831882
T0165,10:15,39.860351,32.831873
T0165,10:20,39.872209,32.827966
T0165,10:25,39.872185,32.827954
T0165,10:30,39.872146,32.827928
T0165,10:35,39.883733,32.835955
T0165,10:40,39.89618,32.843551
T0165,10:45,39.907121,32.850203
T0166,13:00,39.897696,32.925873
T0166,13:05,39.89768,32.925859
T0166,13:10,39.897673,32.925836
T0166,13:15,39.903053,32.90748
T0166,13:20,39.903047,32.907452
T0166,13:25,39.903027,32.907423
T0166,13:30,39.903021,32.907397
T0166,13:35,39.903014,32.907373
T0166,13:40,39.902977,32.907396
T0166,13:45,39.903022,32.907445
T0166,13:50,39.903029,32.90745
T0166,13:55,39.895944,32.929051
T0166,14:00,39.895948,32.929076
T0166,14:05,39.895941,32.929071
T0166,14:10,39.895908,32.929113
T0166,14:15,39.910458,32.908188
T0166,14:20,39.910459,32.908197
T0166,14:25,39.910436,32.908147
T0166,14:30,39.910469,32.90814
T0166,14:35,39.901365,32.928058
T0166,14:40,39.901393,32.928109
T0166,14:45,39.901368,32.92807
T0166,14:50,39.914536,32.910928
T0166,14:55,39.929519,32.894915
T0166,15:00,39.942695,32.881115
T0167,08:20,39.913551,32.783835
T0167,08:25,39.913531,32.783873
T0167,08:30,39.914291,32.767255
T0167,08:35,39.914307,32.767284
T0167,08:40,39.91434,32.767316
T0167,08:45,39.914345,32.767257
T0167,08:50,39.914324,32.767248
T0167,08:55,39.914343,32.767297
T0167,09:00,39.914346,32.767286
T0167,09:05,39.908157,32.776771
T0167,09:10,39.90817,32.776819
T0167,09:15,39.908191,32.776806
T0167,09:20,39.908215,32.776819
T0167,09:25,39.908213,32.776807
T0167,09:30,39.908201,32.776847
T0167,09:35,39.908213,32.776828
T0167,09:40,39.908193,32.77681
T0167,09:45,39.9082,32.776832
T0167,09:50,39.910957,32.790047
T0167,09:55,39.912771,32.802419
T0167,10:00,39.912778,32.802455
T0167,10:05,39.912722,32.802415
T0167,10:10,39.912709,32.802443
T0167,10:15,39.911182,32.815998
T0167,10:20,39.909384,32.82734
T0168,09:35,39.984237,32.898269
T0168,09:40,39.975415,32.898923
T0168,09:45,39.975427,32.898899
T0168,09:50,39.975414,32.898965
T0168,09:55,39.975434,32.898964
T0168,10:00,39.975482,32.898939
T0168,10:05,39.97549,32.898996
T0168,10:10,39.975513,32.898928
T0168,10:15,39.975484,32.898931
T0168,10:20,39.964845,32.902193
T0168,10:25,39.96484,32.902201
T0168,10:30,39.964815,32.902196
T0168,10:35,39.964808,32.902281
T0168,10:40,39.964824,32.902276
T0168,10:45,39.964783,32.902322
T0168,10:50,39.974286,32.913036
T0168,10:55,39.974295,32.913077
T0168,11:00,39.974302,32.91309
T0168,11:05,39.974314,32.913131
T0168,11:10,39.962768,32.917068
T0168,11:15,39.960939,32.914207
T0168,11:20,39.953242,32.90217
T0168,11:25,39.945244,32.889663
T0168,11:30,39.939286,32.880344
T0168,11:35,39.931398,32.868008
T0169,12:05,39.943459,32.789064
T0169,12:10,39.943412,32.789076
T0169,12:15,39.943409,32.789089
T0169,12:20,39.943407,32.789064
T0169,12:25,39.943414,32.78909
T0169,12:30,39.945716,32.770678
T0169,12:35,39.945757,32.770704
T0169,12:40,39.945756,32.77071
T0169,12:45,39.945792,32.770722
T0169,12:50,39.945804,32.770677
T0169,12:55,39.945805,32.770678
T0169,13:00,39.945784,32.770645
T0169,13:05,39.945814,32.770596
T0169,13:10,39.94429,32.787209
T0169,13:15,39.944274,32.78722
T0169,13:20,39.944268,32.787221
T0169,13:25,39.944329,32.787183
T0169,13:30,39.944381,32.787215
T0169,13:35,39.944402,32.787213
T0169,13:40,39.944415,32.787197
T0169,13:45,39.944405,32.78718
T0169,13:50,39.944418,32.787145
T0169,13:55,39.960434,32.776355
T0169,14:00,39.953459,32.790217
T0169,14:05,39.944144,32.808731
T0170,13:50,39.918815,32.885879
T0170,13:55,39.918835,32.885859
T0170,14:00,39.925375,32.877408
T0170,14:05,39.925412,32.877486
T0170,14:10,39.925389,32.877552
T0170,14:15,39.925414,32.877575
T0170,14:20,39.925422,32.877584
T0170,14:25,39.925427,32.877603
T0170,14:30,39.925441,32.877586
T0170,14:35,39.925412,32.877622
T0170,14:40,39.925432,32.877622
T0170,14:45,39.93587,32.872403
T0170,14:50,39.935829,32.872368
T0170,14:55,39.935826,32.872396
T0170,15:00,39.935786,32.872399
T0170,15:05,39.935697,32.872395
T0170,15:10,39.935735,32.872394
T0170,15:15,39.944225,32.861455
T0170,15:20,39.952666,32.850457
T0170,15:25,39.952655,32.850509
T0170,15:30,39.952617,32.850543
T0170,15:35,39.952608,32.850494
T0170,15:40,39.952641,32.850485
T0170,15:45,39.956694,32.835773
T0170,15:50,39.961059,32.820003
T0171,13:25,39.894786,32.854201
T0171,13:30,39.894799,32.854191
T0171,13:35,39.894781,32.854142
T0171,13:40,39.894817,32.854153
T0171,13:45,39.888575,32.865205
T0171,13:50,39.888553,32.865217
T0171,13:55,39.888542,32.865205
T0171,14:00,39.888518,32.865213
T0171,14:05,39.888522,32.865217
T0171,14:10,39.880903,32.860999
T0171,14:15,39.880928,32.861028
T0171,14:20,39.880875,32.86101
T0171,14:25,39.880867,32.860991
T0171,14:30,39.880857,32.860962
T0171,14:35,39.880838,32.860958
T0171,14:40,39.891312,32.859058
T0171,14:45,39.899594,32.858374
T0171,14:50,39.910876,32.857225
T0171,14:55,39.910856,32.857213
T0171,15:00,39.910812,32.857237
T0171,15:05,39.910806,32.857251
T0171,15:10,39.910821,32.857206
T0171,15:15,39.90258,32.853651
T0171,15:20,39.89239,32.849859
T0171,15:25,39.882059,32.844961
T0172,09:35,39.89869,32.800283
T0172,09:40,39.885241,32.775688
T0172,09:45,39.885233,32.775634
T0172,09:50,39.885277,32.775592
T0172,09:55,39.88526,32.775623
T0172,10:00,39.89828,32.792145
T0172,10:05,39.898268,32.792116
T0172,10:10,39.898246,32.792105
T0172,10:15,39.898225,32.79211
T0172,10:20,39.898251,32.792146
T0172,10:25,39.918628,32.80633
T0172,10:30,39.918593,32.806332
T0172,10:35,39.918583,32.80634
T0172,10:40,39.918569,32.806326
T0172,10:45,39.91862,32.806227
T0172,10:50,39.918637,32.806193
T0172,10:55,39.918623,32.806183
T0172,11:00,39.918591,32.806197
T0172,11:05,39.918987,32.811917
T0172,11:10,39.921131,32.842838
T0172,11:15,39.919757,32.862958
T0172,11:20,39.928761,32.848169
T0172,11:25,39.914239,32.850391
T0172,11:30,39.926781,32.86105
T0172,11:35,39.931398,32.868516
T0173,13:00,39.926339,32.854853
T0173,13:05,39.926313,32.854898
T0173,13:10,39.926318,32.854901
T0173,13:15,39.926327,32.854925
T0173,13:20,39.926328,32.854934
T0173,13:25,39.926321,32.854947
T0173,13:30,39.926274,32.85491
T0173,13:35,39.926263,32.854918
T0173,13:40,39.926249,32.854867
T0173,13:45,39.926213,32.854829
T0173,13:50,39.926226,32.854825
T0173,13:55,39.926191,32.854865
T0173,14:00,39.926197,32.854885
T0173,14:05,39.926224,32.854929
T0173,14:10,39.926216,32.854896
T0173,14:15,39.926239,32.854864
T0173,14:20,39.926248,32.854887
T0173,14:25,39.926255,32.854903
T0173,14:30,39.926271,32.854958
T0173,14:35,39.926238,32.854963
T0173,14:40,39.938303,32.860183
T0173,14:45,39.952133,32.866167
T0173,14:50,39.952146,32.866151
T0173,14:55,39.952142,32.866182
T0173,15:00,39.943046,32.882581
T0174,08:35,39.889852,32.880434
T0174,08:40,39.889874,32.880406
T0174,08:45,39.889883,32.880376
T0174,08:50,39.889897,32.880387
T0174,08:55,39.889909,32.880416
T0174,09:00,39.889886,32.880374
T0174,09:05,39.874881,32.893997
T0174,09:10,39.874896,32.894055
T0174,09:15,39.874881,32.894015
T0174,09:20,39.874839,32.893988
T0174,09:25,39.874832,32.894013
T0174,09:30,39.886859,32.883589
T0174,09:35,39.886822,32.883643
T0174,09:40,39.886879,32.883564
T0174,09:45,39.88687,32.88349
T0174,09:50,39.886878,32.883494
T0174,09:55,39.886889,32.883487
T0174,10:00,39.886943,32.883486
T0174,10:05,39.869103,32.873632
T0174,10:10,39.882385,32.858188
T0174,10:15,39.898708,32.841576
T0174,10:20,39.898628,32.841532
T0174,10:25,39.89859,32.841569
T0174,10:30,39.915934,32.84059
T0174,10:35,39.930574,32.838268
T0175,11:05,39.949855,32.927846
T0175,11:10,39.949908,32.927776
T0175,11:15,39.947055,32.909692
T0175,11:20,39.947028,32.909663
T0175,11:25,39.947021,32.909658
T0175,11:30,39.946982,32.909616
T0175,11:35,39.946942,32.909578
T0175,11:40,39.946963,32.909546
T0175,11:45,39.946929,32.909451
T0175,11:50,39.94697,32.909494
T0175,11:55,39.957263,32.927495
T0175,12:00,39.964181,32.908349
T0175,12:05,39.960913,32.904082
T0175,12:10,39.950398,32.890351
T0175,12:15,39.950346,32.890373
T0175,12:20,39.95033,32.890394
T0175,12:25,39.950333,32.890426
T0175,12:30,39.950351,32.890458
T0175,12:35,39.950327,32.890433
T0175,12:40,39.95031,32.890426
T0175,12:45,39.950328,32.890409
T0175,12:50,39.950335,32.890434
T0175,12:55,39.950291,32.890405
T0175,13:00,39.950298,32.890384
T0175,13:05,39.950325,32.890351
T0176,12:20,39.922089,32.863883
T0176,12:25,39.922097,32.863896
T0176,12:30,39.922139,32.863872
T0176,12:35,39.922151,32.863867
T0176,12:40,39.922249,32.863844
T0176,12:45,39.922249,32.863837
T0176,12:50,39.922247,32.863848
T0176,12:55,39.922237,32.863881
T0176,13:00,39.922177,32.8639
T0176,13:05,39.922166,32.863863
T0176,13:10,39.922176,32.863846
T0176,13:15,39.922216,32.863853
T0176,13:20,39.922213,32.863811
T0176,13:25,39.922185,32.863849
T0176,13:30,39.922164,32.863814
T0176,13:35,39.922152,32.863871
T0176,13:40,39.922137,32.863897
T0176,13:45,39.922179,32.863898
T0176,13:50,39.922845,32.885222
T0176,13:55,39.923638,32.910587
T0176,14:00,39.923627,32.910544
T0176,14:05,39.923642,32.910488
T0176,14:10,39.92362,32.910477
T0176,14:15,39.908174,32.891305
T0176,14:20,39.894824,32.873666
T0177,13:00,39.94781,32.833651
T0177,13:05,39.947811,32.833692
T0177,13:10,39.947808,32.833695
T0177,13:15,39.947841,32.833716
T0177,13:20,39.947857,32.833754
T0177,13:25,39.947897,32.833748
T0177,13:30,39.947865,32.833713
T0177,13:35,39.962575,32.851202
T0177,13:40,39.962588,32.851216
T0177,13:45,39.962574,32.851259
T0177,13:50,39.962595,32.851322
T0177,13:55,39.957847,32.876519
T0177,14:00,39.957891,32.876456
T0177,14:05,39.957891,32.876468
T0177,14:10,39.957897,32.87647
T0177,14:15,39.974425,32.894121
T0177,14:20,39.974454,32.89414
T0177,14:25,39.974488,32.894099
T0177,14:30,39.974451,32.894072
T0177,14:35,39.974453,32.894072
T0177,14:40,39.974449,32.894103
T0177,14:45,39.974478,32.894087
T0177,14:50,39.974464,32.894067
T0177,14:55,39.953487,32.898854
T0177,15:00,39.942513,32.882974
T0178,12:15,39.887565,32.881502
T0178,12:20,39.887575,32.881442
T0178,12:25,39.887557,32.881431
T0178,12:30,39.887531,32.881435
T0178,12:35,39.887527,32.881434
T0178,12:40,39.887522,32.881453
T0178,12:45,39.887522,32.881536
T0178,12:50,39.887552,32.88155
T0178,12:55,39.88756,32.881567
T0178,13:00,39.887575,32.881577
T0178,13:05,39.887538,32.881598
T0178,13:10,39.887538,32.881563
T0178,13:15,39.887527,32.881565
T0178,13:20,39.887539,32.881571
T0178,13:25,39.887548,32.881561
T0178,13:30,39.88758,32.881539
T0178,13:35,39.887518,32.881505
T0178,13:40,39.88748,32.881542
T0178,13:45,39.887527,32.881543
T0178,13:50,39.887511,32.881558
T0178,13:55,39.887508,32.881543
T0178,14:00,39.887495,32.881539
T0178,14:05,39.887529,32.881472
T0178,14:10,39.887544,32.881514
T0178,14:15,39.887528,32.88156
T0179,09:35,39.921319,32.833379
T0179,09:40,39.921273,32.833404
T0179,09:45,39.908005,32.84522
T0179,09:50,39.912065,32.868042
T0179,09:55,39.931446,32.868227
T0179,10:00,39.9314,32.868207
T0179,10:05,39.931376,32.868226
T0179,10:10,39.931385,32.868204
T0179,10:15,39.931375,32.868228
T0179,10:20,39.913476,32.86936
T0179,10:25,39.906819,32.852046
T0179,10:30,39.906842,32.852055
T0179,10:35,39.906821,32.852052
T0179,10:40,39.906865,32.852097
T0179,10:45,39.906837,32.852109
T0179,10:50,39.917562,32.871835
T0179,10:55,39.933111,32.866006
T0179,11:00,39.933125,32.866036
T0179,11:05,39.933118,32.866026
T0179,11:10,39.914644,32.870274
T0179,11:15,39.906851,32.851513
T0179,11:20,39.906838,32.851519
T0179,11:25,39.906778,32.851511
T0179,11:30,39.913156,32.869182
T0179,11:35,39.931402,32.868314
T0180,12:00,39.961312,32.847511
T0180,12:05,39.961314,32.847543
T0180,12:10,39.961333,32.847588
T0180,12:15,39.961327,32.847576
T0180,12:20,39.961341,32.847562
T0180,12:25,39.961352,32.847575
T0180,12:30,39.96135,32.847562
T0180,12:35,39.961375,32.84755
T0180,12:40,39.961346,32.847559
T0180,12:45,39.961286,32.847588
T0180,12:50,39.961319,32.847583
T0180,12:55,39.961337,32.847577
T0180,13:00,39.961333,32.84759
T0180,13:05,39.961344,32.847585
T0180,13:10,39.961295,32.847627
T0180,13:15,39.961345,32.84761
T0180,13:20,39.961377,32.847625
T0180,13:25,39.961382,32.84763
T0180,13:30,39.961403,32.847613
T0180,13:35,39.961347,32.847565
T0180,13:40,39.961365,32.847625
T0180,13:45,39.961315,32.847598
T0180,13:50,39.961292,32.847594
T0180,13:55,39.961272,32.847623
T0180,14:00,39.961291,32.847618
T0181,08:30,39.936967,32.843666
T0181,08:35,39.935778,32.865186
T0181,08:40,39.935824,32.865237
T0181,08:45,39.935872,32.865195
T0181,08:50,39.935841,32.865232
T0181,08:55,39.938388,32.84908
T0181,09:00,39.92968,32.833646
T0181,09:05,39.929607,32.833706
T0181,09:10,39.929616,32.83372
T0181,09:15,39.938389,32.849718
T0181,09:20,39.935201,32.866225
T0181,09:25,39.92273,32.874865
T0181,09:30,39.92267,32.874847
T0181,09:35,39.922696,32.874816
T0181,09:40,39.922703,32.874828
T0181,09:45,39.922697,32.874832
T0181,09:50,39.935849,32.864959
T0181,09:55,39.937659,32.846001
T0181,10:00,39.937656,32.846072
T0181,10:05,39.937672,32.846055
T0181,10:10,39.937684,32.846084
T0181,10:15,39.937657,32.846031
T0181,10:20,39.93639,32.863775
T0181,10:25,39.92347,32.874745
T0181,10:30,39.909964,32.868389
T0182,11:25,39.982718,32.816669
T0182,11:30,39.982742,32.816664
T0182,11:35,39.98272,32.816667
T0182,11:40,39.982745,32.81672
T0182,11:45,39.982727,32.816726
T0182,11:50,39.989767,32.832385
T0182,11:55,39.987558,32.833057
T0182,12:00,39.976325,32.836476
T0182,12:05,39.962926,32.840555
T0182,12:10,39.950715,32.844271
T0182,12:15,39.93735,32.848339
T0182,12:20,39.937337,32.848354
T0182,12:25,39.937369,32.848318
T0182,12:30,39.937363,32.848276
T0182,12:35,39.937366,32.848295
T0182,12:40,39.937361,32.848291
T0182,12:45,39.937343,32.848306
T0182,12:50,39.937342,32.848321
T0182,12:55,39.937411,32.848257
T0182,13:00,39.93739,32.848276
T0182,13:05,39.9374,32.848291
T0182,13:10,39.937396,32.848296
T0182,13:15,39.937396,32.848276
T0182,13:20,39.937375,32.848259
T0182,13:25,39.937371,32.848247
T0183,11:25,39.953503,32.824712
T0183,11:30,39.953506,32.824696
T0183,11:35,39.964102,32.805091
T0183,11:40,39.964077,32.805112
T0183,11:45,39.964067,32.805121
T0183,11:50,39.964069,32.805086
T0183,11:55,39.961782,32.824589
T0183,12:00,39.961761,32.824605
T0183,12:05,39.961761,32.824586
T0183,12:10,39.961761,32.824604
T0183,12:15,39.961725,32.824587
T0183,12:20,39.96173,32.82462
T0183,12:25,39.961744,32.824603
T0183,12:30,39.961767,32.824617
T0183,12:35,39.976634,32.807392
T0183,12:40,39.97659,32.807393
T0183,12:45,39.97661,32.807352
T0183,12:50,39.976615,32.80736
T0183,12:55,39.961933,32.815059
T0183,13:00,39.961939,32.815049
T0183,13:05,39.961922,32.815018
T0183,13:10,39.961916,32.814996
T0183,13:15,39.961911,32.815057
T0183,13:20,39.949427,32.832418
T0183,13:25,39.937246,32.849381
T0184,08:35,39.98505,32.822826
T0184,08:40,39.985047,32.822784
T0184,08:45,39.985101,32.822766
T0184,08:50,39.975963,32.813449
T0184,08:55,39.975956,32.813428
T0184,09:00,39.975963,32.81336
T0184,09:05,39.975975,32.813349
T0184,09:10,39.975988,32.81337
T0184,09:15,39.976059,32.813368
T0184,09:20,39.976085,32.813375
T0184,09:25,39.965181,32.817135
T0184,09:30,39.965159,32.817135
T0184,09:35,39.965171,32.817097
T0184,09:40,39.965174,32.817119
T0184,09:45,39.956536,32.812436
T0184,09:50,39.946573,32.808086
T0184,09:55,39.941352,32.81758
T0184,10:00,39.936623,32.826179
T0184,10:05,39.930582,32.837164
T0184,10:10,39.930575,32.837205
T0184,10:15,39.930596,32.837205
T0184,10:20,39.930581,32.837226
T0184,10:25,39.930583,32.837221
T0184,10:30,39.930596,32.837245
T0184,10:35,39.930607,32.837195
T0185,09:35,39.889475,32.876133
T0185,09:40,39.889476,32.876156
T0185,09:45,39.889484,32.876131
T0185,09:50,39.889454,32.876078
T0185,09:55,39.895125,32.894673
T0185,10:00,39.895143,32.894592
T0185,10:05,39.895221,32.894609
T0185,10:10,39.895202,32.894554
T0185,10:15,39.895158,32.894554
T0185,10:20,39.895113,32.894528
T0185,10:25,39.895126,32.894519
T0185,10:30,39.895147,32.894519
T0185,10:35,39.895145,32.894444
T0185,10:40,39.898848,32.917727
T0185,10:45,39.898851,32.9178
T0185,10:50,39.898855,32.917782
T0185,10:55,39.898862,32.917799
T0185,11:00,39.917922,32.910477
T0185,11:05,39.917924,32.910561
T0185,11:10,39.917894,32.910564
T0185,11:15,39.917889,32.910578
T0185,11:20,39.929847,32.900375
T0185,11:25,39.943483,32.887946
T0185,11:30,39.942057,32.885648
T0185,11:35,39.931381,32.868439
T0186,11:05,39.971762,32.850906
T0186,11:10,39.971785,32.850888
T0186,11:15,39.971783,32.850843
T0186,11:20,39.971791,32.850824
T0186,11:25,39.971793,32.850764
T0186,11:30,39.975521,32.864918
T0186,11:35,39.97552,32.86493
T0186,11:40,39.975479,32.864858
T0186,11:45,39.975465,32.864858
T0186,11:50,39.975511,32.864804
T0186,11:55,39.975487,32.864848
T0186,12:00,39.975491,32.864844
T0186,12:05,39.978854,32.875101
T0186,12:10,39.978886,32.875101
T0186,12:15,39.978937,32.875148
T0186,12:20,39.978947,32.875107
T0186,12:25,39.978912,32.875067
T0186,12:30,39.978934,32.875042
T0186,12:35,39.978941,32.875031
T0186,12:40,39.975049,32.888639
T0186,12:45,39.971972,32.900433
T0186,12:50,39.96896,32.914641
T0186,12:55,39.96362,32.907662
T0186,13:00,39.956923,32.898909
T0186,13:05,39.950185,32.890104
T0187,10:55,39.954876,32.845809
T0187,11:00,39.954876,32.845788
T0187,11:05,39.954875,32.845801
T0187,11:10,39.954883,32.845767
T0187,11:15,39.954871,32.845783
T0187,11:20,39.954851,32.845768
T0187,11:25,39.954854,32.845743
T0187,11:30,39.954864,32.845731
T0187,11:35,39.954848,32.845732
T0187,11:40,39.95482,32.845748
T0187,11:45,39.95476,32.845766
T0187,11:50,39.954714,32.84575
T0187,11:55,39.954718,32.845732
T0187,12:00,39.954747,32.845762
T0187,12:05,39.954709,32.845762
T0187,12:10,39.954695,32.845739
T0187,12:15,39.954643,32.845733
T0187,12:20,39.954617,32.845778
T0187,12:25,39.954596,32.845773
T0187,12:30,39.954566,32.845761
T0187,12:35,39.95453,32.845714
T0187,12:40,39.954491,32.845761
T0187,12:45,39.95448,32.845759
T0187,12:50,39.954493,32.845757
T0187,12:55,39.954512,32.845767
T0188,11:50,39.876844,32.820864
T0188,11:55,39.899263,32.820646
T0188,12:00,39.899277,32.820654
T0188,12:05,39.899256,32.820629
T0188,12:10,39.899265,32.820617
T0188,12:15,39.899255,32.82051
T0188,12:20,39.899227,32.820506
T0188,12:25,39.899233,32.820509
T0188,12:30,39.881503,32.798657
T0188,12:35,39.881558,32.798672
T0188,12:40,39.881545,32.798645
T0188,12:45,39.881535,32.798628
T0188,12:50,39.881543,32.798611
T0188,12:55,39.881496,32.798538
T0188,13:00,39.896,32.814161
T0188,13:05,39.895942,32.81423
T0188,13:10,39.895932,32.814159
T0188,13:15,39.895918,32.814146
T0188,13:20,39.895952,32.814101
T0188,13:25,39.895931,32.814065
T0188,13:30,39.895946,32.814131
T0188,13:35,39.883672,32.795971
T0188,13:40,39.900318,32.803656
T0188,13:45,39.919363,32.815315
T0188,13:50,39.920589,32.834
T0189,10:05,39.914589,32.788467
T0189,10:10,39.914533,32.788437
T0189,10:15,39.914514,32.788469
T0189,10:20,39.914522,32.788533
T0189,10:25,39.91449,32.788567
T0189,10:30,39.89975,32.794669
T0189,10:35,39.89978,32.794617
T0189,10:40,39.899771,32.794604
T0189,10:45,39.899778,32.794587
T0189,10:50,39.899794,32.794594
T0189,10:55,39.899732,32.794597
T0189,11:00,39.899755,32.794558
T0189,11:05,39.899753,32.794626
T0189,11:10,39.892493,32.77808
T0189,11:15,39.892483,32.778066
T0189,11:20,39.892485,32.77809
T0189,11:25,39.892508,32.778095
T0189,11:30,39.89248,32.778122
T0189,11:35,39.892464,32.778144
T0189,11:40,39.892225,32.802653
T0189,11:45,39.892242,32.802627
T0189,11:50,39.892225,32.802648
T0189,11:55,39.883153,32.786491
T0189,12:00,39.886904,32.803186
T0189,12:05,39.891314,32.819079
T0190,11:00,39.890917,32.846986
T0190,11:05,39.890924,32.847016
T0190,11:10,39.890896,32.847045
T0190,11:15,39.890909,32.847059
T0190,11:20,39.89094,32.847029
T0190,11:25,39.89094,32.847053
T0190,11:30,39.890995,32.847047
T0190,11:35,39.891009,32.847094
T0190,11:40,39.890979,32.846996
T0190,11:45,39.890955,32.847015
T0190,11:50,39.890934,32.847039
T0190,11:55,39.890907,32.847083
T0190,12:00,39.890923,32.847056
T0190,12:05,39.890929,32.847106
T0190,12:10,39.890927,32.847107
T0190,12:15,39.890925,32.847157
T0190,12:20,39.890949,32.847172
T0190,12:25,39.890966,32.847225
T0190,12:30,39.890992,32.847221
T0190,12:35,39.891001,32.847145
T0190,12:40,39.890981,32.84724
T0190,12:45,39.890983,32.847273
T0190,12:50,39.891002,32.847277
T0190,12:55,39.890966,32.847227
T0190,13:00,39.89101,32.847238
T0191,08:40,39.929945,32.856351
T0191,08:45,39.929894,32.856353
T0191,08:50,39.929912,32.856402
T0191,08:55,39.929903,32.856413
T0191,09:00,39.929888,32.856432
T0191,09:05,39.929876,32.85643
T0191,09:10,39.929838,32.856429
T0191,09:15,39.929851,32.856354
T0191,09:20,39.929858,32.856363
T0191,09:25,39.92984,32.856325
T0191,09:30,39.929882,32.856373
T0191,09:35,39.929856,32.856388
T0191,09:40,39.929865,32.856379
T0191,09:45,39.929935,32.856425
T0191,09:50,39.929967,32.856428
T0191,09:55,39.929955,32.856447
T0191,10:00,39.929929,32.856392
T0191,10:05,39.929951,32.856388
T0191,10:10,39.942433,32.861511
T0191,10:15,39.959866,32.868665
T0191,10:20,39.981299,32.877461
T0191,10:25,39.981347,32.877527
T0191,10:30,39.966795,32.888039
T0191,10:35,39.94982,32.903524
T0191,10:40,39.933095,32.914739
T0192,12:10,39.875066,32.909356
T0192,12:15,39.875066,32.909363
T0192,12:20,39.875107,32.909434
T0192,12:25,39.875063,32.909374
T0192,12:30,39.875067,32.909344
T0192,12:35,39.875079,32.909316
T0192,12:40,39.889068,32.908176
T0192,12:45,39.889043,32.908173
T0192,12:50,39.889038,32.90822
T0192,12:55,39.889032,32.908246
T0192,13:00,39.888999,32.908268
T0192,13:05,39.889031,32.908244
T0192,13:10,39.889071,32.908266
T0192,13:15,39.889967,32.932221
T0192,13:20,39.889958,32.932207
T0192,13:25,39.889943,32.932163
T0192,13:30,39.889981,32.932198
T0192,13:35,39.88996,32.932146
T0192,13:40,39.889971,32.932119
T0192,13:45,39.889977,32.932125
T0192,13:50,39.906422,32.923032
T0192,13:55,39.91887,32.9174
T0192,14:00,39.932656,32.908747
T0192,14:05,39.929821,32.89415
T0192,14:10,39.925382,32.871296
T0193,08:20,39.917627,32.85536
T0193,08:25,39.917633,32.855407
T0193,08:30,39.91762,32.855425
T0193,08:35,39.917659,32.855463
T0193,08:40,39.917641,32.855405
T0193,08:45,39.917639,32.855374
T0193,08:50,39.917648,32.855428
T0193,08:55,39.91767,32.855457
T0193,09:00,39.917684,32.85551
T0193,09:05,39.917684,32.855502
T0193,09:10,39.917708,32.855573
T0193,09:15,39.917679,32.855594
T0193,09:20,39.917635,32.855611
T0193,09:25,39.9176,32.855611
T0193,09:30,39.917624,32.855553
T0193,09:35,39.917652,32.855515
T0193,09:40,39.917655,32.855456
T0193,09:45,39.91104,32.859245
T0193,09:50,39.899627,32.865781
T0193,09:55,39.885613,32.873807
T0193,10:00,39.885661,32.873814
T0193,10:05,39.885659,32.87385
T0193,10:10,39.893768,32.85743
T0193,10:15,39.90099,32.84283
T0193,10:20,39.909392,32.828159
T0194,12:20,39.917305,32.928243
T0194,12:25,39.917318,32.928178
T0194,12:30,39.917319,32.928137
T0194,12:35,39.917304,32.928144
T0194,12:40,39.909003,32.944432
T0194,12:45,39.909001,32.944418
T0194,12:50,39.908955,32.944432
T0194,12:55,39.908927,32.944447
T0194,13:00,39.908892,32.944458
T0194,13:05,39.908884,32.944412
T0194,13:10,39.90891,32.94441
T0194,13:15,39.908893,32.944433
T0194,13:20,39.894841,32.931628
T0194,13:25,39.894882,32.931606
T0194,13:30,39.894863,32.93164
T0194,13:35,39.894848,32.931609
T0194,13:40,39.894852,32.931642
T0194,13:45,39.894865,32.931664
T0194,13:50,39.882791,32.908572
T0194,13:55,39.882816,32.908587
T0194,14:00,39.88277,32.908575
T0194,14:05,39.882766,32.908476
T0194,14:10,39.882839,32.908467
T0194,14:15,39.881587,32.883394
T0194,14:20,39.894678,32.873529
T0195,09:30,39.896913,32.884941
T0195,09:35,39.896923,32.884887
T0195,09:40,39.896941,32.884851
T0195,09:45,39.89699,32.88482
T0195,09:50,39.896944,32.884846
T0195,09:55,39.889995,32.911694
T0195,10:00,39.89006,32.911613
T0195,10:05,39.890056,32.911624
T0195,10:10,39.890038,32.9116
T0195,10:15,39.890033,32.911582
T0195,10:20,39.890011,32.911576
T0195,10:25,39.890003,32.911607
T0195,10:30,39.889995,32.911604
T0195,10:35,39.876572,32.925019
T0195,10:40,39.88065,32.918535
T0195,10:45,39.891143,32.901855
T0195,10:50,39.891118,32.901869
T0195,10:55,39.891105,32.901906
T0195,11:00,39.891106,32.90192
T0195,11:05,39.891122,32.901957
T0195,11:10,39.891131,32.90188
T0195,11:15,39.891113,32.901794
T0195,11:20,39.8911,32.901807
T0195,11:25,39.891084,32.901766
T0195,11:30,39.891112,32.901746
T0196,12:25,39.884597,32.859916
T0196,12:30,39.884616,32.859935
T0196,12:35,39.884641,32.859889
T0196,12:40,39.884646,32.859918
T0196,12:45,39.884635,32.859933
T0196,12:50,39.863051,32.869193
T0196,12:55,39.863026,32.869168
T0196,13:00,39.863069,32.869131
T0196,13:05,39.863052,32.869089
T0196,13:10,39.863048,32.869025
T0196,13:15,39.880686,32.88927
T0196,13:20,39.880679,32.889281
T0196,13:25,39.880643,32.889244
T0196,13:30,39.880676,32.889182
T0196,13:35,39.899209,32.896353
T0196,13:40,39.899187,32.896344
T0196,13:45,39.899162,32.896389
T0196,13:50,39.899121,32.896365
T0196,13:55,39.885849,32.91074
T0196,14:00,39.88586,32.91074
T0196,14:05,39.885865,32.910706
T0196,14:10,39.885851,32.910701
T0196,14:15,39.88584,32.910707
T0196,14:20,39.903539,32.90697
T0196,14:25,39.925681,32.90399
T0197,10:05,39.882933,32.842954
T0197,10:10,39.886256,32.830191
T0197,10:15,39.88629,32.830159
T0197,10:20,39.886298,32.830062
T0197,10:25,39.886297,32.83006
T0197,10:30,39.886277,32.830074
T0197,10:35,39.882879,32.843176
T0197,10:40,39.882148,32.85295
T0197,10:45,39.882143,32.85296
T0197,10:50,39.882183,32.853016
T0197,10:55,39.88219,32.853021
T0197,11:00,39.882227,32.853037
T0197,11:05,39.883605,32.839559
T0197,11:10,39.886737,32.829126
T0197,11:15,39.893049,32.817583
T0197,11:20,39.893015,32.817565
T0197,11:25,39.893059,32.817582
T0197,11:30,39.893037,32.817593
T0197,11:35,39.893038,32.817545
T0197,11:40,39.888124,32.825876
T0197,11:45,39.883907,32.838052
T0197,11:50,39.883871,32.83803
T0197,11:55,39.883885,32.837965
T0197,12:00,39.8877,32.826687
T0197,12:05,39.891984,32.818977
T0198,11:50,39.882453,32.804653
T0198,11:55,39.882469,32.804648
T0198,12:00,39.892548,32.813124
T0198,12:05,39.89257,32.813137
T0198,12:10,39.892609,32.813138
T0198,12:15,39.892618,32.813116
T0198,12:20,39.89263,32.813186
T0198,12:25,39.892618,32.813196
T0198,12:30,39.892594,32.81314
T0198,12:35,39.892663,32.813149
T0198,12:40,39.908097,32.812848
T0198,12:45,39.90814,32.812813
T0198,12:50,39.908135,32.81279
T0198,12:55,39.908124,32.812763
T0198,13:00,39.908127,32.812746
T0198,13:05,39.908099,32.812783
T0198,13:10,39.908095,32.812833
T0198,13:15,39.908164,32.81284
T0198,13:20,39.908174,32.81286
T0198,13:25,39.911903,32.823829
T0198,13:30,39.918842,32.84424
T0198,13:35,39.916992,32.860348
T0198,13:40,39.92917,32.854381
T0198,13:45,39.921024,32.843471
T0198,13:50,39.920243,32.834283
T0199,12:05,39.983038,32.836346
T0199,12:10,39.982226,32.822417
T0199,12:15,39.982255,32.822419
T0199,12:20,39.982204,32.822458
T0199,12:25,39.98217,32.822454
T0199,12:30,39.982216,32.822419
T0199,12:35,39.982285,32.822445
T0199,12:40,39.982299,32.822412
T0199,12:45,39.982317,32.822389
T0199,12:50,39.982311,32.822347
T0199,12:55,39.980577,32.811327
T0199,13:00,39.980567,32.811349
T0199,13:05,39.980526,32.811309
T0199,13:10,39.980568,32.811338
T0199,13:15,39.980588,32.81143
T0199,13:20,39.980597,32.811436
T0199,13:25,39.980595,32.811412
T0199,13:30,39.980589,32.811397
T0199,13:35,39.980565,32.811412
T0199,13:40,39.97398,32.80354
T0199,13:45,39.966465,32.794575
T0199,13:50,39.957249,32.785133
T0199,13:55,39.955354,32.788768
T0199,14:00,39.95053,32.798021
T0199,14:05,39.944321,32.809933
T0200,12:05,39.961014,32.860558
T0200,12:10,39.961022,32.860523
T0200,12:15,39.961095,32.860498
T0200,12:20,39.959317,32.840069
T0200,12:25,39.959292,32.840039
T0200,12:30,39.959259,32.840024
T0200,12:35,39.959259,32.840063
T0200,12:40,39.959223,32.840107
T0200,12:45,39.959187,32.84006
T0200,12:50,39.959151,32.840044
T0200,12:55,39.959156,32.840039
T0200,13:00,39.950223,32.824701
T0200,13:05,39.950181,32.824759
T0200,13:10,39.950173,32.824797
T0200,13:15,39.95016,32.824743
T0200,13:20,39.950165,32.824772
T0200,13:25,39.950207,32.824746
T0200,13:30,39.950186,32.824724
T0200,13:35,39.950205,32.824712
T0200,13:40,39.950242,32.824669
T0200,13:45,39.961263,32.812489
T0200,13:50,39.971883,32.798831
T0200,13:55,39.954394,32.78898
T0200,14:00,39.953205,32.79132
T0200,14:05,39.944339,32.808772
T0201,09:35,39.937607,32.917451
T0201,09:40,39.937583,32.917423
T0201,09:45,39.937641,32.917404
T0201,09:50,39.937671,32.917412
T0201,09:55,39.937651,32.917352
T0201,10:00,39.936199,32.938225
T0201,10:05,39.93621,32.938199
T0201,10:10,39.936197,32.938143
T0201,10:15,39.936179,32.938164
T0201,10:20,39.93617,32.938159
T0201,10:25,39.93499,32.916626
T0201,10:30,39.935012,32.916577
T0201,10:35,39.935011,32.916616
T0201,10:40,39.935014,32.916626
T0201,10:45,39.935042,32.916597
T0201,10:50,39.935006,32.916627
T0201,10:55,39.935003,32.91665
T0201,11:00,39.935046,32.916632
T0201,11:05,39.927956,32.903567
T0201,11:10,39.927952,32.903583
T0201,11:15,39.928002,32.903593
T0201,11:20,39.928007,32.903632
T0201,11:25,39.927992,32.903621
T0201,11:30,39.929686,32.887497
T0201,11:35,39.93119,32.868735
T0202,08:20,39.918616,32.858794
T0202,08:25,39.918624,32.858816
T0202,08:30,39.918652,32.858871
T0202,08:35,39.918636,32.858835
T0202,08:40,39.918632,32.858802
T0202,08:45,39.918662,32.858769
T0202,08:50,39.918658,32.858757
T0202,08:55,39.918688,32.858771
T0202,09:00,39.918679,32.858796
T0202,09:05,39.918659,32.858808
T0202,09:10,39.918642,32.858786
T0202,09:15,39.918644,32.85876
T0202,09:20,39.918638,32.858793
T0202,09:25,39.91869,32.858851
T0202,09:30,39.918671,32.858826
T0202,09:35,39.918659,32.858787
T0202,09:40,39.91862,32.858795
T0202,09:45,39.918604,32.8588
T0202,09:50,39.918567,32.858832
T0202,09:55,39.913471,32.867817
T0202,10:00,39.906506,32.880098
T0202,10:05,39.906476,32.880107
T0202,10:10,39.906798,32.864858
T0202,10:15,39.907637,32.846825
T0202,10:20,39.909117,32.828129
T0203,13:45,39.924242,32.841059
T0203,13:50,39.924287,32.841027
T0203,13:55,39.92432,32.840963
T0203,14:00,39.92433,32.841013
T0203,14:05,39.92432,32.841047
T0203,14:10,39.924334,32.841052
T0203,14:15,39.924356,32.841164
T0203,14:20,39.924359,32.841171
T0203,14:25,39.924369,32.841159
T0203,14:30,39.924383,32.841147
T0203,14:35,39.924391,32.841164
T0203,14:40,39.924437,32.841126
T0203,14:45,39.924485,32.84115
T0203,14:50,39.924457,32.841179
T0203,14:55,39.924464,32.841177
T0203,15:00,39.924461,32.841197
T0203,15:05,39.924447,32.841156
T0203,15:10,39.92447,32.841163
T0203,15:15,39.924474,32.841201
T0203,15:20,39.924481,32.841226
T0203,15:25,39.927342,32.828405
T0203,15:30,39.9316,32.809325
T0203,15:35,39.931613,32.809318
T0203,15:40,39.931615,32.809369
T0203,15:45,39.919216,32.792125
T0204,12:55,39.913093,32.854871
T0204,13:00,39.913071,32.854907
T0204,13:05,39.913027,32.854928
T0204,13:10,39.91301,32.855003
T0204,13:15,39.91306,32.854993
T0204,13:20,39.913108,32.854915
T0204,13:25,39.913071,32.85495
T0204,13:30,39.913085,32.85498
T0204,13:35,39.913102,32.854973
T0204,13:40,39.91307,32.854979
T0204,13:45,39.913088,32.854916
T0204,13:50,39.913056,32.85489
T0204,13:55,39.913066,32.85489
T0204,14:00,39.913049,32.854883
T0204,14:05,39.913091,32.854863
T0204,14:10,39.913132,32.854905
T0204,14:15,39.913123,32.854899
T0204,14:20,39.913112,32.854911
T0204,14:25,39.913073,32.854823
T0204,14:30,39.913044,32.854816
T0204,14:35,39.902095,32.857003
T0204,14:40,39.892162,32.858986
T0204,14:45,39.881762,32.861063
T0204,14:50,39.88172,32.861053
T0204,14:55,39.873126,32.852286
T0205,09:10,39.868606,32.862961
T0205,09:15,39.868593,32.862977
T0205,09:20,39.86864,32.86301
T0205,09:25,39.868586,32.863093
T0205,09:30,39.868605,32.863124
T0205,09:35,39.868611,32.863067
T0205,09:40,39.868623,32.863097
T0205,09:45,39.868599,32.86309
T0205,09:50,39.852282,32.865757
T0205,09:55,39.852317,32.86574
T0205,10:00,39.852291,32.865719
T0205,10:05,39.852294,32.865685
T0205,10:10,39.852297,32.865593
T0205,10:15,39.852344,32.865595
T0205,10:20,39.852314,32.865559
T0205,10:25,39.852289,32.865512
T0205,10:30,39.852289,32.865498
T0205,10:35,39.869723,32.859822
T0205,10:40,39.888395,32.85231
T0205,10:45,39.888392,32.852282
T0205,10:50,39.888344,32.85233
T0205,10:55,39.888354,32.852306
T0205,11:00,39.899601,32.841039
T0205,11:05,39.914143,32.826346
T0205,11:10,39.927406,32.812532
T0206,13:05,39.944954,32.923056
T0206,13:10,39.952096,32.917604
T0206,13:15,39.952091,32.917633
T0206,13:20,39.952131,32.917653
T0206,13:25,39.952144,32.917678
T0206,13:30,39.951978,32.903536
T0206,13:35,39.952001,32.903532
T0206,13:40,39.951979,32.903538
T0206,13:45,39.951961,32.90349
T0206,13:50,39.95203,32.903467
T0206,13:55,39.952013,32.903532
T0206,14:00,39.947466,32.889063
T0206,14:05,39.947406,32.889118
T0206,14:10,39.947398,32.889146
T0206,14:15,39.947426,32.889089
T0206,14:20,39.947397,32.889092
T0206,14:25,39.94738,32.889052
T0206,14:30,39.943893,32.879235
T0206,14:35,39.939204,32.868273
T0206,14:40,39.939252,32.868288
T0206,14:45,39.939265,32.868276
T0206,14:50,39.939291,32.868232
T0206,14:55,39.937914,32.852676
T0206,15:00,39.935915,32.839373
T0206,15:05,39.934108,32.826626
T0207,11:45,39.885822,32.778096
T0207,11:50,39.895646,32.781604
T0207,11:55,39.895652,32.781615
T0207,12:00,39.895647,32.781587
T0207,12:05,39.895577,32.781606
T0207,12:10,39.895572,32.781648
T0207,12:15,39.895589,32.781658
T0207,12:20,39.895555,32.781617
T0207,12:25,39.892674,32.77316
T0207,12:30,39.892674,32.773166
T0207,12:35,39.89272,32.773157
T0207,12:40,39.892747,32.773146
T0207,12:45,39.89295,32.784674
T0207,12:50,39.892964,32.784699
T0207,12:55,39.893014,32.78467
T0207,13:00,39.892992,32.784689
T0207,13:05,39.888482,32.777072
T0207,13:10,39.89556,32.77949
T0207,13:15,39.895504,32.779525
T0207,13:20,39.895425,32.779481
T0207,13:25,39.895482,32.779446
T0207,13:30,39.895507,32.779508
T0207,13:35,39.902023,32.788947
T0207,13:40,39.908053,32.797493
T0207,13:45,39.913018,32.804288
T0208,13:05,39.930358,32.859336
T0208,13:10,39.930384,32.859327
T0208,13:15,39.930396,32.859333
T0208,13:20,39.93038,32.859313
T0208,13:25,39.930351,32.859283
T0208,13:30,39.930356,32.85928
T0208,13:35,39.930375,32.859249
T0208,13:40,39.93037,32.859293
T0208,13:45,39.930352,32.859281
T0208,13:50,39.930302,32.85925
T0208,13:55,39.930331,32.859285
T0208,14:00,39.930339,32.859261
T0208,14:05,39.930325,32.859275
T0208,14:10,39.930326,32.859264
T0208,14:15,39.930305,32.85927
T0208,14:20,39.93031,32.85922
T0208,14:25,39.9303,32.859201
T0208,14:30,39.930255,32.859247
T0208,14:35,39.93341,32.861566
T0208,14:40,39.950232,32.873933
T0208,14:45,39.963559,32.883731
T0208,14:50,39.963538,32.883635
T0208,14:55,39.951611,32.864902
T0208,15:00,39.942879,32.846683
T0208,15:05,39.934813,32.826381
T0209,08:45,39.881404,32.80237
T0209,08:50,39.869556,32.814887
T0209,08:55,39.869521,32.81484
T0209,09:00,39.869477,32.814848
T0209,09:05,39.869427,32.814868
T0209,09:10,39.86942,32.814869
T0209,09:15,39.869396,32.814866
T0209,09:20,39.869425,32.814898
T0209,09:25,39.869474,32.814873
T0209,09:30,39.865798,32.828505
T0209,09:35,39.862212,32.845249
T0209,09:40,39.86504,32.845619
T0209,09:45,39.880526,32.847648
T0209,09:50,39.892877,32.849266
T0209,09:55,39.906508,32.851051
T0209,10:00,39.906527,32.851056
T0209,10:05,39.906559,32.851099
T0209,10:10,39.906554,32.851116
T0209,10:15,39.906583,32.851118
T0209,10:20,39.90658,32.851124
T0209,10:25,39.906562,32.851064
T0209,10:30,39.906586,32.851071
T0209,10:35,39.906596,32.851053
T0209,10:40,39.906601,32.851053
T0209,10:45,39.90663,32.851056
T0210,13:25,39.887793,32.889699
T0210,13:30,39.887783,32.889685
T0210,13:35,39.887777,32.889661
T0210,13:40,39.887819,32.889621
T0210,13:45,39.887881,32.889597
T0210,13:50,39.887866,32.889579
T0210,13:55,39.887862,32.889579
T0210,14:00,39.8731,32.912988
T0210,14:05,39.873101,32.913052
T0210,14:10,39.873085,32.91305
T0210,14:15,39.873066,32.913048
T0210,14:20,39.873067,32.913
T0210,14:25,39.873077,32.913001
T0210,14:30,39.873064,32.913024
T0210,14:35,39.866065,32.892081
T0210,14:40,39.866049,32.892119
T0210,14:45,39.866069,32.892147
T0210,14:50,39.866079,32.89218
T0210,14:55,39.866094,32.892212
T0210,15:00,39.866104,32.892223
T0210,15:05,39.866083,32.89222
T0210,15:10,39.86604,32.892228
T0210,15:15,39.86658,32.865851
T0210,15:20,39.865828,32.842164
T0210,15:25,39.881729,32.845257
T0211,12:35,39.920073,32.864985
T0211,12:40,39.920098,32.864989
T0211,12:45,39.920104,32.865026
T0211,12:50,39.920168,32.865125
T0211,12:55,39.920128,32.865167
T0211,13:00,39.92014,32.865187
T0211,13:05,39.920156,32.865228
T0211,13:10,39.920184,32.865273
T0211,13:15,39.920171,32.86526
T0211,13:20,39.920218,32.865279
T0211,13:25,39.920215,32.865353
T0211,13:30,39.920193,32.865271
T0211,13:35,39.920202,32.86529
T0211,13:40,39.920226,32.865246
T0211,13:45,39.920191,32.8652
T0211,13:50,39.920188,32.865266
T0211,13:55,39.920176,32.865255
T0211,14:00,39.920172,32.86523
T0211,14:05,39.918796,32.875275
T0211,14:10,39.915965,32.895928
T0211,14:15,39.912921,32.918142
T0211,14:20,39.912905,32.91816
T0211,14:25,39.926959,32.912068
T0211,14:30,39.939717,32.907516
T0211,14:35,39.952518,32.902739
T0212,12:00,39.907454,32.908218
T0212,12:05,39.907424,32.908221
T0212,12:10,39.907389,32.908237
T0212,12:15,39.907435,32.908253
T0212,12:20,39.907443,32.90823
T0212,12:25,39.90747,32.908236
T0212,12:30,39.922137,32.90385
T0212,12:35,39.922144,32.90388
T0212,12:40,39.92215,32.903872
T0212,12:45,39.922137,32.903909
T0212,12:50,39.922123,32.903939
T0212,12:55,39.927139,32.889996
T0212,13:00,39.927146,32.890025
T0212,13:05,39.927202,32.889968
T0212,13:10,39.927196,32.889988
T0212,13:15,39.927229,32.889935
T0212,13:20,39.927264,32.889953
T0212,13:25,39.937981,32.883301
T0212,13:30,39.948216,32.876866
T0212,13:35,39.948231,32.876777
T0212,13:40,39.948245,32.876799
T0212,13:45,39.948223,32.876801
T0212,13:50,39.948221,32.876783
T0212,13:55,39.954449,32.862365
T0212,14:00,39.961151,32.84721
T0213,12:55,39.873273,32.834957
T0213,13:00,39.863253,32.815131
T0213,13:05,39.863268,32.815143
T0213,13:10,39.863236,32.81517
T0213,13:15,39.863186,32.815176
T0213,13:20,39.863163,32.815164
T0213,13:25,39.863122,32.815145
T0213,13:30,39.863139,32.815134
T0213,13:35,39.875167,32.836056
T0213,13:40,39.875204,32.836076
T0213,13:45,39.875155,32.836045
T0213,13:50,39.875153,32.83599
T0213,13:55,39.875151,32.836
T0213,14:00,39.87516,32.835997
T0213,14:05,39.875143,32.836052
T0213,14:10,39.875142,32.836078
T0213,14:15,39.853437,32.832095
T0213,14:20,39.853484,32.832103
T0213,14:25,39.853468,32.83211
T0213,14:30,39.853472,32.832111
T0213,14:35,39.853441,32.832101
T0213,14:40,39.853401,32.83211
T0213,14:45,39.85556,32.851893
T0213,14:50,39.856584,32.851911
T0213,14:55,39.873223,32.852204
T0214,13:00,39.932007,32.930741
T0214,13:05,39.931576,32.942865
T0214,13:10,39.931593,32.94287
T0214,13:15,39.931636,32.942888
T0214,13:20,39.931625,32.942952
T0214,13:25,39.931626,32.943
T0214,13:30,39.931586,32.942991
T0214,13:35,39.931577,32.943035
T0214,13:40,39.940138,32.933226
T0214,13:45,39.940111,32.933184
T0214,13:50,39.940105,32.93322
T0214,13:55,39.940115,32.93318
T0214,14:00,39.940096,32.93322
T0214,14:05,39.940062,32.933181
T0214,14:10,39.940033,32.933119
T0214,14:15,39.94003,32.933135
T0214,14:20,39.940035,32.933128
T0214,14:25,39.938339,32.919841
T0214,14:30,39.937958,32.907396
T0214,14:35,39.937999,32.907362
T0214,14:40,39.937957,32.907396
T0214,14:45,39.937996,32.907319
T0214,14:50,39.938032,32.907315
T0214,14:55,39.94107,32.893174
T0214,15:00,39.943261,32.881882
T0215,12:05,39.893962,32.913519
T0215,12:10,39.893954,32.91356
T0215,12:15,39.886057,32.890963
T0215,12:20,39.886028,32.890992
T0215,12:25,39.886038,32.890949
T0215,12:30,39.886031,32.890964
T0215,12:35,39.886009,32.89096
T0215,12:40,39.886015,32.890888
T0215,12:45,39.886058,32.890888
T0215,12:50,39.889896,32.866205
T0215,12:55,39.889871,32.866182
T0215,13:00,39.889882,32.866128
T0215,13:05,39.889883,32.866128
T0215,13:10,39.88982,32.866091
T0215,13:15,39.889824,32.866113
T0215,13:20,39.889808,32.866121
T0215,13:25,39.889803,32.866091
T0215,13:30,39.88981,32.866121
T0215,13:35,39.90653,32.855597
T0215,13:40,39.906575,32.855567
T0215,13:45,39.906616,32.855544
T0215,13:50,39.90665,32.855562
T0215,13:55,39.918021,32.841141
T0215,14:00,39.929233,32.826889
T0215,14:05,39.943752,32.807745
T0216,13:50,39.97007,32.875112
T0216,13:55,39.970052,32.875141
T0216,14:00,39.970044,32.875152
T0216,14:05,39.970048,32.875056
T0216,14:10,39.970089,32.87503
T0216,14:15,39.970099,32.875008
T0216,14:20,39.970122,32.875025
T0216,14:25,39.970107,32.874986
T0216,14:30,39.970095,32.87494
T0216,14:35,39.957075,32.854276
T0216,14:40,39.957072,32.85431
T0216,14:45,39.957151,32.854348
T0216,14:50,39.957142,32.85435
T0216,14:55,39.957128,32.854332
T0216,15:00,39.947327,32.834917
T0216,15:05,39.947304,32.834894
T0216,15:10,39.947293,32.83486
T0216,15:15,39.947297,32.834881
T0216,15:20,39.947288,32.834827
T0216,15:25,39.947269,32.834795
T0216,15:30,39.966881,32.830229
T0216,15:35,39.988643,32.823428
T0216,15:40,39.981673,32.804129
T0216,15:45,39.975299,32.809341
T0216,15:50,39.961374,32.820729
T0217,12:05,39.97825,32.899303
T0217,12:10,39.975546,32.878454
T0217,12:15,39.975558,32.878484
T0217,12:20,39.975532,32.878529
T0217,12:25,39.975544,32.878525
T0217,12:30,39.975556,32.878498
T0217,12:35,39.97557,32.878504
T0217,12:40,39.97561,32.878519
T0217,12:45,39.985641,32.88621
T0217,12:50,39.985592,32.886224
T0217,12:55,39.98561,32.886227
T0217,13:00,39.985634,32.886215
T0217,13:05,39.985602,32.886244
T0217,13:10,39.98558,32.886262
T0217,13:15,39.985609,32.886233
T0217,13:20,39.985561,32.886272
T0217,13:25,39.978549,32.870394
T0217,13:30,39.971201,32.852616
T0217,13:35,39.96494,32.834727
T0217,13:40,39.964949,32.834661
T0217,13:45,39.964968,32.83472
T0217,13:50,39.96497,32.834666
T0217,13:55,39.964955,32.83463
T0217,14:00,39.955682,32.824059
T0217,14:05,39.944465,32.809301
T0218,08:45,39.907056,32.850241
T0218,08:50,39.907075,32.850246
T0218,08:55,39.907081,32.850221
T0218,09:00,39.907122,32.850292
T0218,09:05,39.907151,32.85024
T0218,09:10,39.907174,32.850177
T0218,09:15,39.907188,32.850197
T0218,09:20,39.907222,32.850274
T0218,09:25,39.907216,32.850283
T0218,09:30,39.907228,32.850311
T0218,09:35,39.907216,32.850313
T0218,09:40,39.90724,32.85032
T0218,09:45,39.907237,32.85026
T0218,09:50,39.907268,32.850308
T0218,09:55,39.90724,32.850288
T0218,10:00,39.907253,32.850287
T0218,10:05,39.907245,32.850302
T0218,10:10,39.907263,32.85042
T0218,10:15,39.90727,32.850446
T0218,10:20,39.907286,32.850457
T0218,10:25,39.907237,32.85048
T0218,10:30,39.907198,32.850499
T0218,10:35,39.907191,32.850464
T0218,10:40,39.907123,32.850531
T0218,10:45,39.907088,32.850511
T0219,09:15,39.945941,32.806555
T0219,09:20,39.945934,32.806546
T0219,09:25,39.935461,32.831825
T0219,09:30,39.935443,32.831814
T0219,09:35,39.935426,32.831789
T0219,09:40,39.935438,32.831766
T0219,09:45,39.935458,32.831751
T0219,09:50,39.92422,32.860532
T0219,09:55,39.924211,32.860529
T0219,10:00,39.924187,32.860444
T0219,10:05,39.924189,32.860498
T0219,10:10,39.924189,32.860553
T0219,10:15,39.924142,32.860511
T0219,10:20,39.924142,32.860531
T0219,10:25,39.924142,32.86048
T0219,10:30,39.924121,32.860434
T0219,10:35,39.933714,32.840709
T0219,10:40,39.942914,32.817518
T0219,10:45,39.954466,32.791102
T0219,10:50,39.954502,32.791154
T0219,10:55,39.954506,32.791203
T0219,11:00,39.954503,32.791203
T0219,11:05,39.954482,32.791228
T0219,11:10,39.941509,32.806359
T0219,11:15,39.924746,32.823441
T0220,12:15,39.887715,32.88052
T0220,12:20,39.887711,32.880563
T0220,12:25,39.887741,32.880519
T0220,12:30,39.887744,32.88056
T0220,12:35,39.887744,32.880595
T0220,12:40,39.887763,32.880575
T0220,12:45,39.887779,32.880607
T0220,12:50,39.887791,32.880636
T0220,12:55,39.88777,32.880632
T0220,13:00,39.887785,32.880647
T0220,13:05,39.887834,32.880626
T0220,13:10,39.887805,32.8807
T0220,13:15,39.887783,32.880658
T0220,13:20,39.887773,32.88069
T0220,13:25,39.887707,32.880708
T0220,13:30,39.887737,32.880745
T0220,13:35,39.887654,32.88072
T0220,13:40,39.887601,32.880667
T0220,13:45,39.887592,32.880616
T0220,13:50,39.887592,32.880611
T0220,13:55,39.887555,32.880561
T0220,14:00,39.887566,32.88055
T0220,14:05,39.887582,32.880637
T0220,14:10,39.887638,32.880675
T0220,14:15,39.887612,32.880671
T0221,12:20,39.914044,32.851933
T0221,12:25,39.914026,32.851944
T0221,12:30,39.91397,32.851914
T0221,12:35,39.913966,32.851951
T0221,12:40,39.913937,32.851928
T0221,12:45,39.913963,32.85196
T0221,12:50,39.913961,32.851977
T0221,12:55,39.914008,32.851946
T0221,13:00,39.914005,32.851971
T0221,13:05,39.913996,32.852038
T0221,13:10,39.914008,32.851995
T0221,13:15,39.913956,32.851949
T0221,13:20,39.913948,32.851933
T0221,13:25,39.913969,32.851964
T0221,13:30,39.913964,32.851992
T0221,13:35,39.91395,32.851971
T0221,13:40,39.913979,32.851914
T0221,13:45,39.913946,32.851847
T0221,13:50,39.909525,32.851168
T0221,13:55,39.898075,32.849409
T0221,14:00,39.88876,32.847978
T0221,14:05,39.888746,32.847978
T0221,14:10,39.888748,32.848046
T0221,14:15,39.892312,32.861041
T0221,14:20,39.894645,32.873321
T0222,12:25,39.96273,32.876233
T0222,12:30,39.962738,32.876302
T0222,12:35,39.962705,32.876339
T0222,12:40,39.962673,32.876333
T0222,12:45,39.962691,32.876349
T0222,12:50,39.96267,32.876339
T0222,12:55,39.954372,32.892058
T0222,13:00,39.954347,32.892056
T0222,13:05,39.954327,32.892078
T0222,13:10,39.95431,32.892088
T0222,13:15,39.954279,32.892076
T0222,13:20,39.95425,32.892122
T0222,13:25,39.954246,32.892099
T0222,13:30,39.954231,32.892101
T0222,13:35,39.944502,32.904719
T0222,13:40,39.944457,32.90469
T0222,13:45,39.944426,32.904685
T0222,13:50,39.944439,32.904736
T0222,13:55,39.955263,32.90887
T0222,14:00,39.968903,32.914051
T0222,14:05,39.954897,32.904062
T0222,14:10,39.954912,32.904013
T0222,14:15,39.954928,32.904031
T0222,14:20,39.939584,32.904646
T0222,14:25,39.925641,32.903917
T0223,09:10,39.928385,32.811688
T0223,09:15,39.92834,32.811687
T0223,09:20,39.928359,32.81166
T0223,09:25,39.928328,32.811678
T0223,09:30,39.928344,32.811687
T0223,09:35,39.928344,32.811725
T0223,09:40,39.928363,32.811752
T0223,09:45,39.92833,32.811783
T0223,09:50,39.928312,32.811824
T0223,09:55,39.92832,32.811837
T0223,10:00,39.928297,32.81184
T0223,10:05,39.928315,32.811881
T0223,10:10,39.928341,32.811871
T0223,10:15,39.928353,32.811846
T0223,10:20,39.928388,32.811814
T0223,10:25,39.928465,32.811835
T0223,10:30,39.928455,32.811784
T0223,10:35,39.928511,32.811833
T0223,10:40,39.928506,32.811845
T0223,10:45,39.928488,32.811876
T0223,10:50,39.928498,32.811882
T0223,10:55,39.928528,32.811872
T0223,11:00,39.928518,32.811835
T0223,11:05,39.928494,32.81189
T0223,11:10,39.928498,32.811946
T0224,08:40,39.975024,32.875396
T0224,08:45,39.975042,32.875423
T0224,08:50,39.975059,32.875432
T0224,08:55,39.975035,32.875466
T0224,09:00,39.959705,32.887419
T0224,09:05,39.959688,32.887417
T0224,09:10,39.959684,32.887418
T0224,09:15,39.959755,32.887391
T0224,09:20,39.959778,32.887424
T0224,09:25,39.959759,32.887436
T0224,09:30,39.959762,32.887337
T0224,09:35,39.959743,32.887363
T0224,09:40,39.946042,32.896905
T0224,09:45,39.946034,32.896891
T0224,09:50,39.946004,32.896875
T0224,09:55,39.94603,32.896833
T0224,10:00,39.946063,32.896814
T0224,10:05,39.946085,32.896856
T0224,10:10,39.946076,32.896877
T0224,10:15,39.954482,32.912576
T0224,10:20,39.961999,32.925919
T0224,10:25,39.962,32.925935
T0224,10:30,39.961998,32.925956
T0224,10:35,39.948392,32.920486
T0224,10:40,39.933268,32.915569
T0225,11:20,39.856433,32.834503
T0225,11:25,39.856409,32.834488
T0225,11:30,39.85642,32.834471
T0225,11:35,39.856401,32.834486
T0225,11:40,39.856463,32.834479
T0225,11:45,39.856466,32.834534
T0225,11:50,39.865486,32.847405
T0225,11:55,39.865485,32.847405
T0225,12:00,39.865457,32.847454
T0225,12:05,39.865445,32.847429
T0225,12:10,39.865411,32.847391
T0225,12:15,39.865383,32.847488
T0225,12:20,39.865354,32.847496
T0225,12:25,39.865356,32.847513
T0225,12:30,39.865334,32.84757
T0225,12:35,39.878754,32.836883
T0225,12:40,39.890646,32.829589
T0225,12:45,39.902831,32.821538
T0225,12:50,39.902793,32.821562
T0225,12:55,39.902831,32.821501
T0225,13:00,39.902816,32.821478
T0225,13:05,39.902824,32.82148
T0225,13:10,39.916139,32.824332
T0225,13:15,39.930218,32.826608
T0225,13:20,39.94712,32.829591
T0226,08:15,39.929169,32.936257
T0226,08:20,39.933789,32.925345
T0226,08:25,39.93376,32.925354
T0226,08:30,39.933751,32.925384
T0226,08:35,39.933758,32.925462
T0226,08:40,39.938128,32.937362
T0226,08:45,39.938108,32.937344
T0226,08:50,39.938123,32.937428
T0226,08:55,39.938131,32.937381
T0226,09:00,39.938116,32.93739
T0226,09:05,39.938137,32.937316
T0226,09:10,39.938141,32.937339
T0226,09:15,39.938161,32.93733
T0226,09:20,39.928766,32.930741
T0226,09:25,39.928768,32.930705
T0226,09:30,39.928752,32.930707
T0226,09:35,39.928787,32.930717
T0226,09:40,39.928757,32.930783
T0226,09:45,39.928764,32.930725
T0226,09:50,39.928768,32.930728
T0226,09:55,39.930108,32.94581
T0226,10:00,39.919786,32.940618
T0226,10:05,39.92014,32.925521
T0226,10:10,39.920536,32.908655
T0226,10:15,39.920829,32.896165
